image_id	class_id	x_center	y_center	width	height	confidence
000003_jpg.rf.8511b9c219dbf9799a6d58900b15917d.jpg	7	0.502345264	0.481598914	0.453513831	0.622009814	0.940088391
000006_jpg.rf.89610ec419ccfab22f8314026b90ee26.jpg	7	0.378337353	0.165412396	0.271749675	0.33069405	0.955120862
000006_jpg.rf.89610ec419ccfab22f8314026b90ee26.jpg	9	0.376833707	0.541621804	0.039536294	0.05815389	0.001383371
00000_00000_00003_png.rf.d18afc3c9625ffb1974029d3e3762aee.jpg	6	0.523607612	0.508310854	0.576512873	0.581606567	0.914349496
00000_00000_00005_png.rf.ab60a274676963d378f5014e89d9e2b1.jpg	6	0.534011126	0.529655635	0.615214467	0.619002163	0.921945632
00000_00000_00006_png.rf.9d1ea68507aff6973a1dbcdc6f4422a8.jpg	6	0.535377443	0.550180435	0.60480082	0.594267845	0.931820631
00000_00000_00008_png.rf.ff305dcd6e9ceb9188937311a4a1b207.jpg	6	0.510511398	0.512147188	0.650337994	0.638311863	0.935948908
00000_00000_00013_png.rf.9076cbfc7f7811fa22547539a7e7ac02.jpg	6	0.535389483	0.499152213	0.700847089	0.712820828	0.940356255
00000_00000_00017_png.rf.6c2381a6a103a041f23159fbd44868ed.jpg	6	0.53463465	0.52422756	0.750258923	0.740598798	0.973222315
00000_00000_00021_png.rf.0803f8eb5b4566c44100cfef9d0bfa8e.jpg	6	0.529410779	0.536751449	0.784488618	0.792108357	0.966735303
00000_00000_00024_png.rf.8b21eb79678eed47df52a9ab4319bc08.jpg	6	0.509149611	0.505170703	0.817058682	0.818609774	0.966674626
00000_00001_00008_png.rf.936b0185c3b9131c96d42d60a5da1abb.jpg	6	0.537121654	0.53493613	0.598808944	0.611463368	0.918935239
00000_00001_00013_png.rf.c2367f9d1b377597b2cc3706b70fa818.jpg	6	0.521135509	0.528757274	0.644476116	0.654330432	0.923252523
00000_00001_00016_png.rf.2818a0160369aa9d2465007de479d6d3.jpg	6	0.522706687	0.51284647	0.645962536	0.658075213	0.921163559
00000_00001_00016_png.rf.2818a0160369aa9d2465007de479d6d3.jpg	6	0.803418756	0.751113057	0.393162549	0.497190505	0.001611872
00000_00001_00020_png.rf.4fc3ed0f124f480c5152a541fff2dbf7.jpg	6	0.537028968	0.501662612	0.684700191	0.717208683	0.924755692
00000_00001_00020_png.rf.af293e6651965d897c75935cf2084f7d.jpg	6	0.537028968	0.501662612	0.684700191	0.717208683	0.924755692
00000_00001_00021_png.rf.beb4a4004ddd09e998abac6f77de0322.jpg	6	0.529636502	0.51243937	0.700814068	0.73643589	0.94999814
00000_00002_00012_png.rf.d345a307460a0fa32e159261cffa0e88.jpg	6	0.516202748	0.517837048	0.603976667	0.62826848	0.927180886
00000_00002_00012_png.rf.d345a307460a0fa32e159261cffa0e88.jpg	1	0.587060452	0.014535991	0.044891834	0.028882997	0.001485628
00000_00002_00015_png.rf.9c6647dad127ad8ea26b08ef5e31f15f.jpg	6	0.531735182	0.520562828	0.680521846	0.675905406	0.949343503
00000_00002_00015_png.rf.9c6647dad127ad8ea26b08ef5e31f15f.jpg	1	0.014186206	0.029367959	0.027320033	0.058735918	0.005138392
00000_00002_00026_png.rf.092c69361ef48fd43b479aa48fc829d9.jpg	6	0.502089024	0.503627956	0.789844513	0.781625569	0.970598817
00000_00003_00003_png.rf.cb1242e3f504fdf75084201d1d568a93.jpg	6	0.536020875	0.559854448	0.566863239	0.546142399	0.92530942
00000_00003_00005_png.rf.91e4d86cd4241911356889c94ae3f5ee.jpg	6	0.53171438	0.535323143	0.555516899	0.571955502	0.89648813
00000_00003_00005_png.rf.91e4d86cd4241911356889c94ae3f5ee.jpg	0	0.255740345	0.025693698	0.354818434	0.051387396	0.001377804
00000_00003_00011_png.rf.7d5f2a85458f70654be03f2a2cd47c06.jpg	6	0.535016358	0.518819332	0.614067256	0.632768095	0.939277887
00000_00003_00015_png.rf.a18e8c7a509b0f5f98fe6221bac9aee4.jpg	6	0.535719633	0.538172424	0.68554008	0.699436367	0.933682621
00000_00003_00015_png.rf.a18e8c7a509b0f5f98fe6221bac9aee4.jpg	0	0.756471813	0.024069889	0.476153582	0.048139777	0.003910791
00000_00003_00015_png.rf.a18e8c7a509b0f5f98fe6221bac9aee4.jpg	0	0.627069473	0.028218582	0.650189281	0.056437165	0.001041489
00000_00003_00017_png.rf.cb107aac6c3f74cfb122de76625c4abc.jpg	6	0.507842362	0.516428471	0.728982568	0.700387776	0.946449816
00000_00003_00019_png.rf.d5f22619ed92e72b6d2ed7150b2db7c3.jpg	6	0.520915389	0.513963521	0.722459078	0.72143954	0.942038953
00000_00004_00027_png.rf.339c3f63582ed2785e9d0740821e561e.jpg	6	0.515616417	0.52063179	0.8152439	0.809390008	0.972107232
00000_00005_00000_png.rf.4b0a9b1409c4ee2cc880aa6e173d5e0e.jpg	6	0.525993466	0.51772958	0.557778835	0.566117287	0.902800679
00000_00005_00000_png.rf.4b0a9b1409c4ee2cc880aa6e173d5e0e.jpg	6	0.528709114	0.102017149	0.685086191	0.204034299	0.011813905
00000_00005_00003_png.rf.df858754a637fecb106924e9bc47a832.jpg	6	0.562532425	0.528635919	0.537870705	0.586006641	0.904444396
00000_00005_00003_png.rf.df858754a637fecb106924e9bc47a832.jpg	6	0.549132943	0.098718315	0.650265157	0.197436631	0.001461072
00000_00005_00009_png.rf.318081408daa3bd6bd66422e94bd3dca.jpg	6	0.537788391	0.522767842	0.607222736	0.618807614	0.925421059
00000_00005_00016_png.rf.80996367c51768326648d4c53f8a1e63.jpg	6	0.521168232	0.488417983	0.649712384	0.693191946	0.928696394
00000_00005_00025_png.rf.f6c63209955abab1fc2ea39248553192.jpg	6	0.51907742	0.500393927	0.763822794	0.816389024	0.953609943
00000_00005_00025_png.rf.f6c63209955abab1fc2ea39248553192.jpg	1	0.179535672	0.99177438	0.015972946	0.01542781	0.001483524
00000_00005_00027_png.rf.397ea37e7f1f7c3029ef77da37b4d73a.jpg	6	0.499404877	0.499554664	0.800027966	0.816958845	0.976776004
00000_00006_00000_png.rf.89204de3eb332a0f1dfbdbfeed2c4f19.jpg	6	0.495141238	0.550161242	0.457580209	0.575544178	0.364247973
00000_00006_00004_png.rf.f3eaa594302a3387574994936ac8af80.jpg	6	0.496999979	0.513800621	0.568974316	0.6042853	0.888601959
00000_00006_00009_png.rf.69ada07a494f34af78f9cbb977bb1fe7.jpg	6	0.522123158	0.529663384	0.660066187	0.640285313	0.925740838
00000_00006_00009_png.rf.abb45158e58a911f6eb8f4784f718205.jpg	6	0.522123158	0.529663384	0.660066187	0.640285313	0.925740838
00000_00006_00014_png.rf.c18a9a99443ea933a462c18e7d9cc035.jpg	6	0.513731837	0.489975542	0.698200166	0.681894541	0.945334613
00000_00006_00021_png.rf.ceba1690308218617be309fd8dd38971.jpg	6	0.52502954	0.514672756	0.753480911	0.720867038	0.965965569
00000_00006_00021_png.rf.ceba1690308218617be309fd8dd38971.jpg	14	0.728411615	0.073754691	0.482403189	0.147509381	0.001240925
00000_00006_00022_png.rf.8a9524bcedd0aa85d431b5314bdaf179.jpg	6	0.510536492	0.516334236	0.758170545	0.733849287	0.956062257
00000_00006_00022_png.rf.ac6d1330d86c61ae4067afdd3a258ab3.jpg	6	0.510536492	0.516334236	0.758170545	0.733849287	0.956062257
000012_jpg.rf.a2e9009c1ca91c2272045589701123f0.jpg	7	0.497850001	0.327424765	0.797607899	0.365725249	0.929703653
000015_jpg.rf.1c60d15418d0291507def26c241ed27e.jpg	7	0.255106479	0.371061414	0.397616148	0.467335612	0.952954829
000015_jpg.rf.1c60d15418d0291507def26c241ed27e.jpg	8	0.598658085	0.008123855	0.028533386	0.01624771	0.009356443
000015_jpg.rf.1c60d15418d0291507def26c241ed27e.jpg	0	0.626794338	0.007086209	0.108152136	0.014172418	0.007306581
000015_jpg.rf.1c60d15418d0291507def26c241ed27e.jpg	0	0.558643639	0.008449333	0.032935143	0.015338779	0.004678353
000015_jpg.rf.1c60d15418d0291507def26c241ed27e.jpg	8	0.58073777	0.009266841	0.036017824	0.018533682	0.002410348
000015_jpg.rf.1c60d15418d0291507def26c241ed27e.jpg	0	0.598577797	0.025079461	0.032339171	0.022766395	0.002045772
000015_jpg.rf.1c60d15418d0291507def26c241ed27e.jpg	0	0.560558736	0.012533867	0.035658836	0.020249285	0.002014242
000015_jpg.rf.1c60d15418d0291507def26c241ed27e.jpg	8	0.57722038	0.01167303	0.023609161	0.020544628	0.001529064
000015_jpg.rf.1c60d15418d0291507def26c241ed27e.jpg	10	0.341026753	0.872553766	0.013575188	0.037557237	0.001036721
00001_00006_00004_png.rf.d10a2232f001894c293a3899de728cad.jpg	7	0.523035169	0.529132783	0.739994645	0.758635759	0.952135086
00001_00006_00026_png.rf.49d271a1ad59fd8fc3022b9d27fd55e2.jpg	7	0.500619709	0.502111912	0.793586195	0.831177771	0.961260736
00001_00006_00026_png.rf.49d271a1ad59fd8fc3022b9d27fd55e2.jpg	1	0.254728734	0.887517452	0.03963986	0.02963433	0.002158644
00001_00006_00026_png.rf.49d271a1ad59fd8fc3022b9d27fd55e2.jpg	1	0.250093281	0.894800246	0.038627811	0.037185669	0.001463536
00001_00006_00026_png.rf.49d271a1ad59fd8fc3022b9d27fd55e2.jpg	1	0.148582801	0.973603189	0.043605227	0.05251804	0.001433497
00001_00006_00026_png.rf.49d271a1ad59fd8fc3022b9d27fd55e2.jpg	1	0.25217095	0.87878567	0.039744653	0.027650468	0.00110767
00001_00010_00003_png.rf.7aafa0add84d32dae0f70c72f29be839.jpg	7	0.525670886	0.565193772	0.526071846	0.54018116	0.962529004
00001_00010_00003_png.rf.7aafa0add84d32dae0f70c72f29be839.jpg	11	0.518639565	0.136232167	0.703698337	0.272464335	0.001042857
00001_00010_00010_png.rf.0c717d1fcb47c63dc21133891c67058d.jpg	7	0.547207415	0.537247539	0.589811623	0.621245623	0.942140162
00001_00010_00010_png.rf.0c717d1fcb47c63dc21133891c67058d.jpg	1	0.641733348	0.030503048	0.06164914	0.061006095	0.008819175
00001_00011_00006_png.rf.b3c9ed7b58e8b06312406f5fb6ecb9cd.jpg	7	0.517316818	0.527705193	0.640783131	0.616373539	0.936571419
00001_00014_00020_png.rf.dae49e781829147dd4dfd5b4812d0068.jpg	5	0.520808995	0.514070332	0.789465487	0.81848532	0.828776717
00001_00019_00006_png.rf.ba8186909430430fb44e7eea3282a96b.jpg	7	0.534438908	0.509618461	0.592894018	0.601464272	0.954315603
00001_00019_00006_png.rf.ba8186909430430fb44e7eea3282a96b.jpg	11	0.504990399	0.897933722	0.509267807	0.203886628	0.001242175
00001_00020_00001_png.rf.558285df18ab5e029ed28ae9b0442173.jpg	7	0.48317948	0.530100644	0.616580963	0.762166917	0.967583239
00001_00020_00009_png.rf.70d380dd904a8b782ac06daf41622bc8.jpg	7	0.494431317	0.507866025	0.696814716	0.776832402	0.945319772
00001_00021_00006_png.rf.c24e2e36491660b540a9b81687c16bc3.jpg	7	0.526793182	0.541863382	0.569079101	0.593575418	0.731021643
00001_00021_00006_png.rf.c24e2e36491660b540a9b81687c16bc3.jpg	9	0.52806145	0.542806804	0.568774343	0.589397907	0.558784246
00001_00021_00007_png.rf.7054b7fcb56980bcabcf57e0f1cb9182.jpg	7	0.539344311	0.501035094	0.57357657	0.623410761	0.844736934
00001_00022_00001_png.rf.f68bab926df5c93b7a8baf9d168955d1.jpg	7	0.529076695	0.519122303	0.62104255	0.545000732	0.947259188
00001_00023_00007_png.rf.f20610daefe32091399ce0ee1b9799f6.jpg	7	0.570030153	0.564818799	0.540138721	0.588090897	0.952071548
00001_00025_00025_png.rf.9556a94e4da441bd05e548d86099c3c0.jpg	7	0.511079133	0.507449329	0.762765765	0.774185061	0.949100614
00001_00028_00017_png.rf.ff6c0bf1f57a58c63e706c5a59b9b55e.jpg	7	0.52142489	0.476748526	0.683543921	0.77432394	0.964117527
00001_00029_00011_png.rf.8778f18a5af227481b72a0bd897cb144.jpg	7	0.543790698	0.53291589	0.654628217	0.648940921	0.948188961
00001_00030_00008_png.rf.f42a5ab100ba2300ff2ef3273198a629.jpg	7	0.529454589	0.528478444	0.540872931	0.66672343	0.95724678
00001_00031_00011_png.rf.d92d0588e5bfd7f8ced37d558e0efd54.jpg	7	0.539831161	0.498445272	0.555878758	0.59795022	0.945077062
00001_00031_00011_png.rf.d92d0588e5bfd7f8ced37d558e0efd54.jpg	12	0.813841999	0.269693851	0.370989591	0.539387703	0.001559625
00001_00031_00011_png.rf.d92d0588e5bfd7f8ced37d558e0efd54.jpg	12	0.644173145	0.067106448	0.60794735	0.134212896	0.001471194
00001_00031_00011_png.rf.d92d0588e5bfd7f8ced37d558e0efd54.jpg	12	0.896092832	0.263745248	0.207814515	0.527437329	0.00122319
00001_00032_00012_png.rf.e30cf3974f41a7316dff0477b7c4c589.jpg	7	0.502542675	0.53652817	0.660788655	0.671644688	0.95704037
00001_00033_00010_png.rf.4b1b4602c3c04f4aa72ce1f952cce126.jpg	7	0.514089465	0.512505054	0.620897591	0.609730363	0.94998461
00001_00033_00013_png.rf.7df949e59990e9dabfbc631176beada9.jpg	7	0.553320825	0.564628065	0.637069881	0.648599148	0.94057399
00001_00035_00012_png.rf.ef688824fa8eae681376cbaa7708a2dd.jpg	7	0.526878119	0.544267356	0.628924251	0.593295097	0.952883601
00001_00035_00012_png.rf.ef688824fa8eae681376cbaa7708a2dd.jpg	7	0.173933104	0.75498271	0.345173478	0.490034699	0.004349246
00001_00038_00012_png.rf.769276765c04567a8afdd2300298c7cb.jpg	7	0.493322402	0.482024908	0.584815681	0.582736015	0.949259162
00001_00038_00013_png.rf.9bea2c6ade7591cafa7a3ee2d6447b63.jpg	7	0.50947386	0.487440169	0.593590438	0.607465267	0.956148565
00001_00042_00000_png.rf.ac8cef49708d26776dd018e63c08ee29.jpg	7	0.517328084	0.530444622	0.555701911	0.591008961	0.936789513
00001_00059_00004_png.rf.74b0bb0dc2200bf50c665e4b2017a9cf.jpg	7	0.537519276	0.511616647	0.633463085	0.640088737	0.946204484
00001_00060_00007_png.rf.1bf10fd8b24b215fba58ab5975968559.jpg	7	0.506476045	0.53585732	0.677277386	0.675724328	0.937405348
00001_00063_00003_png.rf.e87ae69015487ca78a229870bc3ed27f.jpg	7	0.574232042	0.574079812	0.582076013	0.631998837	0.754688919
00001_00064_00019_png.rf.135e30aa3fe9209e095eb3ff5e304ebb.jpg	7	0.529413819	0.491469979	0.694574296	0.719004452	0.96422565
00001_00065_00006_png.rf.161dc86f1aaaf56ceadeedb9920c11ec.jpg	7	0.567045331	0.505943477	0.617672145	0.616559863	0.92793113
00001_00066_00015_png.rf.e1adfeb91011dcf5d548147d1acc30eb.jpg	7	0.486639589	0.516724825	0.753930271	0.74329406	0.951304495
00001_00066_00015_png.rf.e1adfeb91011dcf5d548147d1acc30eb.jpg	7	0.963972986	0.467277408	0.072054133	0.622352898	0.002668401
00001_00068_00007_png.rf.4bb41a90249c981be7a87239ef7d4288.jpg	7	0.483913511	0.522584558	0.575315058	0.557546794	0.94279635
00001_00068_00007_png.rf.4bb41a90249c981be7a87239ef7d4288.jpg	11	0.45777458	0.130556792	0.478955865	0.261113584	0.004014691
00002_00000_00005_png.rf.6a3d73b59a12500d97c5ad071900f3e8.jpg	9	0.531006396	0.513910174	0.633096993	0.733905673	0.952976942
00002_00000_00008_png.rf.fef84220cd4e8886da3b88267904e21d.jpg	9	0.537537038	0.506116986	0.672516704	0.7579391	0.936846018
00002_00000_00008_png.rf.fef84220cd4e8886da3b88267904e21d.jpg	9	0.120554827	0.797948658	0.24093388	0.402845532	0.019146571
00002_00000_00016_png.rf.5c98b3aeaa1ebc1ebc1afb2b2e8d9750.jpg	9	0.504863262	0.512596667	0.707647502	0.787963867	0.933301985
00002_00000_00016_png.rf.5c98b3aeaa1ebc1ebc1afb2b2e8d9750.jpg	9	0.067911901	0.866890132	0.135560796	0.265208483	0.001170687
00002_00004_00025_png.rf.088e01a14aec1e026c95b0b5ab8b08ec.jpg	9	0.520326018	0.521591544	0.795586407	0.769717991	0.944598079
00002_00006_00028_png.rf.70f98b1fc1d0c548e37ffe7968c81a40.jpg	9	0.49642846	0.523793578	0.723631859	0.770730436	0.942182004
00002_00006_00028_png.rf.70f98b1fc1d0c548e37ffe7968c81a40.jpg	7	0.939688325	0.921947777	0.117842533	0.155994937	0.001077056
00002_00007_00012_png.rf.cda4cec2b68cd6819ec43a7799d667a5.jpg	9	0.533140302	0.513291717	0.62329191	0.661787808	0.949846685
00002_00007_00012_png.rf.cda4cec2b68cd6819ec43a7799d667a5.jpg	1	0.402286172	0.458274037	0.031215265	0.116688989	0.001725248
00002_00010_00029_png.rf.526a5527eafd2cdc74e872afe9fb8276.jpg	9	0.488636106	0.509961307	0.765834391	0.810127079	0.932598293
00002_00011_00028_png.rf.4b4e80fab739c206b44c9d195a2f08e0.jpg	9	0.499675304	0.492202401	0.69739908	0.772167504	0.933527827
00002_00015_00017_png.rf.81a2cb9a7cc2d150109c3af756943d8e.jpg	9	0.498465776	0.519743502	0.733107686	0.732614517	0.93466115
00002_00016_00002_png.rf.c2bf6b0c65f3f2b845d281aef33328e0.jpg	9	0.522880375	0.533573568	0.601666272	0.625588119	0.938780665
00002_00017_00020_png.rf.1a27fc5910f7ff6cd9e5ecad10609fe4.jpg	9	0.514788985	0.514469028	0.70722723	0.720746756	0.939093411
00002_00017_00020_png.rf.1a27fc5910f7ff6cd9e5ecad10609fe4.jpg	14	0.480746984	0.958915174	0.431209803	0.082169756	0.006179054
00002_00017_00020_png.rf.1a27fc5910f7ff6cd9e5ecad10609fe4.jpg	11	0.48364076	0.961124003	0.377135366	0.077675968	0.00575783
00002_00017_00020_png.rf.1a27fc5910f7ff6cd9e5ecad10609fe4.jpg	7	0.490647554	0.961355031	0.445312232	0.077290021	0.002158822
00002_00017_00026_png.rf.0e0c876d62e868e7b8bbea45c2854b90.jpg	9	0.497713476	0.512336433	0.778706372	0.803731441	0.937207401
00002_00017_00026_png.rf.0e0c876d62e868e7b8bbea45c2854b90.jpg	14	0.501790822	0.971850932	0.470882952	0.05599213	0.001128742
00002_00028_00013_png.rf.4c1b88702f75ba47a05c979c6a1a24af.jpg	9	0.52662158	0.512414694	0.654809296	0.631520569	0.94506526
00002_00028_00013_png.rf.4c1b88702f75ba47a05c979c6a1a24af.jpg	9	0.790118456	0.172178403	0.419763148	0.342740923	0.001316587
00002_00029_00020_png.rf.92b3fdd9df0a753fcf7dd9e098f54ca5.jpg	9	0.494307071	0.518233418	0.750542641	0.736072719	0.953254044
00002_00029_00020_png.rf.92b3fdd9df0a753fcf7dd9e098f54ca5.jpg	9	0.548868656	0.043830227	0.655456722	0.087660454	0.001203578
00002_00032_00021_png.rf.45636f29d1c772fb421d516a9741145a.jpg	9	0.492193311	0.542854488	0.632175446	0.672500789	0.949308276
00002_00057_00023_png.rf.c8c4e00edf84e93fdca59e89ca4480e8.jpg	9	0.510048389	0.520096123	0.768912494	0.774154902	0.94384706
00002_00063_00008_png.rf.42b7f6b82f752ce45b8a4128928bea6b.jpg	9	0.533076286	0.533504486	0.562640965	0.57546705	0.929249227
00002_00065_00004_png.rf.dd58840a036850f03da5f6bbdd1940d2.jpg	9	0.529822946	0.544989586	0.657098353	0.729388773	0.917841613
00002_00065_00005_png.rf.f156b51c34d4fe59f4f1981ecab62ed0.jpg	9	0.511891544	0.524309754	0.664089382	0.702738941	0.948804677
00002_00065_00005_png.rf.f156b51c34d4fe59f4f1981ecab62ed0.jpg	1	0.899107456	0.021202262	0.034940869	0.042404525	0.002506939
00002_00065_00005_png.rf.f156b51c34d4fe59f4f1981ecab62ed0.jpg	1	0.919755399	0.021702338	0.021370668	0.043404676	0.001444124
00002_00065_00005_png.rf.f156b51c34d4fe59f4f1981ecab62ed0.jpg	9	0.944613874	0.539494693	0.110772282	0.715186894	0.001170904
00003_00000_00008_png.rf.976bc2ecdc3e69167320fc22712ec43d.jpg	10	0.51988256	0.486426741	0.593541861	0.610521495	0.948261559
00003_00002_00016_png.rf.f31757e4e66bdf3dd7c10888f14ba7c6.jpg	10	0.548756003	0.506977975	0.642967403	0.69143343	0.945134759
00003_00002_00023_png.rf.4d47dbf061aedff7277a91be6a5bbc6b.jpg	10	0.535666585	0.53381449	0.745236158	0.743136287	0.94891578
00003_00002_00023_png.rf.4d47dbf061aedff7277a91be6a5bbc6b.jpg	1	0.618238926	0.012813188	0.021589756	0.025545666	0.004749852
00003_00002_00023_png.rf.4d47dbf061aedff7277a91be6a5bbc6b.jpg	1	0.639155626	0.01218794	0.021491785	0.02437588	0.00333774
00003_00002_00023_png.rf.4d47dbf061aedff7277a91be6a5bbc6b.jpg	1	0.634417653	0.012622865	0.020801105	0.02524573	0.002364742
00003_00002_00023_png.rf.4d47dbf061aedff7277a91be6a5bbc6b.jpg	1	0.471511275	0.010857381	0.012402315	0.021639876	0.001344513
00003_00002_00023_png.rf.4d47dbf061aedff7277a91be6a5bbc6b.jpg	0	0.968217313	0.051366117	0.063565478	0.102732234	0.001270415
00003_00010_00012_png.rf.992b5dc958856171d8218c027b672b12.jpg	10	0.487945437	0.495311499	0.605656326	0.611653626	0.933702171
00003_00010_00012_png.rf.992b5dc958856171d8218c027b672b12.jpg	10	0.820983112	0.387572348	0.357981324	0.750321984	0.001985783
00003_00010_00012_png.rf.992b5dc958856171d8218c027b672b12.jpg	10	0.893422246	0.394227892	0.213155612	0.759521008	0.001022729
00003_00014_00015_png.rf.4a4854b32d96279361db09f8b4d4bbcf.jpg	10	0.548413455	0.534220874	0.617896914	0.63227886	0.934638321
00003_00019_00004_png.rf.0e5e854d48614cdc5bef09b4b3085a03.jpg	10	0.511626422	0.507539988	0.613245964	0.576368451	0.854703784
00003_00026_00011_png.rf.33d98e9ee599a39d6f2b819682707a5a.jpg	10	0.531827748	0.540822446	0.564273357	0.598000407	0.949038446
00003_00026_00022_png.rf.f67190b7724f3871c19569e098d5cc02.jpg	10	0.533686697	0.510593116	0.668187618	0.692488313	0.945535421
00003_00027_00025_png.rf.4c1fd45a0b5f0f724237f83b7d47c499.jpg	10	0.535489917	0.507719338	0.74758625	0.761497736	0.955071509
00003_00034_00015_png.rf.16921ba926f31008a26ba58d2337527f.jpg	10	0.501397967	0.511777461	0.653635442	0.653675079	0.940274477
00003_00034_00015_png.rf.16921ba926f31008a26ba58d2337527f.jpg	1	0.348088086	0.015320953	0.088481635	0.030641906	0.008316564
00003_00034_00015_png.rf.16921ba926f31008a26ba58d2337527f.jpg	0	0.35136807	0.014074601	0.083270736	0.027913008	0.004656516
00003_00035_00028_png.rf.ee8da916ee92d6dc7e62eedaf09a79e4.jpg	10	0.506886482	0.48672688	0.771454632	0.77390933	0.930633008
00003_00036_00017_png.rf.8ac2d0085877d733785436132fdc938e.jpg	10	0.524143994	0.502738893	0.680133283	0.650975347	0.937496066
00003_00036_00017_png.rf.8ac2d0085877d733785436132fdc938e.jpg	11	0.779105604	0.836808026	0.441788971	0.326003313	0.001971339
00003_00036_00028_png.rf.b1c4322c721873c9caa6ed9fd25eeb07.jpg	10	0.503210962	0.496268511	0.783961236	0.794925272	0.937825382
00003_00036_00028_png.rf.b3b837a4ff3803383e94a13fe8fc748b.jpg	10	0.503210962	0.496268511	0.783961236	0.794925272	0.937825382
00003_00038_00015_png.rf.68af73eb3c3267953582146c619d7c25.jpg	10	0.540060043	0.504725754	0.649020731	0.663423121	0.945115507
00003_00038_00026_png.rf.a69d0576816db3c4d315d0dce5b99721.jpg	10	0.511212826	0.506223679	0.801939607	0.810344875	0.953349948
00003_00040_00029_png.rf.7d37fc566ece4627cb04b2b8d32dc473.jpg	10	0.519501746	0.512851536	0.679706693	0.668729722	0.944540739
00003_00042_00029_png.rf.d0d6dd339d2be42128efbae34d3f541a.jpg	10	0.49634397	0.50681603	0.746413827	0.719350994	0.95025456
00003_00044_00003_png.rf.2b73723d27b25434c3de6ca04adbe574.jpg	10	0.546982408	0.531287014	0.495223641	0.474787921	0.943268776
00003_00044_00011_png.rf.9f723b9e228efc8339bf51faa590a58e.jpg	10	0.54468137	0.544801235	0.56705898	0.564236641	0.94402808
00003_00044_00013_png.rf.24a211df9596dccf36b448483be5f663.jpg	10	0.540688336	0.515167058	0.609839916	0.601997852	0.927084506
00003_00044_00013_png.rf.24a211df9596dccf36b448483be5f663.jpg	1	0.171292529	0.015598611	0.06665621	0.031197222	0.001856488
00003_00044_00020_png.rf.dc91d31ec81c700753fe335f3fc42cf8.jpg	10	0.527994812	0.516943455	0.695111215	0.694511235	0.947191656
00003_00044_00020_png.rf.dc91d31ec81c700753fe335f3fc42cf8.jpg	1	0.681812882	0.034558196	0.049001034	0.068861857	0.004626788
00003_00045_00010_png.rf.1eb0ead62274ff3e76b12140d0f4399b.jpg	10	0.538201869	0.536242604	0.600008667	0.592356384	0.933036149
00003_00045_00010_png.rf.1eb0ead62274ff3e76b12140d0f4399b.jpg	1	0.037951838	0.015494696	0.07568536	0.030989392	0.001327018
00003_00045_00010_png.rf.1eb0ead62274ff3e76b12140d0f4399b.jpg	0	0.014694286	0.292517126	0.029388571	0.227671608	0.001131754
00003_00045_00019_png.rf.3120c19400c889f8dfd507e2f6f16995.jpg	10	0.512676895	0.52503109	0.709810078	0.710673869	0.950405419
00003_00046_00010_png.rf.891f75f30b9f3db0a566b63a5d08287f.jpg	10	0.523707271	0.505994856	0.604522645	0.617807508	0.946939051
000041_jpg.rf.89c814e3db33e70112e3447d54bb42c6.jpg	7	0.537761986	0.310248017	0.264084965	0.461493075	0.942544222
000041_jpg.rf.89c814e3db33e70112e3447d54bb42c6.jpg	1	0.421655566	0.01771239	0.032853495	0.03542478	0.021002354
000041_jpg.rf.89c814e3db33e70112e3447d54bb42c6.jpg	1	0.174305722	0.033022601	0.076640122	0.066045202	0.010569391
000041_jpg.rf.89c814e3db33e70112e3447d54bb42c6.jpg	1	0.408674628	0.017997585	0.061051298	0.03599517	0.008608436
000041_jpg.rf.89c814e3db33e70112e3447d54bb42c6.jpg	1	0.185686931	0.03315229	0.04856196	0.066304579	0.001346241
000041_jpg.rf.89c814e3db33e70112e3447d54bb42c6.jpg	0	0.889251292	0.569704711	0.072767258	0.059010398	0.001042852
00004_00002_00014_png.rf.66ae4730024327a8ff79210c980a4667.jpg	11	0.513105869	0.51958704	0.687397778	0.679519832	0.946306527
00004_00003_00014_png.rf.fbd79a43c27ae3464c7be84d785ed5e2.jpg	11	0.549345195	0.518748999	0.631574094	0.595856547	0.937451422
00004_00004_00006_png.rf.779cd44893dd231e6e05b680dc9bef9a.jpg	11	0.502327085	0.502619028	0.665695012	0.685003877	0.949885488
00004_00004_00009_png.rf.fc4e5787fbeb0511656710884dc88284.jpg	11	0.532859564	0.514468968	0.671471894	0.680575907	0.937497556
00004_00006_00002_png.rf.e126eb56f28cf1c98809239babe89334.jpg	11	0.520572066	0.535392404	0.567810476	0.557080507	0.948726237
00004_00006_00002_png.rf.e126eb56f28cf1c98809239babe89334.jpg	11	0.528154016	0.944643795	0.445593655	0.110712498	0.326785445
00004_00006_00002_png.rf.e126eb56f28cf1c98809239babe89334.jpg	9	0.525742471	0.944586992	0.437114	0.110826053	0.065894313
00004_00006_00002_png.rf.e126eb56f28cf1c98809239babe89334.jpg	1	0.597416461	0.034093142	0.058472231	0.06788101	0.004897974
00004_00006_00002_png.rf.e126eb56f28cf1c98809239babe89334.jpg	11	0.463454545	0.077863924	0.682120442	0.155727848	0.002833187
00004_00006_00002_png.rf.e126eb56f28cf1c98809239babe89334.jpg	1	0.604205966	0.021474248	0.042655323	0.042948496	0.002776779
00004_00006_00002_png.rf.e126eb56f28cf1c98809239babe89334.jpg	1	0.573378205	0.021810489	0.048968095	0.043620978	0.0021673
00004_00006_00002_png.rf.e126eb56f28cf1c98809239babe89334.jpg	1	0.608395755	0.034517009	0.055631455	0.069034018	0.002064322
00004_00006_00002_png.rf.e126eb56f28cf1c98809239babe89334.jpg	11	0.516345859	0.096234083	0.812395632	0.192369029	0.001710046
00004_00006_00002_png.rf.e126eb56f28cf1c98809239babe89334.jpg	11	0.437279999	0.043703645	0.606371403	0.087407291	0.0016125
00004_00006_00002_png.rf.e126eb56f28cf1c98809239babe89334.jpg	1	0.582843423	0.035742134	0.068456285	0.071484268	0.001142421
00004_00009_00021_png.rf.0f8628e061118cfeaad9228b32489e7c.jpg	11	0.490677565	0.542962253	0.674487054	0.658060849	0.948665619
00004_00010_00020_png.rf.8985cbdd62ef877bd3b91429c517b515.jpg	11	0.52953887	0.510187447	0.697425961	0.672768056	0.945451558
00004_00022_00020_png.rf.56c34e7fb6ec15747810e3706fb11e4a.jpg	11	0.523453176	0.512488663	0.593889475	0.602637231	0.942140937
00004_00030_00003_png.rf.31ed58359e92300b61de2440b5f38d1a.jpg	11	0.543943048	0.538128555	0.546581209	0.523765385	0.949362099
00004_00030_00010_png.rf.c35b9a70b784be1bcd6b28d9ac1e12f5.jpg	11	0.53800106	0.497465581	0.578794956	0.573017299	0.936258435
00004_00032_00009_png.rf.ea892d563594cad9d6d9ae8e8c9e9780.jpg	11	0.520547628	0.495922685	0.606189847	0.5758214	0.940583944
00004_00035_00005_png.rf.b222e7d3ff032a58afdfb10ad73d6911.jpg	11	0.526411057	0.517582655	0.546429992	0.534354687	0.939466894
00004_00036_00014_png.rf.de499ca97d9e6307ab9f8e859dd43336.jpg	11	0.524411201	0.516713679	0.672638357	0.687335432	0.950519443
00004_00036_00029_png.rf.f55502d5bebf262101364b930e187143.jpg	11	0.505017161	0.503627658	0.803253114	0.805121064	0.953281224
00004_00037_00007_png.rf.223e842f5027e61ac59e32979ca930d6.jpg	11	0.530313015	0.512808681	0.572559357	0.557208061	0.941147983
00004_00037_00007_png.rf.223e842f5027e61ac59e32979ca930d6.jpg	10	0.630775571	0.135858342	0.679402173	0.271648288	0.001000619
00004_00038_00011_png.rf.e8a8cb47ee1d09d447e63dd630056862.jpg	11	0.508033574	0.493883222	0.535682857	0.552545369	0.947247207
00004_00038_00016_png.rf.91ed21fee2978def3dd315ee735fc1c0.jpg	11	0.522635639	0.490513355	0.587352395	0.625603676	0.940564513
00004_00038_00023_png.rf.d7f850098ec568f71506f85f920d6eb3.jpg	11	0.491521567	0.517246723	0.676009595	0.69278264	0.949658811
00004_00038_00023_png.rf.d7f850098ec568f71506f85f920d6eb3.jpg	11	0.054201063	0.04965014	0.108230449	0.09930028	0.001761211
00004_00039_00028_png.rf.b088fe4f42e92367b13ca2fe401844ac.jpg	11	0.519619405	0.496658713	0.765265226	0.75764221	0.952735126
00004_00044_00016_png.rf.21f8e05be871f651648f89b58c3f20c7.jpg	11	0.5310148	0.519461989	0.671878278	0.650785446	0.939537525
00004_00046_00013_png.rf.6c04ac5c1dc478a3d929f9f1446d90b0.jpg	11	0.518834651	0.515647292	0.663852692	0.633358121	0.955209315
00004_00049_00008_png.rf.92e7b20cb3ae99c683fc6a1a09ce836b.jpg	11	0.537124693	0.512147069	0.560640275	0.545148969	0.94184792
00004_00050_00020_png.rf.5b1bab0bf6b9284c2c1cffcbe35b12ed.jpg	11	0.498770803	0.526677787	0.618726015	0.617458045	0.933718503
00004_00052_00006_png.rf.17e668414f18071d605e3327513528de.jpg	11	0.553738415	0.550436854	0.55381918	0.524033546	0.920898676
00004_00052_00016_png.rf.bfe7cf72a069a7a4347a21a300041156.jpg	11	0.530899704	0.503832459	0.613499284	0.600225091	0.94112134
00004_00059_00010_png.rf.501920c3ea0f3537120f7b2835fcdc82.jpg	11	0.507740617	0.512647808	0.606515408	0.634230077	0.937987387
00004_00059_00010_png.rf.501920c3ea0f3537120f7b2835fcdc82.jpg	11	0.065305844	0.938620329	0.130611688	0.122759454	0.001674758
00004_00060_00021_png.rf.eb99d667b724b14132452c88d3674738.jpg	11	0.517527819	0.524239898	0.681192994	0.687592447	0.957566023
00005_00000_00019_png.rf.fb70e266857ce9ceea9b772edb452ab4.jpg	12	0.5301072	0.527929425	0.667555451	0.667997181	0.951929688
00005_00001_00016_png.rf.da02434245fde3214475aa75e6d4e2b6.jpg	12	0.515360057	0.558586895	0.568024457	0.598409116	0.915098548
00005_00003_00012_png.rf.77d9df57d17122641644da65c80d2f0e.jpg	12	0.53005302	0.54617852	0.624920487	0.65029031	0.890551984
00005_00003_00012_png.rf.77d9df57d17122641644da65c80d2f0e.jpg	0	0.788817883	0.261903137	0.038370866	0.067787081	0.001050662
00005_00004_00005_png.rf.53f4cde1da9ac0094d8c0d9fd968beb1.jpg	12	0.558159351	0.540336251	0.623897135	0.61009258	0.940242887
00005_00012_00025_png.rf.f8b1c97fbb9d575b38ad20cb4fc6e3b3.jpg	12	0.511623204	0.508195281	0.772881746	0.764752805	0.954184592
00005_00014_00005_png.rf.0e24dd3583d580dadb9d69e73a08e78c.jpg	12	0.491253108	0.501672745	0.581445813	0.596664846	0.910892665
00005_00014_00005_png.rf.0e24dd3583d580dadb9d69e73a08e78c.jpg	11	0.506435037	0.934999049	0.541942537	0.129702941	0.038892411
00005_00014_00017_png.rf.ed92831e745be7167ec08c3f6d416b7d.jpg	12	0.520839751	0.492940843	0.664319515	0.68747741	0.948271215
00005_00014_00017_png.rf.ed92831e745be7167ec08c3f6d416b7d.jpg	10	0.556576908	0.94629246	0.635192692	0.107415207	0.005005717
00005_00016_00001_png.rf.fabe47d765e1b050e861dbb93b32167e.jpg	12	0.537756622	0.541541457	0.573282897	0.572354853	0.936937988
00005_00044_00001_png.rf.b18c5a51d57be6cfa719c741ecba5d63.jpg	12	0.525310755	0.520632863	0.584935844	0.623790264	0.940851569
00005_00056_00008_png.rf.ce009bd4c68dbecc1d8f76f80550034d.jpg	12	0.518608212	0.534546196	0.62145263	0.629728556	0.947903633
00005_00056_00012_png.rf.1125a7436050023f0b75206acb088f2a.jpg	12	0.504723191	0.528310299	0.604260027	0.61611861	0.960217953
000069_jpg.rf.24da8297fff40a7760a8751ac763b821.jpg	7	0.438770503	0.452186674	0.320795804	0.493560046	0.958404958
000076_jpg.rf.0066537c077a3d460d354c5de1fef980.jpg	7	0.602746069	0.437062413	0.149093553	0.200713649	0.933357358
000076_jpg.rf.0066537c077a3d460d354c5de1fef980.jpg	8	0.181745887	0.449416548	0.025234701	0.041077137	0.001214032
000079_jpg.rf.4f001472f7893131e04b4bc151a1bbe6.jpg	7	0.47939834	0.425659925	0.445142984	0.612815142	0.958144426
00007_00002_00021_png.rf.3e8282102bcbc3465886670d060ce78f.jpg	3	0.517213821	0.522640646	0.774760246	0.775959253	0.962536633
00007_00016_00010_png.rf.06129e0dcd04b8601e57009dce36f893.jpg	3	0.527154386	0.508628607	0.644621551	0.64472574	0.964297354
00007_00024_00027_png.rf.566faa37c8dd33d7cd4145572d744276.jpg	3	0.504538417	0.520542562	0.745434761	0.738613069	0.957407594
00007_00027_00020_png.rf.1c1be801a97cd5152cb9bcceaf08f5cd.jpg	3	0.506919265	0.510367393	0.726476848	0.708504021	0.959219098
00007_00028_00022_png.rf.6c2e0f03a47cf5fa2fabb3ecec47124a.jpg	3	0.538267672	0.533285677	0.709262729	0.76002121	0.967765272
00007_00029_00014_png.rf.cc543e257165aa17476435f594aa76d1.jpg	3	0.530066073	0.510016441	0.66053009	0.66112709	0.967576206
00007_00033_00014_png.rf.73a43aaa12af693eff052e2fb710db31.jpg	3	0.562900543	0.518520534	0.62367326	0.654797375	0.951862693
00007_00040_00020_png.rf.845babcc2b4638d89980330cf6c5bcb2.jpg	3	0.516112328	0.507038474	0.640545189	0.645956814	0.942961812
00007_00040_00027_png.rf.8479c71333ccd871fbed5311de8ceaf8.jpg	3	0.533423066	0.515826344	0.675220907	0.672001779	0.960872471
00007_00041_00000_png.rf.45f1f53954863a0d12d1cd00c092939b.jpg	3	0.547535717	0.540634394	0.541687548	0.567048192	0.94244504
00007_00041_00002_png.rf.02df629489fd7c902fdbd6c1dd2f78ae.jpg	3	0.543703437	0.526760757	0.549807847	0.552429795	0.942390621
00007_00042_00000_png.rf.b6fa9ef6ce63f92b01992d4ea8d63f5a.jpg	3	0.505677342	0.523189247	0.583716214	0.564075649	0.894800246
00007_00043_00010_png.rf.b292148f880510d6254fec1a3d3bed44.jpg	3	0.511440635	0.517690003	0.609807312	0.604849041	0.949076176
000080_jpg.rf.254656b428b79e343e536f6ee51a24fc.jpg	7	0.736991048	0.375111818	0.346211672	0.489819437	0.963376343
000086_jpg.rf.b654137b1cae075367f483dd2b5bac85.jpg	7	0.319004744	0.486254007	0.435094446	0.598905206	0.959725559
00008_00003_00002_png.rf.70816dfa48b29ed84d1abcb9bb09bf70.jpg	5	0.568269968	0.54121238	0.537206709	0.527652681	0.935676575
00008_00003_00002_png.rf.70816dfa48b29ed84d1abcb9bb09bf70.jpg	11	0.569653869	0.931448817	0.495087057	0.137102425	0.139626667
00008_00004_00016_png.rf.3ba26e964ab9827715594ec40609937e.jpg	5	0.52446425	0.520619214	0.652536631	0.701161206	0.942177534
00008_00005_00014_png.rf.31eccab502c0a10e9e32f0718618105e.jpg	5	0.514745414	0.509652138	0.675841451	0.663943231	0.936973751
00008_00006_00026_png.rf.cb433297defc6e2a91fd89685c39f39f.jpg	5	0.522565663	0.538853467	0.695635617	0.705410004	0.958671331
00008_00006_00026_png.rf.cb433297defc6e2a91fd89685c39f39f.jpg	10	0.896399021	0.239541724	0.207202032	0.479083449	0.001798291
00008_00007_00009_png.rf.8289199643586993b107ff888e950eab.jpg	5	0.590426862	0.520680249	0.583480835	0.578103602	0.94167757
00008_00007_00009_png.rf.8289199643586993b107ff888e950eab.jpg	5	0.619126499	0.934748769	0.580955982	0.130201191	0.094227038
00008_00007_00010_png.rf.d2dc382f864442f6d8551cc9f41e0bc7.jpg	5	0.566400409	0.518585026	0.582199037	0.584854901	0.931015611
00008_00007_00010_png.rf.d2dc382f864442f6d8551cc9f41e0bc7.jpg	5	0.583526611	0.941927016	0.592024684	0.116040088	0.051525578
00008_00009_00012_png.rf.fa47f1ade7b6ffafc8c23e106e4ec0a9.jpg	5	0.520534635	0.516248584	0.589016259	0.59219873	0.940079212
00008_00009_00012_png.rf.fa47f1ade7b6ffafc8c23e106e4ec0a9.jpg	5	0.529954731	0.9316625	0.584829807	0.136351436	0.021301702
00008_00011_00006_png.rf.416887ff8fd6e24fc585ce1838c632a4.jpg	5	0.504628837	0.536019444	0.550194144	0.557784319	0.92803061
00008_00011_00006_png.rf.416887ff8fd6e24fc585ce1838c632a4.jpg	5	0.518912315	0.936624885	0.516203105	0.126750439	0.043947656
00008_00012_00022_png.rf.a76810c64a1c1a3def5cc808bb562890.jpg	5	0.5204193	0.511883199	0.73225385	0.728492856	0.962462127
00008_00014_00012_png.rf.a62ba5f792b061df92e0177a04931c7b.jpg	5	0.514872253	0.526363313	0.644125581	0.608559847	0.943204403
00008_00019_00004_png.rf.b716b893116e783e1bd33e79d972b5ae.jpg	5	0.536291301	0.542409539	0.572307527	0.590493023	0.944055796
00008_00020_00007_png.rf.956ee64b06ed8ea4354a07ebb0c979a1.jpg	5	0.533048928	0.534503639	0.563953221	0.577562094	0.945251822
00008_00020_00015_png.rf.1815b3c75c86dd9d26141470c0c8542b.jpg	5	0.518298328	0.521485806	0.526305199	0.541016638	0.953203022
00008_00034_00008_png.rf.811d6bdaab24c4e03281dd023835def5.jpg	5	0.535459638	0.502760053	0.592399895	0.564914525	0.950993836
00008_00034_00008_png.rf.811d6bdaab24c4e03281dd023835def5.jpg	11	0.531381786	0.917647898	0.582475603	0.164197117	0.337898403
00008_00034_00008_png.rf.811d6bdaab24c4e03281dd023835def5.jpg	10	0.533085704	0.915381849	0.583963335	0.169026166	0.018207069
00008_00043_00018_png.rf.cb403d912587a88325e095df6ab3f1df.jpg	5	0.530513942	0.549497068	0.64374429	0.684548855	0.937948287
00008_00045_00006_png.rf.04585cc625839dc38c94a4357ec9d19c.jpg	5	0.526601195	0.510866761	0.605037153	0.638675511	0.946919978
00008_00045_00006_png.rf.04585cc625839dc38c94a4357ec9d19c.jpg	10	0.533784091	0.955696702	0.540663362	0.0885235	0.010700752
00008_00046_00015_png.rf.fca28beca2d7c7a733ca865755be6dbc.jpg	5	0.527996421	0.511952519	0.655884087	0.663273156	0.947734773
000091_jpg.rf.9762d3529d876b77e9d99aa8027e449c.jpg	7	0.472238749	0.502788723	0.536513805	0.768864453	0.964614272
000091_jpg.rf.9762d3529d876b77e9d99aa8027e449c.jpg	8	0.775588155	0.477433234	0.049224049	0.070070453	0.078257762
000091_jpg.rf.9762d3529d876b77e9d99aa8027e449c.jpg	12	0.776764512	0.478709608	0.047930207	0.071784757	0.035026304
000091_jpg.rf.9762d3529d876b77e9d99aa8027e449c.jpg	10	0.776715875	0.478299737	0.047012772	0.070137799	0.032097477
000091_jpg.rf.9762d3529d876b77e9d99aa8027e449c.jpg	7	0.776899517	0.47837016	0.047686286	0.069677249	0.025225384
000099_jpg.rf.cc64c31e94947e188ec07796f1f590a2.jpg	7	0.656609774	0.406980783	0.433105111	0.768293023	0.965064049
000100_jpg.rf.8948ed8c132dae637b8dde18d0c5be7b.jpg	9	0.722461283	0.222916901	0.161892235	0.212851778	0.954463303
000117_jpg.rf.c63f6b715b912a6e219500db2c4dd6fc.jpg	9	0.394315988	0.448709875	0.29153949	0.19897154	0.938416541
000121_jpg.rf.c26ea4c0be18ece889414f12976c49f2.jpg	9	0.503376842	0.254035413	0.237831414	0.343807161	0.94894731
000121_jpg.rf.c26ea4c0be18ece889414f12976c49f2.jpg	10	0.076540664	0.035323448	0.153081328	0.070398666	0.003534134
000121_jpg.rf.c26ea4c0be18ece889414f12976c49f2.jpg	1	0.673584461	0.53063482	0.014407159	0.05025167	0.001426693
000129_jpg.rf.549b104a7fd5f8171f046d77ca7ddae7.jpg	9	0.643999219	0.536182404	0.536856294	0.560983837	0.956239402
000130_jpg.rf.21da097324e3450bb8ab634399961e84.jpg	9	0.494806379	0.367231339	0.243225947	0.155465946	0.930840909
000130_jpg.rf.21da097324e3450bb8ab634399961e84.jpg	1	0.427226752	0.004623045	0.030000689	0.009246089	0.002152792
000130_jpg.rf.21da097324e3450bb8ab634399961e84.jpg	1	0.324988902	0.00453265	0.045246329	0.0090653	0.001482301
000132_jpg.rf.6da2ad3a8754fb97cfa5a54b1fa794dd.jpg	9	0.360039622	0.299366683	0.219610125	0.19201079	0.946587265
000145_jpg.rf.e37be0ff8c6d10e897956e8599346f71.jpg	9	0.499393731	0.381023228	0.791882694	0.496435851	0.935345709
000147_jpg.rf.bca55a14814a6d3a2554145932eb5490.jpg	9	0.516620219	0.156028539	0.370729268	0.153110087	0.947169662
00014_00001_00006_png.rf.98b02c00237d76518ece14a1bdc194e9.jpg	14	0.517299354	0.513731956	0.637514293	0.654315591	0.943254232
00014_00001_00006_png.rf.98b02c00237d76518ece14a1bdc194e9.jpg	14	0.915683031	0.218462452	0.168634057	0.436706156	0.002978726
00014_00001_00009_png.rf.e13fd9f6dce4c523d54929047f528a21.jpg	14	0.519313931	0.519613624	0.693855524	0.694915354	0.953800321
00014_00001_00011_png.rf.3484d601f5012f5329eece492b0e69fa.jpg	14	0.529359519	0.528384089	0.697602093	0.742676556	0.952060819
00014_00001_00019_png.rf.b23da2fc3bd75fcd44441c5f1e724952.jpg	14	0.515267968	0.507247269	0.784150958	0.811377108	0.963484228
00014_00002_00029_png.rf.39fe8d27d845bd7b01172c8fe6e4f766.jpg	14	0.514930487	0.507730126	0.768736005	0.800568759	0.95852375
00014_00003_00001_png.rf.54c82cd619fe6dfe68ff0e9d0de201bd.jpg	14	0.534134388	0.521836638	0.68237251	0.713101804	0.945321381
00014_00003_00007_png.rf.4a4b5bfabfe079ec34b2bf1142a0461b.jpg	14	0.518289566	0.492631525	0.741293073	0.77817589	0.949749589
00014_00003_00009_png.rf.1e49e9f368c48bc8051b5d9f131171c3.jpg	14	0.531227171	0.509925961	0.726937771	0.783852994	0.953822672
00014_00004_00010_png.rf.d35020e5fb797eed8b025b0dca4fe434.jpg	14	0.513473928	0.537253857	0.746534586	0.725619435	0.952505052
00014_00004_00010_png.rf.d35020e5fb797eed8b025b0dca4fe434.jpg	9	0.257768095	0.248295054	0.515250742	0.496328086	0.001034769
00014_00004_00020_png.rf.e3b35f3ca153fde99af4db4a67d2a564.jpg	14	0.511615753	0.515197396	0.788619161	0.777068317	0.950307548
00014_00005_00004_png.rf.a5fc79eb6e949f3b096df8ccc70d188f.jpg	14	0.518819332	0.528678119	0.766516328	0.774883687	0.95658797
00014_00005_00025_png.rf.297d8a9543fcea575965086bb06f4890.jpg	14	0.512038052	0.516022742	0.814460337	0.80892688	0.963443279
00014_00006_00015_png.rf.5cb649de18ff690e33a86445aca080dd.jpg	14	0.529488266	0.531748116	0.727884114	0.734959185	0.958334029
00014_00007_00002_png.rf.280a89db2cae24714734ae7f443731ba.jpg	14	0.515805721	0.516616642	0.605538845	0.608542979	0.93432498
00014_00007_00006_png.rf.d3261be1ac6d7605e46470fb8e4940f4.jpg	14	0.515514135	0.5159325	0.657056153	0.66348964	0.942111492
00014_00007_00013_png.rf.bd8b36832e03b17e904c7a1a33f8937e.jpg	14	0.528144956	0.52777797	0.740128934	0.75828594	0.949690461
00014_00007_00013_png.rf.bd8b36832e03b17e904c7a1a33f8937e.jpg	1	0.930913508	0.011577941	0.028757684	0.023155881	0.002003927
00014_00008_00004_png.rf.ce893afcdfcca67343de52c60d510a98.jpg	14	0.541332424	0.54200393	0.604661644	0.666208446	0.93592304
00014_00008_00013_png.rf.a9f7b30283b689f1a5808560a69c0f7c.jpg	14	0.501646876	0.525312901	0.674272001	0.710062444	0.949205041
00014_00008_00028_png.rf.41dc94b1892472b66d391791d753bb84.jpg	14	0.503967762	0.506600201	0.813546717	0.787115693	0.961870134
00014_00009_00009_png.rf.b4d1b6a8d582e147ba85747dd85cc451.jpg	14	0.536383748	0.521831632	0.630486131	0.637089014	0.932309628
00014_00009_00014_png.rf.5998ff1f31bd52e787eaa23bb04f06d2.jpg	14	0.517830551	0.51626271	0.747410774	0.741106212	0.944856524
00014_00009_00022_png.rf.c59286af8197704e8e88c3efdbf7b9d5.jpg	14	0.523284316	0.505760968	0.805854857	0.818086445	0.964052022
00014_00010_00014_png.rf.3f9712dbd32c574c45bf9dbb8517dd9f.jpg	14	0.516013026	0.536131382	0.786870122	0.782470286	0.957000732
00014_00010_00017_png.rf.10f5ad5e297030721e4521481f8ca702.jpg	14	0.510693908	0.513152778	0.773667872	0.774957895	0.95073384
00014_00011_00027_png.rf.c81a4600612fc1eb5cc21661de7ef62b.jpg	14	0.502510071	0.501298904	0.793975651	0.788552999	0.952684164
00014_00012_00028_png.rf.7e4a7979b1766d76ca5628991607b48c.jpg	14	0.520081043	0.517331779	0.782607377	0.77709347	0.960181117
00014_00013_00000_png.rf.230606f2f715a2bde5a237acafa3604b.jpg	14	0.513149381	0.580506802	0.63872838	0.492149323	0.889204264
00014_00013_00000_png.rf.230606f2f715a2bde5a237acafa3604b.jpg	1	0.225680098	0.338904649	0.450373083	0.676344454	0.001363697
00014_00013_00001_png.rf.e01f34bee93788d71a9ca127de49b201.jpg	14	0.507290721	0.519023895	0.590692818	0.545313239	0.92804122
00014_00013_00001_png.rf.e01f34bee93788d71a9ca127de49b201.jpg	1	0.775174022	0.748784184	0.448406786	0.501736522	0.00111804
00014_00013_00003_png.rf.774d46f2b5700aec9e78f1959fd3030f.jpg	14	0.506996632	0.537370563	0.614979208	0.616066277	0.951638341
00014_00022_00002_png.rf.067f3be88afec79842f718b26732c307.jpg	14	0.529322505	0.512982965	0.628679276	0.683252275	0.925988972
00014_00023_00018_png.rf.7f4df748842e9a2b90d343c5612ff812.jpg	14	0.520932257	0.513141572	0.760105371	0.770496666	0.95300597
00014_00024_00018_png.rf.1b7a484113cbc1f29d56a8f50156948a.jpg	14	0.520189941	0.534551024	0.752585053	0.730864942	0.945112765
00014_00024_00018_png.rf.1b7a484113cbc1f29d56a8f50156948a.jpg	0	0.076746136	0.059964273	0.153302431	0.119928546	0.001026243
000163_jpg.rf.55c9537881a01c071eb6c3b46008b884.jpg	9	0.18902941	0.143960163	0.336584389	0.278312176	0.951315939
000163_jpg.rf.55c9537881a01c071eb6c3b46008b884.jpg	0	0.712281406	0.095946327	0.052499481	0.025188301	0.002127977
000166_jpg.rf.f37d1c743a28243f0e0f2482f2a67290.jpg	9	0.502569675	0.479851156	0.358144581	0.629597485	0.950158358
000174_jpg.rf.4f68fb9dc24d6b51af78e847b1e30c10.jpg	9	0.604764581	0.395776689	0.279868543	0.420601636	0.950249612
000175_jpg.rf.3690880bd7e62c2260306322a3762cc7.jpg	9	0.605246186	0.401774943	0.279599339	0.426698416	0.950467885
000175_jpg.rf.3690880bd7e62c2260306322a3762cc7.jpg	4	0.606023908	0.97142005	0.182213426	0.055932634	0.002436306
000175_jpg.rf.3690880bd7e62c2260306322a3762cc7.jpg	4	0.589818001	0.887356877	0.215774	0.224046856	0.001035522
000178_jpg.rf.0b4d8766b1bfcd897098e2f8b9bbe5d1.jpg	9	0.470283478	0.503436446	0.76330018	0.54101789	0.942324519
000191_jpg.rf.055356915ad47ae7e1c0ded839d6c748.jpg	9	0.685509861	0.416502357	0.356729269	0.505959988	0.946256995
000193_jpg.rf.334b364417849eb38db4d2275dc85838.jpg	9	0.495843709	0.34840247	0.662655294	0.441132575	0.963598669
000198_jpg.rf.9f156753fda46dd6fe9848a1440afd1b.jpg	9	0.408745706	0.458261758	0.246547237	0.380808264	0.952956915
000198_jpg.rf.9f156753fda46dd6fe9848a1440afd1b.jpg	0	0.851683736	0.010211176	0.032904625	0.020422352	0.00108212
000202_jpg.rf.7b9c03e897bab9b7a170deae87d31266.jpg	8	0.451124072	0.23643221	0.341740876	0.19910942	0.953904748
000202_jpg.rf.7b9c03e897bab9b7a170deae87d31266.jpg	0	0.32779327	0.630764782	0.189644083	0.122723952	0.001856806
000204_jpg.rf.0ea9da72e384254681f268a305a35eb6.jpg	8	0.452245623	0.495489419	0.456624478	0.548383713	0.951656222
000216_jpg.rf.ba4ecb747ec69d54c3a1690dcf5f5b3a.jpg	8	0.469675928	0.27899617	0.396626055	0.228816956	0.954950392
000220_jpg.rf.07bc310baa1bbe3fe3ba7117b874ff64.jpg	8	0.517721653	0.367760897	0.391450703	0.256522119	0.969171405
000223_jpg.rf.dbc866e5b7c69cf418e6bcca0e66e50b.jpg	8	0.645758331	0.441510767	0.580163419	0.753500819	0.96430403
000231_jpg.rf.71b28020e16b2c6b5aa86d24726609c8.jpg	8	0.499310374	0.782798052	0.200921834	0.139562979	0.944341779
000231_jpg.rf.71b28020e16b2c6b5aa86d24726609c8.jpg	8	0.499777973	0.829508603	0.20125027	0.242448077	0.001350388
000238_jpg.rf.dd14162743767963400cffffaea73ac9.jpg	8	0.64267987	0.489310831	0.593151271	0.950077474	0.949648917
000239_jpg.rf.9c2470be6d2e5443f4db1ababb992587.jpg	8	0.518587708	0.344700575	0.562221348	0.413606554	0.947054684
000257_jpg.rf.6f63b8fd63b0d875247ba0e3d776bd4f.jpg	8	0.26203537	0.214702949	0.432622522	0.274876237	0.974691153
000261_jpg.rf.7c97ab6d968e742c9cc124edd2630e3c.jpg	8	0.499063462	0.257587105	0.443781883	0.290492207	0.960631371
000267_jpg.rf.45d318ba9ef48ae9327bb408eb24438e.jpg	8	0.675969362	0.500209987	0.268689752	0.173336804	0.918032885
000267_jpg.rf.45d318ba9ef48ae9327bb408eb24438e.jpg	0	0.389856339	0.166690797	0.047185495	0.032976948	0.207265317
000267_jpg.rf.45d318ba9ef48ae9327bb408eb24438e.jpg	0	0.032457206	0.168706313	0.025318522	0.017203424	0.053323381
000267_jpg.rf.45d318ba9ef48ae9327bb408eb24438e.jpg	0	0.390982926	0.179072574	0.045811288	0.036487289	0.017721692
000267_jpg.rf.45d318ba9ef48ae9327bb408eb24438e.jpg	0	0.403330445	0.166422367	0.074654765	0.031673003	0.015564398
000267_jpg.rf.45d318ba9ef48ae9327bb408eb24438e.jpg	0	0.032690249	0.189279974	0.022852195	0.036956716	0.005341619
000267_jpg.rf.45d318ba9ef48ae9327bb408eb24438e.jpg	0	0.030930324	0.198163226	0.02552793	0.022628969	0.003892458
000267_jpg.rf.45d318ba9ef48ae9327bb408eb24438e.jpg	0	0.029543882	0.147440553	0.034674279	0.025878467	0.00290782
000267_jpg.rf.45d318ba9ef48ae9327bb408eb24438e.jpg	1	0.217796847	0.15532425	0.042969853	0.027852491	0.001702433
000267_jpg.rf.45d318ba9ef48ae9327bb408eb24438e.jpg	0	0.386769027	0.174968109	0.044853505	0.033058811	0.001615401
000267_jpg.rf.45d318ba9ef48ae9327bb408eb24438e.jpg	0	0.030028222	0.191207886	0.038418785	0.031615313	0.001396742
000267_jpg.rf.45d318ba9ef48ae9327bb408eb24438e.jpg	0	0.393425047	0.188607365	0.042261492	0.024848664	0.001367892
000282_jpg.rf.26ad0708d13674c6d8cfce6f6bd40cdb.jpg	8	0.492372066	0.484001756	0.873194158	0.551780403	0.970954478
000282_jpg.rf.26ad0708d13674c6d8cfce6f6bd40cdb.jpg	1	0.230384797	0.0101928	0.175880805	0.020308051	0.005370866
000282_jpg.rf.26ad0708d13674c6d8cfce6f6bd40cdb.jpg	1	0.221250087	0.006637284	0.154654071	0.013186234	0.001368021
000286_jpg.rf.48a1be45c5db5656f2bacf687164c529.jpg	11	0.379501283	0.481399268	0.455489427	0.855606854	0.533001423
000286_jpg.rf.48a1be45c5db5656f2bacf687164c529.jpg	8	0.380149722	0.479529768	0.454385489	0.854812205	0.201117665
000286_jpg.rf.48a1be45c5db5656f2bacf687164c529.jpg	5	0.079104461	0.48025915	0.158208922	0.863660038	0.006490717
000286_jpg.rf.48a1be45c5db5656f2bacf687164c529.jpg	8	0.078865729	0.481445104	0.157731459	0.851491511	0.001356659
000287_jpg.rf.a4143ed52df9779f0f27104daf6a8762.jpg	14	0.338486612	0.471462756	0.419541091	0.538450599	0.956749797
000287_jpg.rf.a4143ed52df9779f0f27104daf6a8762.jpg	8	0.760241628	0.35223943	0.270406008	0.336549252	0.94607389
000288_jpg.rf.2764018cfc726e02916e1739c8f35b5e.jpg	8	0.480807871	0.660259247	0.452074438	0.280819893	0.964192748
000289_jpg.rf.5bcff3507297a43a567fd64d593fd533.jpg	8	0.494320184	0.275933415	0.494358301	0.3065207	0.966239572
000295_jpg.rf.3940d624bf6e15926480dad000dd8fa4.jpg	8	0.533597648	0.714967489	0.503897965	0.343976587	0.955670714
000300_jpg.rf.5013849426466f43fb71333c9d7e208b.jpg	10	0.293478757	0.673479378	0.244717926	0.383842736	0.971773446
000300_jpg.rf.5013849426466f43fb71333c9d7e208b.jpg	1	0.91262877	0.33998704	0.007799516	0.012345131	0.012410196
000300_jpg.rf.5013849426466f43fb71333c9d7e208b.jpg	1	0.912481129	0.339924932	0.012498856	0.012250241	0.00481848
000300_jpg.rf.5013849426466f43fb71333c9d7e208b.jpg	1	0.914088488	0.339752138	0.010107407	0.010960396	0.003966189
000300_jpg.rf.5013849426466f43fb71333c9d7e208b.jpg	1	0.818995416	0.576254189	0.026293902	0.047662482	0.001881092
000336_jpg.rf.be0bfe39579236b8f1710a54065f106c.jpg	11	0.847242832	0.272339731	0.188151881	0.272760093	0.443938643
000336_jpg.rf.be0bfe39579236b8f1710a54065f106c.jpg	10	0.846872926	0.271798521	0.186978936	0.270969391	0.224493712
000338_jpg.rf.69f491edc3091d390af673d2da54e080.jpg	10	0.236709788	0.159509152	0.071137249	0.131421834	0.973197043
000338_jpg.rf.69f491edc3091d390af673d2da54e080.jpg	10	0.182969853	0.152747363	0.178439438	0.146376938	0.008081715
000338_jpg.rf.69f491edc3091d390af673d2da54e080.jpg	12	0.239153609	0.144101515	0.068497933	0.10161031	0.002869118
000338_jpg.rf.69f491edc3091d390af673d2da54e080.jpg	10	0.298607647	0.163001567	0.208101094	0.146715313	0.001630217
000344_jpg.rf.86a946abb84be97bc833636b8b47b779.jpg	10	0.218061239	0.440797687	0.237019837	0.354715943	0.946853638
000359_jpg.rf.767bed64e2ff0d34ec7b1db1d0e6c398.jpg	10	0.660234392	0.416993409	0.323680609	0.48820138	0.956142783
000361_jpg.rf.373518288e417cc551b309d3533c6d0f.jpg	10	0.668878019	0.4443672	0.352917463	0.498457968	0.951620281
000380_jpg.rf.7216ac7b95b9137ab398250ae08e026c.jpg	10	0.55269593	0.444578081	0.168487743	0.268960744	0.939651191
000380_jpg.rf.7216ac7b95b9137ab398250ae08e026c.jpg	1	0.042130601	0.553577006	0.060216215	0.10214626	0.001418506
000380_jpg.rf.7216ac7b95b9137ab398250ae08e026c.jpg	0	0.102133386	0.543888211	0.048471738	0.141760617	0.001410956
000380_jpg.rf.7216ac7b95b9137ab398250ae08e026c.jpg	0	0.045149222	0.55361414	0.06214916	0.100469597	0.001335954
000383_jpg.rf.070efbd57b6f1e61ece84acca33ec797.jpg	10	0.598330319	0.434474885	0.154600292	0.22402294	0.91805017
000383_jpg.rf.070efbd57b6f1e61ece84acca33ec797.jpg	1	0.741652429	0.587363064	0.011015746	0.029934701	0.002790384
000384_jpg.rf.0bd20cbc913cf806be9769b408f6e5d6.jpg	10	0.37607649	0.348703951	0.096439838	0.124198332	0.955645859
000384_jpg.rf.0bd20cbc913cf806be9769b408f6e5d6.jpg	10	0.355013788	0.45356372	0.124591358	0.325475603	0.002300294
000384_jpg.rf.0bd20cbc913cf806be9769b408f6e5d6.jpg	10	0.250258863	0.493196905	0.440407097	0.418945998	0.002138937
000384_jpg.rf.0bd20cbc913cf806be9769b408f6e5d6.jpg	10	0.329770356	0.20641762	0.243324727	0.405008078	0.001600993
000412_jpg.rf.4201db338b39b5c120994db37fbf058f.jpg	7	0.638220608	0.42022568	0.493323863	0.640983164	0.974367559
000443_jpg.rf.a212d740b71445278e52aec90cdd3e47.jpg	7	0.613547087	0.310308188	0.257685363	0.382560343	0.941964328
000443_jpg.rf.a212d740b71445278e52aec90cdd3e47.jpg	8	0.805437386	0.195199311	0.054912347	0.066233382	0.004266676
000443_jpg.rf.a212d740b71445278e52aec90cdd3e47.jpg	0	0.826282799	0.950039685	0.025127778	0.071146749	0.00148412
000443_jpg.rf.a212d740b71445278e52aec90cdd3e47.jpg	0	0.826235592	0.969317675	0.024282016	0.031631984	0.001067624
000446_jpg.rf.6c9f95ad6ab51802829691fd907953e2.jpg	7	0.645750046	0.488788784	0.438358337	0.625949025	0.970261812
000446_jpg.rf.6c9f95ad6ab51802829691fd907953e2.jpg	1	0.228752628	0.284944832	0.035571925	0.037038069	0.021278104
000446_jpg.rf.6c9f95ad6ab51802829691fd907953e2.jpg	1	0.224908486	0.281365633	0.051969346	0.025826456	0.013689807
000446_jpg.rf.6c9f95ad6ab51802829691fd907953e2.jpg	1	0.235842735	0.277396619	0.030594643	0.023063276	0.010228215
000446_jpg.rf.6c9f95ad6ab51802829691fd907953e2.jpg	1	0.221495897	0.295541346	0.040960498	0.032196246	0.009548692
000446_jpg.rf.6c9f95ad6ab51802829691fd907953e2.jpg	1	0.223078117	0.285969347	0.053325269	0.032732725	0.009328336
000446_jpg.rf.6c9f95ad6ab51802829691fd907953e2.jpg	1	0.225010544	0.277472734	0.049464501	0.021413602	0.006243806
000446_jpg.rf.6c9f95ad6ab51802829691fd907953e2.jpg	1	0.240278468	0.274143159	0.023897924	0.022335567	0.0059078
000446_jpg.rf.6c9f95ad6ab51802829691fd907953e2.jpg	1	0.087751083	0.278589487	0.021076597	0.027841771	0.005563885
000446_jpg.rf.6c9f95ad6ab51802829691fd907953e2.jpg	0	0.011316776	0.530516386	0.022361184	0.017072897	0.004498098
000446_jpg.rf.6c9f95ad6ab51802829691fd907953e2.jpg	1	0.267484277	0.709198594	0.035026498	0.02667816	0.004336729
000446_jpg.rf.6c9f95ad6ab51802829691fd907953e2.jpg	1	0.010056761	0.53038168	0.019401021	0.017081078	0.004231893
000446_jpg.rf.6c9f95ad6ab51802829691fd907953e2.jpg	1	0.224032849	0.288610131	0.046561096	0.042445369	0.002899658
000446_jpg.rf.6c9f95ad6ab51802829691fd907953e2.jpg	1	0.106172346	0.63355726	0.028718712	0.021974931	0.002171834
000446_jpg.rf.6c9f95ad6ab51802829691fd907953e2.jpg	0	0.025942434	0.503282428	0.030966874	0.0136115	0.001634639
000446_jpg.rf.6c9f95ad6ab51802829691fd907953e2.jpg	1	0.008034831	0.547260463	0.015985861	0.055162836	0.001430519
000446_jpg.rf.6c9f95ad6ab51802829691fd907953e2.jpg	0	0.063254654	0.566884279	0.042251237	0.023644082	0.00115655
000446_jpg.rf.6c9f95ad6ab51802829691fd907953e2.jpg	1	0.210860282	0.38933748	0.034920216	0.018296132	0.001049475
000446_jpg.rf.6c9f95ad6ab51802829691fd907953e2.jpg	1	0.220163897	0.299549043	0.043234076	0.022972712	0.001032252
000464_jpg.rf.e5b8f6d9c318c1ad7e34ee049bd64988.jpg	11	0.317492396	0.284703791	0.285908997	0.530303359	0.949112117
000464_jpg.rf.e5b8f6d9c318c1ad7e34ee049bd64988.jpg	0	0.021170855	0.31041193	0.042144567	0.540101767	0.001252878
000466_jpg.rf.f609fd155d77826a456bb83ec2fba973.jpg	11	0.503614545	0.445333749	0.34284839	0.205871448	0.958804011
000475_jpg.rf.b44fe1a1d53315f7ff81d3bea0277189.jpg	11	0.586693406	0.210795209	0.286246449	0.348023683	0.953792214
000475_jpg.rf.b44fe1a1d53315f7ff81d3bea0277189.jpg	1	0.296534777	0.468840808	0.593069553	0.913858831	0.002247328
000475_jpg.rf.b44fe1a1d53315f7ff81d3bea0277189.jpg	1	0.292770505	0.630046487	0.585263789	0.573865175	0.001172496
000478_jpg.rf.ea1348c002d93944315cd4db7cccc0ed.jpg	11	0.679678261	0.35236463	0.191437542	0.299118429	0.94067347
000485_jpg.rf.af7e94cba40a41c54db6ce2495de5789.jpg	11	0.520890653	0.643039584	0.156980813	0.213837489	0.94080627
000488_jpg.rf.39fb3e780926eca95137e27b755f19af.jpg	11	0.684853017	0.643613815	0.362131119	0.237515464	0.95281589
000495_jpg.rf.62cc333852734fdf12c38fb00d5a8273.jpg	11	0.228636771	0.513444126	0.275067747	0.44366625	0.956062078
000500_jpg.rf.b742528d52c611a0eb6f2d0453a3c81a.jpg	11	0.822292507	0.441172093	0.09227819	0.130313694	0.971262634
000507_jpg.rf.cef3041f8b255c4cea0070fe8e2c04e4.jpg	11	0.673337102	0.34559074	0.347315431	0.273144573	0.942047954
000512_jpg.rf.e2e180ced9b44c98c59556fef04838bd.jpg	11	0.379956603	0.473423511	0.574810684	0.705260575	0.955264866
000512_jpg.rf.e2e180ced9b44c98c59556fef04838bd.jpg	11	0.833911777	0.198563218	0.205156699	0.25225839	0.945892751
000512_jpg.rf.e2e180ced9b44c98c59556fef04838bd.jpg	4	0.630977631	0.970257521	0.173242033	0.05948507	0.001746561
000512_jpg.rf.e2e180ced9b44c98c59556fef04838bd.jpg	4	0.549483776	0.970082402	0.33624649	0.059553735	0.001437189
000514_jpg.rf.b0d6f6a9a9a1c36ac223b9185a3cfed6.jpg	10	0.714053154	0.262736917	0.084110849	0.109488256	0.334154755
000514_jpg.rf.b0d6f6a9a9a1c36ac223b9185a3cfed6.jpg	11	0.714724422	0.262584209	0.083672896	0.108438037	0.255411655
000514_jpg.rf.b0d6f6a9a9a1c36ac223b9185a3cfed6.jpg	9	0.714525104	0.262857854	0.082868949	0.110056072	0.193616718
000514_jpg.rf.b0d6f6a9a9a1c36ac223b9185a3cfed6.jpg	0	0.829788744	0.0204175	0.283519179	0.040835001	0.100485854
000514_jpg.rf.b0d6f6a9a9a1c36ac223b9185a3cfed6.jpg	0	0.710596085	0.022057934	0.52721864	0.044115867	0.07582403
000514_jpg.rf.b0d6f6a9a9a1c36ac223b9185a3cfed6.jpg	0	0.60117209	0.024803672	0.29417339	0.049607344	0.016502371
000514_jpg.rf.b0d6f6a9a9a1c36ac223b9185a3cfed6.jpg	0	0.780194461	0.022566635	0.365752608	0.044898797	0.012500985
000514_jpg.rf.b0d6f6a9a9a1c36ac223b9185a3cfed6.jpg	1	0.315962076	0.025636105	0.258246332	0.051202144	0.01107026
000514_jpg.rf.b0d6f6a9a9a1c36ac223b9185a3cfed6.jpg	0	0.310306042	0.024547901	0.279719472	0.049095802	0.006097625
000514_jpg.rf.b0d6f6a9a9a1c36ac223b9185a3cfed6.jpg	1	0.039108984	0.317184031	0.029585287	0.01481115	0.00498771
000514_jpg.rf.b0d6f6a9a9a1c36ac223b9185a3cfed6.jpg	1	0.377004892	0.023398943	0.138579085	0.046650361	0.004592791
000514_jpg.rf.b0d6f6a9a9a1c36ac223b9185a3cfed6.jpg	0	0.534978867	0.025302978	0.495900184	0.050605956	0.002428401
000514_jpg.rf.b0d6f6a9a9a1c36ac223b9185a3cfed6.jpg	9	0.041531891	0.318571329	0.026238689	0.016057711	0.002335436
000514_jpg.rf.b0d6f6a9a9a1c36ac223b9185a3cfed6.jpg	0	0.848098934	0.013959751	0.30051592	0.027730757	0.001902055
000514_jpg.rf.b0d6f6a9a9a1c36ac223b9185a3cfed6.jpg	1	0.016626457	0.321553081	0.025693512	0.013902077	0.001672062
000514_jpg.rf.b0d6f6a9a9a1c36ac223b9185a3cfed6.jpg	1	0.010289873	0.326696038	0.017504591	0.015986627	0.001663178
000514_jpg.rf.b0d6f6a9a9a1c36ac223b9185a3cfed6.jpg	0	0.37626797	0.020720681	0.13129063	0.041441362	0.001582049
000514_jpg.rf.b0d6f6a9a9a1c36ac223b9185a3cfed6.jpg	1	0.314990491	0.719492435	0.024354093	0.015426856	0.001469234
000514_jpg.rf.b0d6f6a9a9a1c36ac223b9185a3cfed6.jpg	10	0.312520981	0.024858678	0.278327763	0.049717356	0.001410997
000514_jpg.rf.b0d6f6a9a9a1c36ac223b9185a3cfed6.jpg	1	0.306750476	0.717906952	0.023281869	0.013541075	0.001347011
000534_jpg.rf.fc7a9c184c96044637a59a8abbc842d2.jpg	11	0.808713973	0.463052034	0.133930206	0.178456903	0.946186662
000534_jpg.rf.fc7a9c184c96044637a59a8abbc842d2.jpg	11	0.771235585	0.463047892	0.221204624	0.181492224	0.0014548
000558_jpg.rf.40c69cee11121c32100bc0ec9dc29849.jpg	12	0.794227362	0.357234418	0.321175307	0.386282504	0.968177319
000558_jpg.rf.40c69cee11121c32100bc0ec9dc29849.jpg	1	0.38989675	0.385407418	0.037901293	0.018964108	0.006428191
000558_jpg.rf.40c69cee11121c32100bc0ec9dc29849.jpg	1	0.2879529	0.36591202	0.033501424	0.028891344	0.005891376
000558_jpg.rf.40c69cee11121c32100bc0ec9dc29849.jpg	1	0.386889398	0.391317278	0.040091846	0.020092452	0.003768984
000558_jpg.rf.40c69cee11121c32100bc0ec9dc29849.jpg	14	0.287821203	0.362521261	0.034461793	0.023034096	0.001983326
000558_jpg.rf.40c69cee11121c32100bc0ec9dc29849.jpg	1	0.289536536	0.373471558	0.032684036	0.044455785	0.001382542
000566_jpg.rf.85d938d7ad9b91799d8732111b98cc79.jpg	12	0.398571581	0.226722196	0.180854142	0.285998911	0.92699492
000566_jpg.rf.85d938d7ad9b91799d8732111b98cc79.jpg	0	0.578322351	0.662956119	0.025290491	0.069325157	0.198286563
000566_jpg.rf.85d938d7ad9b91799d8732111b98cc79.jpg	1	0.578949273	0.661831796	0.024373055	0.069157086	0.03732615
000592_jpg.rf.7264e25a590f878fcb39467d550219de.jpg	12	0.715155423	0.384328038	0.491057843	0.768656075	0.973626792
000595_jpg.rf.5b549a5e1f209899e21445383698e00d.jpg	12	0.702831447	0.687981784	0.399154156	0.599733829	0.943202794
000596_jpg.rf.eb635457db0d42d1d585000296f83145.jpg	12	0.78102088	0.395053834	0.386847556	0.71110034	0.949426234
000599_jpg.rf.87f4886233a457df94743a34ee410218.jpg	12	0.81157583	0.245217219	0.305759668	0.465848058	0.948888302
000599_jpg.rf.87f4886233a457df94743a34ee410218.jpg	1	0.279758304	0.525290132	0.066509545	0.036591824	0.009500155
000599_jpg.rf.87f4886233a457df94743a34ee410218.jpg	1	0.306562096	0.529392719	0.02834608	0.028824331	0.005272688
000599_jpg.rf.87f4886233a457df94743a34ee410218.jpg	1	0.292639524	0.526760578	0.05210904	0.034766383	0.004206776
000599_jpg.rf.87f4886233a457df94743a34ee410218.jpg	3	0.419075698	0.653580844	0.023303216	0.029127415	0.002601319
000599_jpg.rf.87f4886233a457df94743a34ee410218.jpg	0	0.058022495	0.149857908	0.11577756	0.299343497	0.001216514
000626_jpg.rf.844a2fbefbe88499e977a640a50441c8.jpg	12	0.509911716	0.249175966	0.202540591	0.375923455	0.935243547
000629_jpg.rf.7fc79b6ca0f85116dc5588dd6869900c.jpg	12	0.449652016	0.340676695	0.453297585	0.309525549	0.963521361
000629_jpg.rf.7fc79b6ca0f85116dc5588dd6869900c.jpg	1	0.806980312	0.070277765	0.020108884	0.011302444	0.007224643
000629_jpg.rf.7fc79b6ca0f85116dc5588dd6869900c.jpg	1	0.810947955	0.069044486	0.023381455	0.0117836	0.001497986
000629_jpg.rf.7fc79b6ca0f85116dc5588dd6869900c.jpg	1	0.858900845	0.066502936	0.026123049	0.012840749	0.001276276
000629_jpg.rf.7fc79b6ca0f85116dc5588dd6869900c.jpg	1	0.862483144	0.064710595	0.02728389	0.013444612	0.001146532
000635_jpg.rf.add3c9544fc93e8ad88fcb67fbb714cb.jpg	12	0.492632002	0.165456578	0.103217863	0.142096519	0.91247189
000644_jpg.rf.e150fedf356c73b528bb6943f267e094.jpg	12	0.371842533	0.213078603	0.340287298	0.209306985	0.942717969
000649_jpg.rf.f86b7d2974091d1956dedec6e79cbf61.jpg	12	0.278866857	0.167547703	0.115762696	0.160749823	0.961935878
000649_jpg.rf.f86b7d2974091d1956dedec6e79cbf61.jpg	0	0.60285598	0.874868691	0.019603914	0.014778504	0.001073062
000652_jpg.rf.2d13be3464e928dde8d4e3a7ed638236.jpg	12	0.636593461	0.531473279	0.076495908	0.116454497	0.953450501
000652_jpg.rf.2d13be3464e928dde8d4e3a7ed638236.jpg	7	0.690961063	0.824508905	0.6158427	0.350982249	0.002672682
000652_jpg.rf.2d13be3464e928dde8d4e3a7ed638236.jpg	7	0.805505991	0.828254223	0.388988078	0.343491644	0.002671678
000654_jpg.rf.d267c50f2def671a3af6c7816a990548.jpg	12	0.453053057	0.37249431	0.18348372	0.279201418	0.931170821
000656_jpg.rf.2bfcb3a401a6cd59986f442316903cca.jpg	12	0.848864496	0.345537633	0.224108845	0.228992984	0.932070434
000658_jpg.rf.305458475fd66b31a8b2796cceb9f511.jpg	12	0.562580168	0.451367825	0.125900939	0.182901353	0.940877199
000658_jpg.rf.305458475fd66b31a8b2796cceb9f511.jpg	12	0.562627614	0.513859153	0.129255846	0.308799982	0.001444613
000664_jpg.rf.882fdd90b90c7f1af1fc37a7467443cf.jpg	9	0.235868663	0.33344841	0.237462893	0.315430611	0.956655502
000664_jpg.rf.882fdd90b90c7f1af1fc37a7467443cf.jpg	12	0.231473237	0.726259947	0.239169136	0.309117287	0.94857806
000670_jpg.rf.9b82f265d8e858e1ac239f550bb09315.jpg	12	0.791416049	0.254467577	0.254683197	0.366061598	0.957607806
000670_jpg.rf.9b82f265d8e858e1ac239f550bb09315.jpg	1	0.293319374	0.320065349	0.019769669	0.012797393	0.007611288
000670_jpg.rf.9b82f265d8e858e1ac239f550bb09315.jpg	1	0.089029767	0.221751913	0.016075429	0.012687812	0.002648729
000670_jpg.rf.9b82f265d8e858e1ac239f550bb09315.jpg	1	0.27175799	0.58365345	0.035803795	0.023514932	0.00177632
000670_jpg.rf.9b82f265d8e858e1ac239f550bb09315.jpg	1	0.264897168	0.582193255	0.035080619	0.021634873	0.001331111
000670_jpg.rf.9b82f265d8e858e1ac239f550bb09315.jpg	1	0.286384881	0.316594571	0.018187523	0.013937877	0.00120154
000670_jpg.rf.9b82f265d8e858e1ac239f550bb09315.jpg	1	0.266445071	0.307350814	0.015462491	0.014956585	0.001021403
000680_jpg.rf.10f9a8b0c68fd4c3a3f991673e8be240.jpg	12	0.789170682	0.317663908	0.314540505	0.405560404	0.951022685
000684_jpg.rf.da8d58e5754b48f640c2521ce190912e.jpg	12	0.373053849	0.454154909	0.584819496	0.724747777	0.954084218
000684_jpg.rf.da8d58e5754b48f640c2521ce190912e.jpg	12	0.832250714	0.191396698	0.206286654	0.253844172	0.94748795
000684_jpg.rf.da8d58e5754b48f640c2521ce190912e.jpg	4	0.624957263	0.969763696	0.179309085	0.060472637	0.004019621
000684_jpg.rf.da8d58e5754b48f640c2521ce190912e.jpg	4	0.53486377	0.970169485	0.360138476	0.059395574	0.002857315
000689_jpg.rf.e7eb671b04e54cabccbc491dc3087e13.jpg	12	0.500316322	0.495536417	0.319116026	0.568939745	0.946074307
000689_jpg.rf.e7eb671b04e54cabccbc491dc3087e13.jpg	8	0.979908884	0.260004282	0.040182333	0.11794956	0.05869681
000689_jpg.rf.e7eb671b04e54cabccbc491dc3087e13.jpg	11	0.975722075	0.638460457	0.048196793	0.461078107	0.007507287
000689_jpg.rf.e7eb671b04e54cabccbc491dc3087e13.jpg	11	0.97076422	0.579510868	0.058219913	0.559765935	0.003401565
000689_jpg.rf.e7eb671b04e54cabccbc491dc3087e13.jpg	11	0.966851056	0.48706302	0.066282272	0.767082036	0.001490933
000695_jpg.rf.5433ef9bdff69bb898a98f69af622064.jpg	12	0.222312972	0.323484629	0.202195913	0.289446712	0.944977105
000700_jpg.rf.4abc8faa3c8f0970d53095fa9218cf8a.jpg	13	0.910392046	0.548764706	0.081797019	0.121449068	0.798619628
000700_jpg.rf.4abc8faa3c8f0970d53095fa9218cf8a.jpg	4	0.91244483	0.546532631	0.078221321	0.119927958	0.001745214
000703_jpg.rf.2999e1a86a880c30b97644b227648d36.jpg	13	0.499192476	0.373339325	0.504480481	0.57340306	0.894875824
000711_jpg.rf.0a584e00809f5da1be911472ba1f8e7b.jpg	13	0.919400156	0.596748769	0.061921123	0.10987018	0.938882172
000711_jpg.rf.0a584e00809f5da1be911472ba1f8e7b.jpg	13	0.079559922	0.554205358	0.040429782	0.069691658	0.215901732
000711_jpg.rf.0a584e00809f5da1be911472ba1f8e7b.jpg	12	0.079346739	0.553638816	0.041627005	0.069779031	0.168831259
000711_jpg.rf.0a584e00809f5da1be911472ba1f8e7b.jpg	1	0.24904798	0.128004283	0.051452622	0.021269891	0.048520915
000711_jpg.rf.0a584e00809f5da1be911472ba1f8e7b.jpg	1	0.237675786	0.141133815	0.030968374	0.025387509	0.041974295
000711_jpg.rf.0a584e00809f5da1be911472ba1f8e7b.jpg	5	0.079350814	0.553857803	0.040798735	0.069849014	0.041495543
000711_jpg.rf.0a584e00809f5da1be911472ba1f8e7b.jpg	1	0.239546314	0.144348934	0.029666884	0.019488133	0.040605314
000711_jpg.rf.0a584e00809f5da1be911472ba1f8e7b.jpg	1	0.243029684	0.131085366	0.042281061	0.024153948	0.039527882
000711_jpg.rf.0a584e00809f5da1be911472ba1f8e7b.jpg	1	0.258459151	0.127112746	0.068090059	0.02099614	0.027215486
000711_jpg.rf.0a584e00809f5da1be911472ba1f8e7b.jpg	1	0.254204571	0.132395834	0.063421436	0.026512293	0.01063007
000711_jpg.rf.0a584e00809f5da1be911472ba1f8e7b.jpg	0	0.479064971	0.125769675	0.04002076	0.018327108	0.009286718
000711_jpg.rf.0a584e00809f5da1be911472ba1f8e7b.jpg	1	0.241755158	0.147386298	0.022840556	0.022749828	0.009189776
000711_jpg.rf.0a584e00809f5da1be911472ba1f8e7b.jpg	1	0.241977841	0.13975291	0.032469366	0.026195243	0.005327579
000711_jpg.rf.0a584e00809f5da1be911472ba1f8e7b.jpg	0	0.481584042	0.125877336	0.041964717	0.023365114	0.004535044
000711_jpg.rf.0a584e00809f5da1be911472ba1f8e7b.jpg	1	0.251160145	0.122238822	0.058279388	0.017216014	0.004168255
000711_jpg.rf.0a584e00809f5da1be911472ba1f8e7b.jpg	1	0.236406997	0.146230906	0.027327355	0.026972415	0.003847159
000711_jpg.rf.0a584e00809f5da1be911472ba1f8e7b.jpg	9	0.919635952	0.595676005	0.063636199	0.112706371	0.003033598
000711_jpg.rf.0a584e00809f5da1be911472ba1f8e7b.jpg	1	0.226246655	0.138531432	0.021450428	0.027598144	0.002737265
000711_jpg.rf.0a584e00809f5da1be911472ba1f8e7b.jpg	1	0.230757609	0.132353351	0.029927824	0.028764818	0.001894851
000711_jpg.rf.0a584e00809f5da1be911472ba1f8e7b.jpg	1	0.264403284	0.122014597	0.058366191	0.017416432	0.001783322
000711_jpg.rf.0a584e00809f5da1be911472ba1f8e7b.jpg	1	0.399935335	0.170116171	0.027441686	0.016760681	0.00146537
000711_jpg.rf.0a584e00809f5da1be911472ba1f8e7b.jpg	1	0.397160262	0.163881898	0.023180999	0.019561676	0.001369072
000713_jpg.rf.ea540b12ec46dd3f2dad786ab321c3a3.jpg	7	0.526609778	0.457323909	0.323505223	0.237113193	0.940775037
000722_jpg.rf.9bee48a5dc22112fb5a705192fd54d45.jpg	8	0.502211869	0.626642406	0.156475842	0.201253384	0.88715297
000722_jpg.rf.9bee48a5dc22112fb5a705192fd54d45.jpg	10	0.505507112	0.325357705	0.162666515	0.234462067	0.030480148
000722_jpg.rf.9bee48a5dc22112fb5a705192fd54d45.jpg	0	0.331230551	0.984157145	0.034361105	0.031547181	0.005052816
000722_jpg.rf.9bee48a5dc22112fb5a705192fd54d45.jpg	12	0.505908847	0.322591871	0.165151671	0.23550953	0.004271058
000722_jpg.rf.9bee48a5dc22112fb5a705192fd54d45.jpg	12	0.209835872	0.253371149	0.016916569	0.032529265	0.001448839
000729_jpg.rf.7b1a28094ac79f94f38e0ca9d4037037.jpg	12	0.863182127	0.239776492	0.266041756	0.417247236	0.949959278
000735_jpg.rf.8927d1a7914f3b404d59d7afb8238ce4.jpg	13	0.540896714	0.287170023	0.207891062	0.361561209	0.959175467
000735_jpg.rf.8927d1a7914f3b404d59d7afb8238ce4.jpg	1	0.31412226	0.809714854	0.012602147	0.022806609	0.005598589
000736_jpg.rf.228d17ea85d8e4b2f1fd5a1fec7582d9.jpg	13	0.442324787	0.253587753	0.251791775	0.16109024	0.920657516
000736_jpg.rf.228d17ea85d8e4b2f1fd5a1fec7582d9.jpg	11	0.451776266	0.420653939	0.249029174	0.155967683	0.783751786
000741_jpg.rf.48077831b42aa2a01691cd30be5da048.jpg	13	0.676161766	0.332255125	0.396589547	0.66451025	0.971485376
000741_jpg.rf.48077831b42aa2a01691cd30be5da048.jpg	13	0.582814813	0.332896024	0.207982257	0.661996424	0.001402736
000753_jpg.rf.23d05489386c3399c5d26ac779015d26.jpg	13	0.647640526	0.73691082	0.104283482	0.155836552	0.967568636
000762_jpg.rf.ea6102293c9b38d9f90158f1a4cc33f7.jpg	13	0.680688322	0.4069722	0.212343484	0.263829231	0.967826605
000763_jpg.rf.6018d10dd3889ec0579a386c052fb6ff.jpg	13	0.460598528	0.321694702	0.082691379	0.154302403	0.782145202
000763_jpg.rf.6018d10dd3889ec0579a386c052fb6ff.jpg	1	0.641446233	0.233548835	0.024740219	0.018028149	0.00242368
000763_jpg.rf.6018d10dd3889ec0579a386c052fb6ff.jpg	1	0.611363113	0.108362935	0.048266634	0.023176864	0.001054454
000769_jpg.rf.1df4a76b3e7055f19fd63f71a3d4ab3f.jpg	13	0.786422551	0.499204218	0.273345798	0.211766794	0.949899197
000783_jpg.rf.0f12070feb6f7bc91c48aa93a65d2e93.jpg	13	0.647980154	0.267395824	0.246798888	0.450033873	0.971568048
000786_jpg.rf.60798d12643d9be450731115c76bd86c.jpg	13	0.786500514	0.099936217	0.133604273	0.131761193	0.908521295
000786_jpg.rf.60798d12643d9be450731115c76bd86c.jpg	0	0.809531748	0.900089324	0.031538378	0.016983986	0.003646498
000786_jpg.rf.60798d12643d9be450731115c76bd86c.jpg	1	0.371273249	0.507802129	0.0325123	0.018362926	0.00197583
000790_jpg.rf.ddb1d679830f7cafbcbec2013a6ff2fc.jpg	13	0.764646411	0.091744728	0.232431784	0.171278432	0.951969564
000790_jpg.rf.ddb1d679830f7cafbcbec2013a6ff2fc.jpg	1	0.778204858	0.982087374	0.041408759	0.035635363	0.002876758
000790_jpg.rf.ddb1d679830f7cafbcbec2013a6ff2fc.jpg	14	0.778522372	0.982033551	0.041222207	0.035477858	0.001866727
000790_jpg.rf.ddb1d679830f7cafbcbec2013a6ff2fc.jpg	0	0.502379417	0.560073495	0.995241225	0.494156629	0.001393364
000790_jpg.rf.ddb1d679830f7cafbcbec2013a6ff2fc.jpg	0	0.50066638	0.520314395	0.994203687	0.343298674	0.001099713
000792_jpg.rf.3899b0ef3229b4f18a7954698cc40c92.jpg	0	0.368377626	0.234939769	0.016909307	0.068047523	0.835270405
000792_jpg.rf.3899b0ef3229b4f18a7954698cc40c92.jpg	1	0.212589845	0.534245372	0.025010293	0.076682091	0.80388695
000792_jpg.rf.3899b0ef3229b4f18a7954698cc40c92.jpg	1	0.013346244	0.529273391	0.016183579	0.072722144	0.626385093
000792_jpg.rf.3899b0ef3229b4f18a7954698cc40c92.jpg	0	0.600581944	0.261754036	0.013202008	0.052922525	0.313322902
000792_jpg.rf.3899b0ef3229b4f18a7954698cc40c92.jpg	1	0.320186347	0.505214036	0.017996311	0.051806454	0.150166661
000792_jpg.rf.3899b0ef3229b4f18a7954698cc40c92.jpg	1	0.341820657	0.237210944	0.016147761	0.068317413	0.128756464
000792_jpg.rf.3899b0ef3229b4f18a7954698cc40c92.jpg	0	0.598294079	0.261475801	0.014441675	0.05449352	0.114840277
000792_jpg.rf.3899b0ef3229b4f18a7954698cc40c92.jpg	0	0.712994099	0.165737301	0.008653641	0.01479767	0.050782286
000792_jpg.rf.3899b0ef3229b4f18a7954698cc40c92.jpg	1	0.009982003	0.528280735	0.017925555	0.070345335	0.0275511
000792_jpg.rf.3899b0ef3229b4f18a7954698cc40c92.jpg	0	0.713821709	0.165121526	0.013112656	0.0183756	0.021156857
000792_jpg.rf.3899b0ef3229b4f18a7954698cc40c92.jpg	0	0.585320473	0.26157698	0.011605667	0.052414272	0.014157198
000792_jpg.rf.3899b0ef3229b4f18a7954698cc40c92.jpg	0	0.340861201	0.237559944	0.012725133	0.0678574	0.011632675
000792_jpg.rf.3899b0ef3229b4f18a7954698cc40c92.jpg	0	0.593355358	0.261095464	0.015441491	0.057402615	0.011203078
000792_jpg.rf.3899b0ef3229b4f18a7954698cc40c92.jpg	1	0.047770083	0.103619993	0.095391631	0.206796423	0.003595178
000792_jpg.rf.3899b0ef3229b4f18a7954698cc40c92.jpg	1	0.209505096	0.52980727	0.025173077	0.088179775	0.002971066
000792_jpg.rf.3899b0ef3229b4f18a7954698cc40c92.jpg	1	0.016901819	0.542267978	0.01477437	0.055302624	0.002854318
000792_jpg.rf.3899b0ef3229b4f18a7954698cc40c92.jpg	1	0.650226474	0.463696659	0.013125347	0.016729759	0.002251198
000792_jpg.rf.3899b0ef3229b4f18a7954698cc40c92.jpg	1	0.338971436	0.235871509	0.01620179	0.06944523	0.002092396
000792_jpg.rf.3899b0ef3229b4f18a7954698cc40c92.jpg	8	0.621588051	0.259569645	0.013559819	0.033917628	0.00162083
000792_jpg.rf.3899b0ef3229b4f18a7954698cc40c92.jpg	0	0.047341373	0.109615177	0.094682746	0.218472987	0.001460101
000792_jpg.rf.3899b0ef3229b4f18a7954698cc40c92.jpg	8	0.584599197	0.260870695	0.011299977	0.051694669	0.001290299
000792_jpg.rf.3899b0ef3229b4f18a7954698cc40c92.jpg	1	0.038277686	0.08654613	0.076555371	0.173092261	0.001285927
000797_jpg.rf.3d78d9d11140e03357ddde30e7e7e98e.jpg	7	0.522814274	0.46186015	0.327869385	0.587787092	0.948404133
000808_jpg.rf.8007590175a593bc5b4408a31ade3f3a.jpg	0	0.545326591	0.234517768	0.016027525	0.064402677	0.859369397
000808_jpg.rf.8007590175a593bc5b4408a31ade3f3a.jpg	0	0.363241196	0.24953647	0.016560812	0.06346292	0.744691312
000808_jpg.rf.8007590175a593bc5b4408a31ade3f3a.jpg	8	0.337715596	0.251516014	0.038783111	0.044477172	0.007228847
000808_jpg.rf.8007590175a593bc5b4408a31ade3f3a.jpg	0	0.413501829	0.362386048	0.008848778	0.018189248	0.002802384
000808_jpg.rf.8007590175a593bc5b4408a31ade3f3a.jpg	8	0.566130877	0.247086674	0.02878798	0.037248082	0.002665103
000808_jpg.rf.8007590175a593bc5b4408a31ade3f3a.jpg	0	0.415823966	0.363971353	0.012132241	0.027883861	0.001585067
000808_jpg.rf.8007590175a593bc5b4408a31ade3f3a.jpg	0	0.417040735	0.369376719	0.012406349	0.017783422	0.001369786
000808_jpg.rf.8007590175a593bc5b4408a31ade3f3a.jpg	8	0.347465247	0.246223599	0.019615797	0.039089296	0.001343638
000808_jpg.rf.8007590175a593bc5b4408a31ade3f3a.jpg	13	0.022357648	0.456449598	0.013784032	0.036180131	0.001315485
000809_jpg.rf.dcd99922c592f3b634ddb443bf40dce1.jpg	8	0.576048017	0.135793447	0.029503457	0.057502482	0.581139445
000809_jpg.rf.dcd99922c592f3b634ddb443bf40dce1.jpg	1	0.337686986	0.153603822	0.022819741	0.092088126	0.524494588
000809_jpg.rf.dcd99922c592f3b634ddb443bf40dce1.jpg	1	0.551252007	0.126062557	0.01956529	0.085829891	0.473933518
000809_jpg.rf.dcd99922c592f3b634ddb443bf40dce1.jpg	1	0.834715664	0.269876093	0.017425979	0.083489113	0.335967362
000809_jpg.rf.dcd99922c592f3b634ddb443bf40dce1.jpg	8	0.629197001	0.300078869	0.027287558	0.047116298	0.172314763
000809_jpg.rf.dcd99922c592f3b634ddb443bf40dce1.jpg	7	0.62912792	0.298974782	0.028481448	0.046662316	0.144034654
000809_jpg.rf.dcd99922c592f3b634ddb443bf40dce1.jpg	10	0.628774762	0.299664259	0.027141755	0.047061462	0.079615287
000809_jpg.rf.dcd99922c592f3b634ddb443bf40dce1.jpg	7	0.576244771	0.135458678	0.029081162	0.057497926	0.067384154
000809_jpg.rf.dcd99922c592f3b634ddb443bf40dce1.jpg	12	0.629052401	0.29949066	0.026617417	0.047125325	0.035626352
000809_jpg.rf.dcd99922c592f3b634ddb443bf40dce1.jpg	1	0.895732701	0.012543735	0.021137679	0.02508747	0.025164146
000809_jpg.rf.dcd99922c592f3b634ddb443bf40dce1.jpg	1	0.93408376	0.01327943	0.041845765	0.026459185	0.016350094
000809_jpg.rf.dcd99922c592f3b634ddb443bf40dce1.jpg	8	0.582076252	0.134891704	0.041773688	0.057640407	0.015380339
000809_jpg.rf.dcd99922c592f3b634ddb443bf40dce1.jpg	1	0.821989119	0.038467586	0.030177118	0.076400965	0.014557076
000809_jpg.rf.dcd99922c592f3b634ddb443bf40dce1.jpg	1	0.87610352	0.012546006	0.024477959	0.025092011	0.013540204
000809_jpg.rf.dcd99922c592f3b634ddb443bf40dce1.jpg	1	0.55218488	0.138331234	0.02142125	0.069619253	0.010290015
000809_jpg.rf.dcd99922c592f3b634ddb443bf40dce1.jpg	8	0.589272678	0.133586168	0.034480646	0.054782916	0.008927793
000809_jpg.rf.dcd99922c592f3b634ddb443bf40dce1.jpg	0	0.576085687	0.135067016	0.027100161	0.059898186	0.008616737
000809_jpg.rf.dcd99922c592f3b634ddb443bf40dce1.jpg	1	0.954507887	0.014311003	0.017097987	0.028441088	0.006369078
000809_jpg.rf.dcd99922c592f3b634ddb443bf40dce1.jpg	0	0.006195562	0.402530462	0.0121027	0.026206568	0.003873378
000809_jpg.rf.dcd99922c592f3b634ddb443bf40dce1.jpg	8	0.60687077	0.303163618	0.018353427	0.032006174	0.002781695
000809_jpg.rf.dcd99922c592f3b634ddb443bf40dce1.jpg	0	0.027808892	0.440117866	0.010210393	0.035169858	0.001886947
000809_jpg.rf.dcd99922c592f3b634ddb443bf40dce1.jpg	7	0.576870143	0.136009827	0.02324827	0.068474732	0.001183097
000809_jpg.rf.dcd99922c592f3b634ddb443bf40dce1.jpg	1	0.900248051	0.013021437	0.018409289	0.025810666	0.001053755
000809_jpg.rf.dcd99922c592f3b634ddb443bf40dce1.jpg	0	0.4923729	0.537880003	0.067535326	0.09705133	0.001041165
000809_jpg.rf.dcd99922c592f3b634ddb443bf40dce1.jpg	0	0.337001443	0.154646918	0.022908909	0.092717938	0.001023254
000809_jpg.rf.dcd99922c592f3b634ddb443bf40dce1.jpg	1	0.884395182	0.012482869	0.041233432	0.024965739	0.001010879
000811_jpg.rf.142d78a345147dc179446aa8ec1191ce.jpg	1	0.30528757	0.286965281	0.012338804	0.051711287	0.706263244
000811_jpg.rf.142d78a345147dc179446aa8ec1191ce.jpg	1	0.501633286	0.284070492	0.015153886	0.05450172	0.30459106
000811_jpg.rf.142d78a345147dc179446aa8ec1191ce.jpg	0	0.501951337	0.283740193	0.017089257	0.055280577	0.187689349
000811_jpg.rf.142d78a345147dc179446aa8ec1191ce.jpg	8	0.474700361	0.286128819	0.015611576	0.035507388	0.180097371
000811_jpg.rf.142d78a345147dc179446aa8ec1191ce.jpg	1	0.305764675	0.287510544	0.016778745	0.05516687	0.107937045
000811_jpg.rf.142d78a345147dc179446aa8ec1191ce.jpg	8	0.472809523	0.287425756	0.018978706	0.029762544	0.053903043
000811_jpg.rf.142d78a345147dc179446aa8ec1191ce.jpg	0	0.549064517	0.144592971	0.019273575	0.058416985	0.034792531
000811_jpg.rf.142d78a345147dc179446aa8ec1191ce.jpg	7	0.473707229	0.285712808	0.017139435	0.032841116	0.020711673
000811_jpg.rf.142d78a345147dc179446aa8ec1191ce.jpg	1	0.270843327	0.005310906	0.014788445	0.010314493	0.012733763
000811_jpg.rf.142d78a345147dc179446aa8ec1191ce.jpg	7	0.503742456	0.283973664	0.019221528	0.053631399	0.010624531
000811_jpg.rf.142d78a345147dc179446aa8ec1191ce.jpg	0	0.915390313	0.23814483	0.017873986	0.019371474	0.007005537
000811_jpg.rf.142d78a345147dc179446aa8ec1191ce.jpg	0	0.554166734	0.143438444	0.016710209	0.059767954	0.006756506
000811_jpg.rf.142d78a345147dc179446aa8ec1191ce.jpg	0	0.474338561	0.283970833	0.014346306	0.034864187	0.002281956
000811_jpg.rf.142d78a345147dc179446aa8ec1191ce.jpg	0	0.918971002	0.238815814	0.020298371	0.01994973	0.002216744
000811_jpg.rf.142d78a345147dc179446aa8ec1191ce.jpg	7	0.475882024	0.285564482	0.015312379	0.036607083	0.002009274
000811_jpg.rf.142d78a345147dc179446aa8ec1191ce.jpg	1	0.302489102	0.28612262	0.017824357	0.053287692	0.001878575
000811_jpg.rf.142d78a345147dc179446aa8ec1191ce.jpg	8	0.519000828	0.28485021	0.013088337	0.043033034	0.001809239
000811_jpg.rf.142d78a345147dc179446aa8ec1191ce.jpg	1	0.548609853	0.144398257	0.021921158	0.058534577	0.001743647
000811_jpg.rf.142d78a345147dc179446aa8ec1191ce.jpg	1	0.761510015	0.347171873	0.019828064	0.023141678	0.001474825
000815_jpg.rf.29afabe5f464c19bf77856ba5a90bd1e.jpg	8	0.643458247	0.576671124	0.212621659	0.312080294	0.935360253
000822_jpg.rf.63b8e6ec737487b4e7e9e2ed48754226.jpg	13	0.647624135	0.73727566	0.104693785	0.1573091	0.963558912
000825_jpg.rf.dd850d3ac847bd61179c2191ebc02b37.jpg	1	0.311693579	0.264525026	0.010652744	0.044249151	0.489169359
000825_jpg.rf.dd850d3ac847bd61179c2191ebc02b37.jpg	0	0.990762889	0.055756681	0.017607102	0.109492339	0.452006012
000825_jpg.rf.dd850d3ac847bd61179c2191ebc02b37.jpg	1	0.283052206	0.262736738	0.009779252	0.042673774	0.372198105
000825_jpg.rf.dd850d3ac847bd61179c2191ebc02b37.jpg	1	0.642010391	0.241530091	0.029111864	0.013023175	0.111927569
000825_jpg.rf.dd850d3ac847bd61179c2191ebc02b37.jpg	1	0.618740618	0.24342905	0.011852228	0.017608551	0.085502937
000825_jpg.rf.dd850d3ac847bd61179c2191ebc02b37.jpg	0	0.91034168	0.05384247	0.025639756	0.10768494	0.074388258
000825_jpg.rf.dd850d3ac847bd61179c2191ebc02b37.jpg	1	0.637384415	0.242019132	0.025738129	0.017254353	0.067892164
000825_jpg.rf.dd850d3ac847bd61179c2191ebc02b37.jpg	1	0.61898315	0.267949522	0.013559929	0.067728043	0.065642498
000825_jpg.rf.dd850d3ac847bd61179c2191ebc02b37.jpg	1	0.640638351	0.241229683	0.021870613	0.016046323	0.04267187
000825_jpg.rf.dd850d3ac847bd61179c2191ebc02b37.jpg	1	0.618428886	0.259266794	0.012097616	0.05148831	0.039151896
000825_jpg.rf.dd850d3ac847bd61179c2191ebc02b37.jpg	1	0.65453881	0.240996152	0.033071298	0.012768929	0.026722597
000825_jpg.rf.dd850d3ac847bd61179c2191ebc02b37.jpg	0	0.989272058	0.032585301	0.020011535	0.061467834	0.018708663
000825_jpg.rf.dd850d3ac847bd61179c2191ebc02b37.jpg	0	0.003933827	0.268464178	0.007587947	0.029165361	0.01420287
000825_jpg.rf.dd850d3ac847bd61179c2191ebc02b37.jpg	0	0.006698562	0.26909104	0.013033646	0.031989191	0.007301875
000825_jpg.rf.dd850d3ac847bd61179c2191ebc02b37.jpg	1	0.644277871	0.239514768	0.030717924	0.01723418	0.006598284
000825_jpg.rf.dd850d3ac847bd61179c2191ebc02b37.jpg	1	0.633079231	0.270354688	0.020117173	0.070940316	0.004690254
000825_jpg.rf.dd850d3ac847bd61179c2191ebc02b37.jpg	1	0.294653803	0.263395786	0.007567498	0.042397372	0.003755781
000825_jpg.rf.dd850d3ac847bd61179c2191ebc02b37.jpg	1	0.639636457	0.269413084	0.018111816	0.073183633	0.003742995
000825_jpg.rf.dd850d3ac847bd61179c2191ebc02b37.jpg	1	0.990876317	0.06846974	0.018247459	0.089792065	0.002702397
000825_jpg.rf.dd850d3ac847bd61179c2191ebc02b37.jpg	0	0.659762502	0.238577589	0.027760286	0.014054171	0.002524793
000825_jpg.rf.dd850d3ac847bd61179c2191ebc02b37.jpg	1	0.494957566	0.393805444	0.015535832	0.009742187	0.002247797
000825_jpg.rf.dd850d3ac847bd61179c2191ebc02b37.jpg	1	0.693123162	0.46881178	0.015498089	0.033097267	0.002234417
000825_jpg.rf.dd850d3ac847bd61179c2191ebc02b37.jpg	1	0.292325586	0.264367759	0.010849678	0.040334042	0.001845766
000825_jpg.rf.dd850d3ac847bd61179c2191ebc02b37.jpg	0	0.770956635	0.139641836	0.027446894	0.015346335	0.00172903
000825_jpg.rf.dd850d3ac847bd61179c2191ebc02b37.jpg	0	0.99140209	0.083520114	0.016828537	0.058469605	0.001382215
000825_jpg.rf.dd850d3ac847bd61179c2191ebc02b37.jpg	0	0.013176969	0.273574978	0.025476167	0.023620423	0.001286581
000825_jpg.rf.dd850d3ac847bd61179c2191ebc02b37.jpg	0	0.655496299	0.23941341	0.031092204	0.014841942	0.001195437
000825_jpg.rf.dd850d3ac847bd61179c2191ebc02b37.jpg	1	0.49470374	0.398780793	0.018539906	0.015899438	0.0010648
000831_jpg.rf.09392428bf69f0de8c937caec3590319.jpg	7	0.506263375	0.387725264	0.083442472	0.169672683	0.964639664
000831_jpg.rf.09392428bf69f0de8c937caec3590319.jpg	7	0.506087899	0.165043935	0.082262225	0.166589603	0.859008312
000831_jpg.rf.09392428bf69f0de8c937caec3590319.jpg	0	0.988247812	0.33661291	0.022908799	0.067074396	0.012288853
000831_jpg.rf.09392428bf69f0de8c937caec3590319.jpg	1	0.187951833	0.004288511	0.082211562	0.008577022	0.003422307
000831_jpg.rf.09392428bf69f0de8c937caec3590319.jpg	1	0.175646007	0.004337996	0.059033278	0.008675992	0.002743778
000831_jpg.rf.09392428bf69f0de8c937caec3590319.jpg	0	0.989940166	0.336874157	0.019890273	0.053640369	0.001925944
000831_jpg.rf.09392428bf69f0de8c937caec3590319.jpg	1	0.200830504	0.004134776	0.079923615	0.008269551	0.001414768
000833_jpg.rf.a774fb7c4620c050e43d66a0062137af.jpg	11	0.738965213	0.445278734	0.076292776	0.158660233	0.932500839
000833_jpg.rf.a774fb7c4620c050e43d66a0062137af.jpg	1	0.333492726	0.332309633	0.013074178	0.011916234	0.06015547
000833_jpg.rf.a774fb7c4620c050e43d66a0062137af.jpg	1	0.333515853	0.340653718	0.011201822	0.02904815	0.021114724
000833_jpg.rf.a774fb7c4620c050e43d66a0062137af.jpg	1	0.332756639	0.366512775	0.008388923	0.013818081	0.019817654
000833_jpg.rf.a774fb7c4620c050e43d66a0062137af.jpg	1	0.333627641	0.353198439	0.010802563	0.047717206	0.004611594
000833_jpg.rf.a774fb7c4620c050e43d66a0062137af.jpg	1	0.333612025	0.354167193	0.008870418	0.032673765	0.002510747
000833_jpg.rf.a774fb7c4620c050e43d66a0062137af.jpg	1	0.336713254	0.331290931	0.015245291	0.012101907	0.002277283
000833_jpg.rf.a774fb7c4620c050e43d66a0062137af.jpg	11	0.795108259	0.442978203	0.185950279	0.160665482	0.001465365
000836_jpg.rf.c262dc2f875c2d27c5358091bec7f23c.jpg	13	0.87966162	0.13490513	0.136629105	0.256723642	0.945520818
000836_jpg.rf.c262dc2f875c2d27c5358091bec7f23c.jpg	1	0.503266275	0.633187175	0.98080343	0.731730044	0.021378277
000836_jpg.rf.c262dc2f875c2d27c5358091bec7f23c.jpg	12	0.183167979	0.22379604	0.030116852	0.054977365	0.00235776
000836_jpg.rf.c262dc2f875c2d27c5358091bec7f23c.jpg	10	0.501250088	0.633756936	0.985243738	0.732486188	0.002325218
000836_jpg.rf.c262dc2f875c2d27c5358091bec7f23c.jpg	3	0.18355678	0.2240064	0.030587986	0.055590395	0.002266818
000836_jpg.rf.c262dc2f875c2d27c5358091bec7f23c.jpg	1	0.31506291	0.04423815	0.014067687	0.018889751	0.001177274
000836_jpg.rf.c262dc2f875c2d27c5358091bec7f23c.jpg	8	0.421349257	0.773851633	0.039352786	0.0631909	0.001096757
000836_jpg.rf.c262dc2f875c2d27c5358091bec7f23c.jpg	1	0.568732977	0.085054889	0.015045827	0.066834524	0.001069362
000841_jpg.rf.82ac37a263cc3771094f878f75519d3c.jpg	7	0.711075962	0.611489773	0.283778578	0.426729351	0.959621787
000854_JPG_jpg.rf.c2dbb2abedf6e49d74effc7a8945ed99.jpg	0	0.037558164	0.420197785	0.075116329	0.040065218	0.886114001
000854_JPG_jpg.rf.c2dbb2abedf6e49d74effc7a8945ed99.jpg	0	0.836948216	0.306642324	0.082532883	0.042716339	0.861442924
000854_JPG_jpg.rf.c2dbb2abedf6e49d74effc7a8945ed99.jpg	0	0.553678036	0.576825261	0.024298485	0.014316339	0.01339985
000854_JPG_jpg.rf.c2dbb2abedf6e49d74effc7a8945ed99.jpg	1	0.890521824	0.309981078	0.038123351	0.084599592	0.012344841
000854_JPG_jpg.rf.c2dbb2abedf6e49d74effc7a8945ed99.jpg	0	0.343768984	0.588956952	0.0260268	0.013503552	0.01217185
000854_JPG_jpg.rf.c2dbb2abedf6e49d74effc7a8945ed99.jpg	8	0.890904605	0.310564578	0.0435009	0.081808291	0.01119427
000854_JPG_jpg.rf.c2dbb2abedf6e49d74effc7a8945ed99.jpg	0	0.553201377	0.573159814	0.02439576	0.015427223	0.008197778
000854_JPG_jpg.rf.c2dbb2abedf6e49d74effc7a8945ed99.jpg	0	0.344703972	0.586685836	0.028353693	0.013587476	0.00597615
000854_JPG_jpg.rf.c2dbb2abedf6e49d74effc7a8945ed99.jpg	0	0.232258737	0.6297068	0.031628333	0.015573355	0.004717301
000854_JPG_jpg.rf.c2dbb2abedf6e49d74effc7a8945ed99.jpg	0	0.563503563	0.571086228	0.035089128	0.017782468	0.003245299
000854_JPG_jpg.rf.c2dbb2abedf6e49d74effc7a8945ed99.jpg	0	0.347945601	0.585159004	0.027841458	0.01555652	0.002179352
000854_JPG_jpg.rf.c2dbb2abedf6e49d74effc7a8945ed99.jpg	0	0.114553012	0.541277885	0.025210097	0.012497132	0.001687802
000854_JPG_jpg.rf.c2dbb2abedf6e49d74effc7a8945ed99.jpg	12	0.279848993	0.278107524	0.040606115	0.070490509	0.001182449
000860_jpg.rf.96ab0958df78e7af07071f6d1dd7b6e6.jpg	1	0.293326676	0.221304849	0.011830697	0.056291729	0.680934727
000860_jpg.rf.96ab0958df78e7af07071f6d1dd7b6e6.jpg	1	0.257917404	0.221166879	0.013035499	0.055666156	0.479787856
000860_jpg.rf.96ab0958df78e7af07071f6d1dd7b6e6.jpg	1	0.291357756	0.219995871	0.01260642	0.056427114	0.279398173
000860_jpg.rf.96ab0958df78e7af07071f6d1dd7b6e6.jpg	1	0.720842361	0.20795764	0.012385368	0.054278173	0.234588638
000860_jpg.rf.96ab0958df78e7af07071f6d1dd7b6e6.jpg	1	0.687246323	0.201640353	0.013223282	0.036419448	0.112226903
000860_jpg.rf.96ab0958df78e7af07071f6d1dd7b6e6.jpg	1	0.687326312	0.208064914	0.013570492	0.051044468	0.098963216
000860_jpg.rf.96ab0958df78e7af07071f6d1dd7b6e6.jpg	1	0.717759073	0.209730849	0.013585825	0.050967969	0.015085162
000860_jpg.rf.96ab0958df78e7af07071f6d1dd7b6e6.jpg	1	0.275930226	0.224090323	0.016908793	0.042472567	0.011958956
000860_jpg.rf.96ab0958df78e7af07071f6d1dd7b6e6.jpg	1	0.083718687	0.356335044	0.010972556	0.027861889	0.008585644
000860_jpg.rf.96ab0958df78e7af07071f6d1dd7b6e6.jpg	1	0.278239995	0.220749125	0.018837398	0.051805791	0.007418524
000860_jpg.rf.96ab0958df78e7af07071f6d1dd7b6e6.jpg	0	0.004662195	0.198727757	0.009025216	0.02874336	0.004717637
000860_jpg.rf.96ab0958df78e7af07071f6d1dd7b6e6.jpg	10	0.574540138	0.613689542	0.037944611	0.068874143	0.002769482
000860_jpg.rf.96ab0958df78e7af07071f6d1dd7b6e6.jpg	1	0.272600114	0.223687872	0.014587054	0.042483937	0.00231661
000860_jpg.rf.96ab0958df78e7af07071f6d1dd7b6e6.jpg	0	0.887426555	0.157250762	0.014276139	0.038273923	0.001129057
000860_jpg.rf.96ab0958df78e7af07071f6d1dd7b6e6.jpg	1	0.270652384	0.220302626	0.0186741	0.052745271	0.001126834
000866_JPG_jpg.rf.585d575b53d2e6e316c8abb2d07e4c17.jpg	0	0.363785058	0.285515606	0.10307613	0.047384229	0.825026095
000866_JPG_jpg.rf.585d575b53d2e6e316c8abb2d07e4c17.jpg	8	0.684859693	0.528716922	0.034622047	0.041350771	0.007970361
000866_JPG_jpg.rf.585d575b53d2e6e316c8abb2d07e4c17.jpg	1	0.55324012	0.008549034	0.018239206	0.017061558	0.007360444
000866_JPG_jpg.rf.585d575b53d2e6e316c8abb2d07e4c17.jpg	1	0.595177829	0.009002844	0.220865294	0.018005688	0.007238254
000866_JPG_jpg.rf.585d575b53d2e6e316c8abb2d07e4c17.jpg	0	0.685267985	0.528828979	0.032568347	0.040997691	0.003307754
000866_JPG_jpg.rf.585d575b53d2e6e316c8abb2d07e4c17.jpg	9	0.684696317	0.52912426	0.035366792	0.04145582	0.003164801
000866_JPG_jpg.rf.585d575b53d2e6e316c8abb2d07e4c17.jpg	1	0.895132661	0.557720661	0.01730809	0.011081879	0.002911413
000866_JPG_jpg.rf.585d575b53d2e6e316c8abb2d07e4c17.jpg	1	0.600820661	0.005936288	0.147637591	0.011725435	0.001824992
000866_JPG_jpg.rf.585d575b53d2e6e316c8abb2d07e4c17.jpg	1	0.818457425	0.597919881	0.017911324	0.020129571	0.001812837
000866_JPG_jpg.rf.585d575b53d2e6e316c8abb2d07e4c17.jpg	0	0.633742452	0.00583809	0.139394477	0.011590102	0.001714438
000866_JPG_jpg.rf.585d575b53d2e6e316c8abb2d07e4c17.jpg	0	0.519786179	0.006725153	0.035337634	0.013450307	0.001667889
000866_JPG_jpg.rf.585d575b53d2e6e316c8abb2d07e4c17.jpg	7	0.68487674	0.529663205	0.032552429	0.040418994	0.001074053
000867_JPG_jpg.rf.0961b153fd2cdd7f71455ca70b9226fc.jpg	0	0.367775798	0.114856265	0.142473415	0.056616638	0.884876668
000872_JPG_jpg.rf.618811525dae8c1799c5093046e551c5.jpg	0	0.52377665	0.209900409	0.088814922	0.050421901	0.870583475
000872_JPG_jpg.rf.618811525dae8c1799c5093046e551c5.jpg	0	0.414514571	0.379337519	0.040419765	0.017182644	0.5620206
000872_JPG_jpg.rf.618811525dae8c1799c5093046e551c5.jpg	0	0.206107035	0.405780107	0.032227628	0.017646497	0.472956389
000872_JPG_jpg.rf.618811525dae8c1799c5093046e551c5.jpg	0	0.408908933	0.379666746	0.046879586	0.020374445	0.122331709
000872_JPG_jpg.rf.618811525dae8c1799c5093046e551c5.jpg	0	0.154432759	0.01563265	0.261607885	0.031114941	0.07695704
000872_JPG_jpg.rf.618811525dae8c1799c5093046e551c5.jpg	0	0.214607105	0.406752229	0.040096708	0.020041283	0.027978338
000872_JPG_jpg.rf.618811525dae8c1799c5093046e551c5.jpg	0	0.400002778	0.411687762	0.030938406	0.015208611	0.027815215
000872_JPG_jpg.rf.618811525dae8c1799c5093046e551c5.jpg	0	0.20393236	0.402229995	0.036306988	0.024086365	0.025529329
000872_JPG_jpg.rf.618811525dae8c1799c5093046e551c5.jpg	0	0.191966653	0.407560945	0.034912862	0.017254427	0.014107119
000872_JPG_jpg.rf.618811525dae8c1799c5093046e551c5.jpg	0	0.396685034	0.410053402	0.031916838	0.015422418	0.012569772
000872_JPG_jpg.rf.618811525dae8c1799c5093046e551c5.jpg	0	0.2040921	0.399634302	0.042603917	0.027203305	0.011850569
000872_JPG_jpg.rf.618811525dae8c1799c5093046e551c5.jpg	0	0.427543223	0.469062388	0.025342062	0.013229664	0.01084941
000872_JPG_jpg.rf.618811525dae8c1799c5093046e551c5.jpg	0	0.110051826	0.470585465	0.02464742	0.016974853	0.009560465
000872_JPG_jpg.rf.618811525dae8c1799c5093046e551c5.jpg	0	0.418277323	0.377837181	0.038529471	0.021268552	0.009175659
000872_JPG_jpg.rf.618811525dae8c1799c5093046e551c5.jpg	0	0.125864044	0.417678982	0.037752151	0.017188329	0.007677694
000872_JPG_jpg.rf.618811525dae8c1799c5093046e551c5.jpg	0	0.135257438	0.011781128	0.164718628	0.023562256	0.007119133
000872_JPG_jpg.rf.618811525dae8c1799c5093046e551c5.jpg	1	0.498119146	0.45709163	0.029038798	0.012263848	0.006487919
000872_JPG_jpg.rf.618811525dae8c1799c5093046e551c5.jpg	0	0.395659029	0.377513617	0.042917289	0.022804959	0.00566386
000872_JPG_jpg.rf.618811525dae8c1799c5093046e551c5.jpg	0	0.52261591	0.436944038	0.037930306	0.023465561	0.005509621
000872_JPG_jpg.rf.618811525dae8c1799c5093046e551c5.jpg	0	0.500936866	0.457755834	0.027754968	0.012331559	0.00524706
000872_JPG_jpg.rf.618811525dae8c1799c5093046e551c5.jpg	0	0.204746321	0.40850997	0.037828539	0.023438381	0.004556925
000872_JPG_jpg.rf.618811525dae8c1799c5093046e551c5.jpg	0	0.380538583	0.41456005	0.026258359	0.011884689	0.004316981
000872_JPG_jpg.rf.618811525dae8c1799c5093046e551c5.jpg	0	0.390370369	0.375411123	0.032704063	0.01836366	0.004274349
000872_JPG_jpg.rf.618811525dae8c1799c5093046e551c5.jpg	0	0.242289633	0.406570584	0.030798491	0.024184192	0.003993055
000872_JPG_jpg.rf.618811525dae8c1799c5093046e551c5.jpg	1	0.787235022	0.487791657	0.03515603	0.017975038	0.003748919
000872_JPG_jpg.rf.618811525dae8c1799c5093046e551c5.jpg	0	0.404998273	0.412940711	0.024464425	0.014713288	0.003456035
000872_JPG_jpg.rf.618811525dae8c1799c5093046e551c5.jpg	0	0.033507515	0.281470507	0.03837233	0.032609373	0.003452332
000872_JPG_jpg.rf.618811525dae8c1799c5093046e551c5.jpg	0	0.511444271	0.456895918	0.021214889	0.016336625	0.003313404
000872_JPG_jpg.rf.618811525dae8c1799c5093046e551c5.jpg	0	0.391402125	0.413280517	0.026468828	0.013693993	0.00300134
000872_JPG_jpg.rf.618811525dae8c1799c5093046e551c5.jpg	0	0.269526005	0.376571	0.035788961	0.016254976	0.002943505
000872_JPG_jpg.rf.618811525dae8c1799c5093046e551c5.jpg	0	0.410370618	0.386652708	0.040611453	0.035623625	0.002316503
000872_JPG_jpg.rf.618811525dae8c1799c5093046e551c5.jpg	0	0.408669502	0.411677569	0.026411314	0.01928843	0.002224207
000872_JPG_jpg.rf.618811525dae8c1799c5093046e551c5.jpg	1	0.792545557	0.488460451	0.035965994	0.020062668	0.00220581
000872_JPG_jpg.rf.618811525dae8c1799c5093046e551c5.jpg	0	0.415822893	0.384165049	0.038488317	0.03262949	0.002110732
000872_JPG_jpg.rf.618811525dae8c1799c5093046e551c5.jpg	0	0.128494844	0.420092016	0.036867637	0.018283624	0.001813488
000872_JPG_jpg.rf.618811525dae8c1799c5093046e551c5.jpg	0	0.222911507	0.017597515	0.129518569	0.03519503	0.001788887
000872_JPG_jpg.rf.618811525dae8c1799c5093046e551c5.jpg	1	0.11962273	0.01410443	0.208800659	0.028102025	0.00178271
000872_JPG_jpg.rf.618811525dae8c1799c5093046e551c5.jpg	0	0.270038754	0.37284261	0.034931753	0.01184082	0.00177437
000872_JPG_jpg.rf.618811525dae8c1799c5093046e551c5.jpg	0	0.426512808	0.381868988	0.040294062	0.020895151	0.001619844
000872_JPG_jpg.rf.618811525dae8c1799c5093046e551c5.jpg	0	0.593585134	0.206869557	0.040283937	0.018446079	0.001592705
000872_JPG_jpg.rf.618811525dae8c1799c5093046e551c5.jpg	0	0.389665842	0.411773413	0.035970397	0.013361455	0.00155732
000872_JPG_jpg.rf.618811525dae8c1799c5093046e551c5.jpg	1	0.76356715	0.487628579	0.031406697	0.017424401	0.001357103
000872_JPG_jpg.rf.618811525dae8c1799c5093046e551c5.jpg	7	0.991271794	0.566194773	0.016487708	0.069600843	0.001232434
000872_JPG_jpg.rf.618811525dae8c1799c5093046e551c5.jpg	0	0.434271127	0.469227672	0.029843332	0.013196835	0.001076997
000872_JPG_jpg.rf.618811525dae8c1799c5093046e551c5.jpg	0	0.054624822	0.479948342	0.026685752	0.015998438	0.001050924
000872_JPG_jpg.rf.618811525dae8c1799c5093046e551c5.jpg	0	0.123308942	0.41380164	0.036776114	0.021967486	0.001029683
000883_JPG_jpg.rf.bcfbe7999ec1b4e660a155e0e145e234.jpg	0	0.30294314	0.222588286	0.084409714	0.043857191	0.916240811
000883_JPG_jpg.rf.bcfbe7999ec1b4e660a155e0e145e234.jpg	0	0.526086211	0.459864527	0.027318075	0.016329765	0.006094872
000883_JPG_jpg.rf.bcfbe7999ec1b4e660a155e0e145e234.jpg	1	0.29014641	0.518089414	0.027853783	0.013889533	0.002324626
000883_JPG_jpg.rf.bcfbe7999ec1b4e660a155e0e145e234.jpg	0	0.670775652	0.459134489	0.022833971	0.019311538	0.001630616
000887_jpg.rf.307baae87436b41df5a8a47635940201.jpg	1	0.330586582	0.245098546	0.013174828	0.053816613	0.80227536
000887_jpg.rf.307baae87436b41df5a8a47635940201.jpg	1	0.511932969	0.223498777	0.013050813	0.056376167	0.590486169
000887_jpg.rf.307baae87436b41df5a8a47635940201.jpg	1	0.788726091	0.297351837	0.011333246	0.02874965	0.11727301
000887_jpg.rf.307baae87436b41df5a8a47635940201.jpg	1	0.789316714	0.295307159	0.011102383	0.021589372	0.054768179
000887_jpg.rf.307baae87436b41df5a8a47635940201.jpg	1	0.789740801	0.301562101	0.011746627	0.028948583	0.041339211
000887_jpg.rf.307baae87436b41df5a8a47635940201.jpg	0	0.916394055	0.004811984	0.035816927	0.009623968	0.026816344
000887_jpg.rf.307baae87436b41df5a8a47635940201.jpg	0	0.904373229	0.004689774	0.058165699	0.009379548	0.01715125
000887_jpg.rf.307baae87436b41df5a8a47635940201.jpg	1	0.783271551	0.16211918	0.01375734	0.040092707	0.005061245
000887_jpg.rf.307baae87436b41df5a8a47635940201.jpg	0	0.904085577	0.077724047	0.026911957	0.014817037	0.004998662
000887_jpg.rf.307baae87436b41df5a8a47635940201.jpg	0	0.919549406	0.006055959	0.034820192	0.012111917	0.004390487
000887_jpg.rf.307baae87436b41df5a8a47635940201.jpg	0	0.893408597	0.005251834	0.044049487	0.010503668	0.004287931
000887_jpg.rf.307baae87436b41df5a8a47635940201.jpg	1	0.514300227	0.216589868	0.01523924	0.049525499	0.00312466
000887_jpg.rf.307baae87436b41df5a8a47635940201.jpg	8	0.528277397	0.217751637	0.010881828	0.040405385	0.002484452
000887_jpg.rf.307baae87436b41df5a8a47635940201.jpg	1	0.326360047	0.24738048	0.016927976	0.054493669	0.00238123
000887_jpg.rf.307baae87436b41df5a8a47635940201.jpg	0	0.888738513	0.005996926	0.037658472	0.011993852	0.002296733
000887_jpg.rf.307baae87436b41df5a8a47635940201.jpg	1	0.788662136	0.3230353	0.013483635	0.078499153	0.002000488
000887_jpg.rf.307baae87436b41df5a8a47635940201.jpg	0	0.895120144	0.00986481	0.039283752	0.01364655	0.001999148
000887_jpg.rf.307baae87436b41df5a8a47635940201.jpg	1	0.330027372	0.250315756	0.015074254	0.06773138	0.001138534
000887_jpg.rf.307baae87436b41df5a8a47635940201.jpg	0	0.913166106	0.007462183	0.04420948	0.014818965	0.001134355
000897_JPG_jpg.rf.d8616645e7ae5a674caf3f2e17dab345.jpg	0	0.501339138	0.157094717	0.149212077	0.073030375	0.831330419
000897_JPG_jpg.rf.d8616645e7ae5a674caf3f2e17dab345.jpg	0	0.570580125	0.511885643	0.035027284	0.016485032	0.133481264
000897_JPG_jpg.rf.d8616645e7ae5a674caf3f2e17dab345.jpg	0	0.570849895	0.512379408	0.028698519	0.013208096	0.114065662
000897_JPG_jpg.rf.d8616645e7ae5a674caf3f2e17dab345.jpg	0	0.476217359	0.565642059	0.030952822	0.013602807	0.017045351
000897_JPG_jpg.rf.d8616645e7ae5a674caf3f2e17dab345.jpg	1	0.924267411	0.42847693	0.028085344	0.031336088	0.005146494
000897_JPG_jpg.rf.d8616645e7ae5a674caf3f2e17dab345.jpg	0	0.967934251	0.417078316	0.034111977	0.017853554	0.004240773
000897_JPG_jpg.rf.d8616645e7ae5a674caf3f2e17dab345.jpg	1	0.926754057	0.425155073	0.028623948	0.023715241	0.003972568
000897_JPG_jpg.rf.d8616645e7ae5a674caf3f2e17dab345.jpg	1	0.469903708	0.549359918	0.017337874	0.024158258	0.003926044
000897_JPG_jpg.rf.d8616645e7ae5a674caf3f2e17dab345.jpg	0	0.739438832	0.431592584	0.028903816	0.021842774	0.003724903
000897_JPG_jpg.rf.d8616645e7ae5a674caf3f2e17dab345.jpg	0	0.471589118	0.559204876	0.022421727	0.020712266	0.003080183
000897_JPG_jpg.rf.d8616645e7ae5a674caf3f2e17dab345.jpg	0	0.795093656	0.572107375	0.021180961	0.011795998	0.002982196
000897_JPG_jpg.rf.d8616645e7ae5a674caf3f2e17dab345.jpg	0	0.979736447	0.416323394	0.02888665	0.017603874	0.002263417
000897_JPG_jpg.rf.d8616645e7ae5a674caf3f2e17dab345.jpg	0	0.466156989	0.565586686	0.035285767	0.012025833	0.001859456
000897_JPG_jpg.rf.d8616645e7ae5a674caf3f2e17dab345.jpg	1	0.952406526	0.420011014	0.025059847	0.016167458	0.001826675
000897_JPG_jpg.rf.d8616645e7ae5a674caf3f2e17dab345.jpg	0	0.413623959	0.566786587	0.019486612	0.014456933	0.001501162
000897_JPG_jpg.rf.d8616645e7ae5a674caf3f2e17dab345.jpg	0	0.475199997	0.563029289	0.029168313	0.015860962	0.001148785
000897_JPG_jpg.rf.d8616645e7ae5a674caf3f2e17dab345.jpg	1	0.804262936	0.50268662	0.024446487	0.013165841	0.001053975
000897_JPG_jpg.rf.d8616645e7ae5a674caf3f2e17dab345.jpg	0	0.550943255	0.516252816	0.016762918	0.01346027	0.001004311
000898_JPG_jpg.rf.89de33253d01e0308735dc746aa4977f.jpg	0	0.480644673	0.276491195	0.073324025	0.03458181	0.86229068
000899_JPG_jpg.rf.44b9967b6405c6ad4f9ad7dfa2ad610d.jpg	0	0.649493337	0.314779758	0.104072064	0.046451297	0.919948041
000899_JPG_jpg.rf.44b9967b6405c6ad4f9ad7dfa2ad610d.jpg	0	0.226315647	0.522534251	0.019457763	0.015547386	0.001804819
000899_JPG_jpg.rf.44b9967b6405c6ad4f9ad7dfa2ad610d.jpg	0	0.224306405	0.547379971	0.017168725	0.025329774	0.001207995
000902_jpg.rf.f1be11af53a854bf0f07539ef71bfab7.jpg	1	0.538565874	0.217984751	0.011153588	0.047090515	0.570162356
000902_jpg.rf.f1be11af53a854bf0f07539ef71bfab7.jpg	1	0.52296716	0.217501312	0.011213486	0.045795534	0.362714529
000902_jpg.rf.f1be11af53a854bf0f07539ef71bfab7.jpg	1	0.533188224	0.218360975	0.0068695	0.046434131	0.229496762
000902_jpg.rf.f1be11af53a854bf0f07539ef71bfab7.jpg	1	0.535570741	0.218732432	0.009172146	0.0456976	0.145721212
000902_jpg.rf.f1be11af53a854bf0f07539ef71bfab7.jpg	1	0.533594906	0.218364105	0.011873429	0.047649145	0.111925386
000902_jpg.rf.f1be11af53a854bf0f07539ef71bfab7.jpg	1	0.247206494	0.140412956	0.020495599	0.061022706	0.026721556
000902_jpg.rf.f1be11af53a854bf0f07539ef71bfab7.jpg	0	0.933149755	0.009733922	0.034420747	0.019333351	0.011616328
000902_jpg.rf.f1be11af53a854bf0f07539ef71bfab7.jpg	1	0.534760356	0.217915013	0.016776085	0.049701508	0.006851051
000902_jpg.rf.f1be11af53a854bf0f07539ef71bfab7.jpg	1	0.388816833	0.32841143	0.024005121	0.010392482	0.005411748
000902_jpg.rf.f1be11af53a854bf0f07539ef71bfab7.jpg	0	0.247389749	0.140060425	0.022168601	0.065329768	0.003122528
000902_jpg.rf.f1be11af53a854bf0f07539ef71bfab7.jpg	1	0.526724935	0.007693501	0.026849015	0.015387001	0.001380408
000902_jpg.rf.f1be11af53a854bf0f07539ef71bfab7.jpg	0	0.779946148	0.07486444	0.026628349	0.019614482	0.001337035
000902_jpg.rf.f1be11af53a854bf0f07539ef71bfab7.jpg	12	0.011163679	0.695358098	0.022327358	0.173209384	0.001067739
000908_JPG_jpg.rf.d4876c6a6657b36ba6b1c1626df8123d.jpg	0	0.199076548	0.161529347	0.103817455	0.059609041	0.797948718
000908_JPG_jpg.rf.d4876c6a6657b36ba6b1c1626df8123d.jpg	0	0.746487737	0.424827218	0.020401001	0.025129722	0.04475012
000908_JPG_jpg.rf.d4876c6a6657b36ba6b1c1626df8123d.jpg	0	0.83015722	0.56378001	0.031630076	0.015389443	0.034993909
000908_JPG_jpg.rf.d4876c6a6657b36ba6b1c1626df8123d.jpg	0	0.830675185	0.561168671	0.035243623	0.015037538	0.012003052
000908_JPG_jpg.rf.d4876c6a6657b36ba6b1c1626df8123d.jpg	0	0.991813481	0.382390857	0.015558977	0.104190499	0.010504781
000908_JPG_jpg.rf.d4876c6a6657b36ba6b1c1626df8123d.jpg	1	0.83339256	0.562510908	0.026628861	0.010584061	0.008643324
000908_JPG_jpg.rf.d4876c6a6657b36ba6b1c1626df8123d.jpg	0	0.993661046	0.380965948	0.012678074	0.091546945	0.007712605
000908_JPG_jpg.rf.d4876c6a6657b36ba6b1c1626df8123d.jpg	1	0.409552693	0.460271865	0.015200616	0.013112252	0.005525857
000908_JPG_jpg.rf.d4876c6a6657b36ba6b1c1626df8123d.jpg	0	0.736825764	0.399037451	0.036239039	0.025178764	0.004605094
000908_JPG_jpg.rf.d4876c6a6657b36ba6b1c1626df8123d.jpg	12	0.331529737	0.081636362	0.055324867	0.16185303	0.003075656
000908_JPG_jpg.rf.d4876c6a6657b36ba6b1c1626df8123d.jpg	0	0.560662448	0.518257141	0.038226314	0.015125276	0.002674183
000908_JPG_jpg.rf.d4876c6a6657b36ba6b1c1626df8123d.jpg	1	0.256618172	0.272201836	0.049749561	0.125380337	0.002625623
000908_JPG_jpg.rf.d4876c6a6657b36ba6b1c1626df8123d.jpg	1	0.007657097	0.451873213	0.015092421	0.045337901	0.002069121
000908_JPG_jpg.rf.d4876c6a6657b36ba6b1c1626df8123d.jpg	0	0.739817083	0.418421984	0.033079736	0.017249327	0.001646287
000908_JPG_jpg.rf.d4876c6a6657b36ba6b1c1626df8123d.jpg	0	0.746913373	0.438750863	0.018931169	0.049471673	0.001205512
000908_JPG_jpg.rf.d4876c6a6657b36ba6b1c1626df8123d.jpg	0	0.989807487	0.368483186	0.019609084	0.133765996	0.001148739
000922_JPG_jpg.rf.143f5b1a97d934ec4a71114055fa5a0b.jpg	0	0.533284962	0.15177384	0.253750592	0.078185506	0.886800528
000922_JPG_jpg.rf.143f5b1a97d934ec4a71114055fa5a0b.jpg	0	0.62475872	0.733791232	0.047415368	0.020052984	0.49531281
000922_JPG_jpg.rf.143f5b1a97d934ec4a71114055fa5a0b.jpg	1	0.302066296	0.159740686	0.028302524	0.016409406	0.125554368
000922_JPG_jpg.rf.143f5b1a97d934ec4a71114055fa5a0b.jpg	0	0.621313035	0.736299992	0.054186858	0.021947861	0.060524508
000922_JPG_jpg.rf.143f5b1a97d934ec4a71114055fa5a0b.jpg	0	0.609727383	0.684160829	0.018904431	0.030790918	0.009374138
000922_JPG_jpg.rf.143f5b1a97d934ec4a71114055fa5a0b.jpg	0	0.591256082	0.702794909	0.032991998	0.017597126	0.006861377
000922_JPG_jpg.rf.143f5b1a97d934ec4a71114055fa5a0b.jpg	0	0.636270523	0.733875155	0.047035586	0.021547098	0.0034147
000922_JPG_jpg.rf.143f5b1a97d934ec4a71114055fa5a0b.jpg	0	0.589973629	0.698008657	0.030144509	0.021520615	0.002631764
000922_JPG_jpg.rf.143f5b1a97d934ec4a71114055fa5a0b.jpg	0	0.597964168	0.705110371	0.033071704	0.018579338	0.002409108
000922_JPG_jpg.rf.143f5b1a97d934ec4a71114055fa5a0b.jpg	0	0.592833519	0.682381511	0.022584366	0.019151688	0.002156264
000922_JPG_jpg.rf.143f5b1a97d934ec4a71114055fa5a0b.jpg	0	0.606761396	0.691933155	0.022281244	0.036365658	0.001484286
000922_JPG_jpg.rf.143f5b1a97d934ec4a71114055fa5a0b.jpg	0	0.4954606	0.151737005	0.183826521	0.076763734	0.001389592
000922_JPG_jpg.rf.143f5b1a97d934ec4a71114055fa5a0b.jpg	1	0.560019612	0.684829473	0.02638318	0.016566424	0.001191597
000922_JPG_jpg.rf.143f5b1a97d934ec4a71114055fa5a0b.jpg	0	0.577145278	0.154477	0.168600053	0.074757218	0.001090345
000922_JPG_jpg.rf.143f5b1a97d934ec4a71114055fa5a0b.jpg	0	0.58185786	0.684016168	0.028273767	0.014147759	0.001078129
000922_JPG_jpg.rf.143f5b1a97d934ec4a71114055fa5a0b.jpg	0	0.630314946	0.728626728	0.040048786	0.02357571	0.001076079
000922_JPG_jpg.rf.143f5b1a97d934ec4a71114055fa5a0b.jpg	0	0.4749327	0.704524934	0.024718469	0.014087384	0.001040792
000923_JPG_jpg.rf.f4e893778e08329a2b43abaef002f29e.jpg	0	0.309419215	0.250626981	0.078086562	0.044449698	0.785968482
000923_JPG_jpg.rf.f4e893778e08329a2b43abaef002f29e.jpg	1	0.24642773	0.240586549	0.047194574	0.080557972	0.001138435
000934_JPG_jpg.rf.81031f117e2b4ac8b19c0cbe3bdd1d99.jpg	0	0.390672624	0.162099719	0.119864322	0.055621728	0.89014554
000934_JPG_jpg.rf.81031f117e2b4ac8b19c0cbe3bdd1d99.jpg	0	0.622180581	0.483703107	0.044725969	0.023981499	0.719561458
000934_JPG_jpg.rf.81031f117e2b4ac8b19c0cbe3bdd1d99.jpg	0	0.614026368	0.485804677	0.062568299	0.024041176	0.006107986
000934_JPG_jpg.rf.81031f117e2b4ac8b19c0cbe3bdd1d99.jpg	0	0.583725154	0.631844163	0.025854662	0.014807995	0.004816146
000934_JPG_jpg.rf.81031f117e2b4ac8b19c0cbe3bdd1d99.jpg	0	0.585997403	0.633580625	0.024977868	0.013641872	0.003435349
000934_JPG_jpg.rf.81031f117e2b4ac8b19c0cbe3bdd1d99.jpg	1	0.432802588	0.364388376	0.012658486	0.009581787	0.002846573
000934_JPG_jpg.rf.81031f117e2b4ac8b19c0cbe3bdd1d99.jpg	1	0.330843121	0.50383687	0.03346733	0.015629476	0.001821608
000934_JPG_jpg.rf.81031f117e2b4ac8b19c0cbe3bdd1d99.jpg	0	0.976014376	0.601245701	0.018514266	0.031685024	0.001533981
000934_JPG_jpg.rf.81031f117e2b4ac8b19c0cbe3bdd1d99.jpg	1	0.330987424	0.507781148	0.027566435	0.016696343	0.001265468
000934_JPG_jpg.rf.81031f117e2b4ac8b19c0cbe3bdd1d99.jpg	0	0.62337333	0.479823291	0.05479699	0.030954545	0.001123843
000935_jpg.rf.a73778e8e15369b4706431ac25671fb4.jpg	0	0.530062139	0.312355489	0.010634056	0.034629494	0.725801051
000935_jpg.rf.a73778e8e15369b4706431ac25671fb4.jpg	0	0.505279243	0.312176347	0.011853585	0.043008916	0.323454589
000935_jpg.rf.a73778e8e15369b4706431ac25671fb4.jpg	0	0.530480385	0.317732126	0.017041611	0.028417863	0.10080836
000935_jpg.rf.a73778e8e15369b4706431ac25671fb4.jpg	0	0.529395044	0.304476351	0.011656835	0.052534088	0.092702493
000935_jpg.rf.a73778e8e15369b4706431ac25671fb4.jpg	0	0.508557022	0.316202581	0.010972427	0.037461724	0.063147448
000935_jpg.rf.a73778e8e15369b4706431ac25671fb4.jpg	1	0.551779866	0.072776712	0.017129311	0.034255385	0.0572691
000935_jpg.rf.a73778e8e15369b4706431ac25671fb4.jpg	0	0.528907895	0.31807819	0.011297814	0.029123729	0.04568908
000935_jpg.rf.a73778e8e15369b4706431ac25671fb4.jpg	3	0.975983262	0.273171842	0.048033569	0.081384353	0.01836092
000935_jpg.rf.a73778e8e15369b4706431ac25671fb4.jpg	0	0.504657626	0.324248254	0.012355622	0.052189644	0.013865375
000935_jpg.rf.a73778e8e15369b4706431ac25671fb4.jpg	6	0.551926136	0.07269305	0.016677599	0.034494456	0.005149187
000935_jpg.rf.a73778e8e15369b4706431ac25671fb4.jpg	0	0.526425064	0.330017209	0.0150364	0.048646268	0.003208806
000935_jpg.rf.a73778e8e15369b4706431ac25671fb4.jpg	0	0.551851451	0.072099581	0.016295323	0.035359599	0.002806857
000935_jpg.rf.a73778e8e15369b4706431ac25671fb4.jpg	0	0.500089884	0.321375817	0.012942388	0.031854998	0.001978603
000935_jpg.rf.a73778e8e15369b4706431ac25671fb4.jpg	0	0.523656964	0.312696606	0.010631782	0.035029687	0.001820534
000935_jpg.rf.a73778e8e15369b4706431ac25671fb4.jpg	5	0.976263821	0.274635792	0.047472443	0.074562259	0.00155931
000935_jpg.rf.a73778e8e15369b4706431ac25671fb4.jpg	0	0.523391604	0.330482721	0.01405716	0.044440564	0.001468629
000935_jpg.rf.a73778e8e15369b4706431ac25671fb4.jpg	4	0.976356149	0.273327947	0.047287721	0.081623539	0.001445997
000935_jpg.rf.a73778e8e15369b4706431ac25671fb4.jpg	0	0.523172259	0.321101189	0.011576287	0.029701326	0.001362632
000935_jpg.rf.a73778e8e15369b4706431ac25671fb4.jpg	14	0.976746142	0.274913698	0.046507765	0.08861164	0.00132451
000935_jpg.rf.a73778e8e15369b4706431ac25671fb4.jpg	0	0.524189293	0.316820055	0.011422268	0.026385253	0.001065597
000935_jpg.rf.a73778e8e15369b4706431ac25671fb4.jpg	0	0.482859075	0.315681547	0.016777406	0.01491609	0.001056873
000935_jpg.rf.a73778e8e15369b4706431ac25671fb4.jpg	0	0.507942319	0.321709245	0.011879555	0.041756611	0.001026078
000936_jpg.rf.66c50dea6603f9ecc83f8b79c88a2f54.jpg	1	0.593045831	0.958100855	0.017244926	0.074856907	0.830241144
000936_jpg.rf.66c50dea6603f9ecc83f8b79c88a2f54.jpg	1	0.633020282	0.953025401	0.01322607	0.065318257	0.38225022
000936_jpg.rf.66c50dea6603f9ecc83f8b79c88a2f54.jpg	1	0.635343134	0.954636693	0.01632265	0.07047008	0.321621031
000936_jpg.rf.66c50dea6603f9ecc83f8b79c88a2f54.jpg	7	0.613222003	0.949097574	0.025032595	0.052912567	0.102712601
000936_jpg.rf.66c50dea6603f9ecc83f8b79c88a2f54.jpg	8	0.658632874	0.947620809	0.024510825	0.046798121	0.075405434
000936_jpg.rf.66c50dea6603f9ecc83f8b79c88a2f54.jpg	7	0.658413351	0.947466016	0.023536537	0.045959622	0.058006067
000936_jpg.rf.66c50dea6603f9ecc83f8b79c88a2f54.jpg	7	0.613004327	0.957521021	0.019776162	0.055453449	0.027834794
000936_jpg.rf.66c50dea6603f9ecc83f8b79c88a2f54.jpg	0	0.658735514	0.946372569	0.022115415	0.044828784	0.019243823
000936_jpg.rf.66c50dea6603f9ecc83f8b79c88a2f54.jpg	7	0.635295808	0.954144418	0.019680757	0.067256711	0.011707218
000936_jpg.rf.66c50dea6603f9ecc83f8b79c88a2f54.jpg	0	0.635262609	0.953745663	0.018406501	0.069002889	0.011152456
000936_jpg.rf.66c50dea6603f9ecc83f8b79c88a2f54.jpg	1	0.658656359	0.946293235	0.020434821	0.04438936	0.009758832
000936_jpg.rf.66c50dea6603f9ecc83f8b79c88a2f54.jpg	0	0.69285506	0.926049411	0.037797637	0.071975708	0.008907699
000936_jpg.rf.66c50dea6603f9ecc83f8b79c88a2f54.jpg	5	0.040824745	0.967783153	0.081448376	0.063983187	0.006248829
000936_jpg.rf.66c50dea6603f9ecc83f8b79c88a2f54.jpg	0	0.614406288	0.954362333	0.0212055	0.058330905	0.0020546
000936_jpg.rf.66c50dea6603f9ecc83f8b79c88a2f54.jpg	0	0.26857987	0.899116576	0.016075319	0.01173511	0.001888648
000936_jpg.rf.66c50dea6603f9ecc83f8b79c88a2f54.jpg	0	0.610065401	0.954956651	0.021603584	0.059889209	0.001733437
000936_jpg.rf.66c50dea6603f9ecc83f8b79c88a2f54.jpg	1	0.614552438	0.95468539	0.022614846	0.064714581	0.001192556
000938_JPG_jpg.rf.bf51e9c0b4a1d133c3e73bf56c2d2062.jpg	0	0.361475527	0.192453429	0.118006416	0.064939961	0.886167824
000938_JPG_jpg.rf.bf51e9c0b4a1d133c3e73bf56c2d2062.jpg	0	0.453783333	0.556418359	0.032324389	0.016459098	0.003829729
000938_JPG_jpg.rf.bf51e9c0b4a1d133c3e73bf56c2d2062.jpg	10	0.334351391	0.474854082	0.668115914	0.647019565	0.001130117
000941_JPG_jpg.rf.9afc696caf8c7db27bf2134dd5660a27.jpg	0	0.371185869	0.180460393	0.106352881	0.05221257	0.847890139
000941_JPG_jpg.rf.9afc696caf8c7db27bf2134dd5660a27.jpg	0	0.194534302	0.316412926	0.068419054	0.035240192	0.834951162
000941_JPG_jpg.rf.9afc696caf8c7db27bf2134dd5660a27.jpg	1	0.545529902	0.572396278	0.027139004	0.033212259	0.023479883
000941_JPG_jpg.rf.9afc696caf8c7db27bf2134dd5660a27.jpg	1	0.623858571	0.511957765	0.016402025	0.052311607	0.001883496
000944_JPG_jpg.rf.a0b81118199b4d11ccb859c15d0cb1f6.jpg	0	0.29276821	0.101398848	0.156435311	0.06840007	0.920248687
000944_JPG_jpg.rf.a0b81118199b4d11ccb859c15d0cb1f6.jpg	0	0.449426413	0.380940825	0.076385207	0.032571793	0.89102149
000944_JPG_jpg.rf.a0b81118199b4d11ccb859c15d0cb1f6.jpg	0	0.641833127	0.524163842	0.046967287	0.020179749	0.578876019
000944_JPG_jpg.rf.a0b81118199b4d11ccb859c15d0cb1f6.jpg	0	0.495151311	0.443544835	0.070039935	0.026711062	0.297620237
000944_JPG_jpg.rf.a0b81118199b4d11ccb859c15d0cb1f6.jpg	0	0.395615935	0.528109431	0.043239009	0.021491418	0.15527977
000944_JPG_jpg.rf.a0b81118199b4d11ccb859c15d0cb1f6.jpg	0	0.353463322	0.461759001	0.047023773	0.020002952	0.103254184
000944_JPG_jpg.rf.a0b81118199b4d11ccb859c15d0cb1f6.jpg	0	0.506564617	0.443484455	0.045898695	0.022005852	0.049544543
000944_JPG_jpg.rf.a0b81118199b4d11ccb859c15d0cb1f6.jpg	0	0.39171654	0.527853668	0.034739424	0.015095712	0.034018554
000944_JPG_jpg.rf.a0b81118199b4d11ccb859c15d0cb1f6.jpg	0	0.488324195	0.440694898	0.083277889	0.025849527	0.032465644
000944_JPG_jpg.rf.a0b81118199b4d11ccb859c15d0cb1f6.jpg	0	0.416406721	0.530263782	0.03419007	0.032804307	0.030556262
000944_JPG_jpg.rf.a0b81118199b4d11ccb859c15d0cb1f6.jpg	0	0.501171291	0.440775007	0.057477769	0.024838082	0.02838131
000944_JPG_jpg.rf.a0b81118199b4d11ccb859c15d0cb1f6.jpg	5	0.939549983	0.97331351	0.120355241	0.053058628	0.015041682
000944_JPG_jpg.rf.a0b81118199b4d11ccb859c15d0cb1f6.jpg	0	0.395106852	0.534117222	0.041559331	0.027216142	0.013636425
000944_JPG_jpg.rf.a0b81118199b4d11ccb859c15d0cb1f6.jpg	0	0.433724344	0.428019822	0.025541307	0.02738839	0.009435082
000944_JPG_jpg.rf.a0b81118199b4d11ccb859c15d0cb1f6.jpg	0	0.481179416	0.444653392	0.089002132	0.023393154	0.007232568
000944_JPG_jpg.rf.a0b81118199b4d11ccb859c15d0cb1f6.jpg	0	0.427504033	0.42570135	0.035135821	0.019250503	0.006853225
000944_JPG_jpg.rf.a0b81118199b4d11ccb859c15d0cb1f6.jpg	0	0.643107116	0.518547535	0.044315632	0.031157678	0.006345999
000944_JPG_jpg.rf.a0b81118199b4d11ccb859c15d0cb1f6.jpg	0	0.566015542	0.535379469	0.024157342	0.015836056	0.006134559
000944_JPG_jpg.rf.a0b81118199b4d11ccb859c15d0cb1f6.jpg	11	0.936742246	0.973804832	0.12611866	0.052186016	0.005088566
000944_JPG_jpg.rf.a0b81118199b4d11ccb859c15d0cb1f6.jpg	0	0.685978353	0.586425006	0.017742891	0.012848195	0.004520196
000944_JPG_jpg.rf.a0b81118199b4d11ccb859c15d0cb1f6.jpg	0	0.689585924	0.586271942	0.022812698	0.013840272	0.004512217
000944_JPG_jpg.rf.a0b81118199b4d11ccb859c15d0cb1f6.jpg	0	0.452819616	0.445785135	0.033831049	0.020469079	0.004343809
000944_JPG_jpg.rf.a0b81118199b4d11ccb859c15d0cb1f6.jpg	0	0.644718349	0.527183115	0.040145874	0.022450631	0.003722402
000944_JPG_jpg.rf.a0b81118199b4d11ccb859c15d0cb1f6.jpg	0	0.518152535	0.474264681	0.023499673	0.034691885	0.003683267
000944_JPG_jpg.rf.a0b81118199b4d11ccb859c15d0cb1f6.jpg	0	0.563817441	0.535737336	0.016640004	0.011970703	0.003587938
000944_JPG_jpg.rf.a0b81118199b4d11ccb859c15d0cb1f6.jpg	0	0.386128008	0.53714335	0.023695359	0.025654206	0.00353546
000944_JPG_jpg.rf.a0b81118199b4d11ccb859c15d0cb1f6.jpg	0	0.571935594	0.533649206	0.029631617	0.018985823	0.00351398
000944_JPG_jpg.rf.a0b81118199b4d11ccb859c15d0cb1f6.jpg	0	0.512176037	0.445502371	0.033593364	0.024912247	0.003362804
000944_JPG_jpg.rf.a0b81118199b4d11ccb859c15d0cb1f6.jpg	0	0.645792902	0.522871614	0.037837617	0.024439592	0.003182012
000944_JPG_jpg.rf.a0b81118199b4d11ccb859c15d0cb1f6.jpg	0	0.687175274	0.587087452	0.014113206	0.006424904	0.002911541
000944_JPG_jpg.rf.a0b81118199b4d11ccb859c15d0cb1f6.jpg	0	0.218660727	0.623614252	0.023453951	0.01414952	0.002804212
000944_JPG_jpg.rf.a0b81118199b4d11ccb859c15d0cb1f6.jpg	1	0.323779851	0.228892446	0.023072794	0.012103521	0.002413657
000944_JPG_jpg.rf.a0b81118199b4d11ccb859c15d0cb1f6.jpg	0	0.652761877	0.523764789	0.034834497	0.023763107	0.002208362
000944_JPG_jpg.rf.a0b81118199b4d11ccb859c15d0cb1f6.jpg	0	0.652275681	0.541568577	0.025066011	0.057029728	0.001958593
000944_JPG_jpg.rf.a0b81118199b4d11ccb859c15d0cb1f6.jpg	0	0.692942858	0.587633789	0.02921222	0.013699128	0.001772278
000944_JPG_jpg.rf.a0b81118199b4d11ccb859c15d0cb1f6.jpg	0	0.352767587	0.44440341	0.049818847	0.045967765	0.0016643
000944_JPG_jpg.rf.a0b81118199b4d11ccb859c15d0cb1f6.jpg	0	0.079911284	0.253428102	0.011726962	0.016591072	0.001499786
000944_JPG_jpg.rf.a0b81118199b4d11ccb859c15d0cb1f6.jpg	0	0.727437556	0.593887269	0.022494905	0.010562531	0.001425267
000944_JPG_jpg.rf.a0b81118199b4d11ccb859c15d0cb1f6.jpg	0	0.234849095	0.622648835	0.033099066	0.013943085	0.00133845
000944_JPG_jpg.rf.a0b81118199b4d11ccb859c15d0cb1f6.jpg	0	0.645086765	0.536199629	0.038542163	0.045977302	0.001299833
000944_JPG_jpg.rf.a0b81118199b4d11ccb859c15d0cb1f6.jpg	0	0.350020051	0.439020693	0.044204969	0.031256016	0.001223134
000944_JPG_jpg.rf.a0b81118199b4d11ccb859c15d0cb1f6.jpg	0	0.216557786	0.626872659	0.021113396	0.01458799	0.001222243
000944_JPG_jpg.rf.a0b81118199b4d11ccb859c15d0cb1f6.jpg	0	0.73603344	0.611649692	0.019965833	0.026565956	0.001117558
000945_JPG_jpg.rf.ad79e318355923e68a10f1678fe9b6bf.jpg	0	0.5281775	0.605482697	0.148839071	0.060592469	0.91436094
000945_JPG_jpg.rf.ad79e318355923e68a10f1678fe9b6bf.jpg	0	0.224714801	0.131728813	0.309706777	0.111155219	0.909655094
000945_JPG_jpg.rf.ad79e318355923e68a10f1678fe9b6bf.jpg	0	0.593089402	0.714013517	0.174361378	0.04314496	0.843777001
000945_JPG_jpg.rf.ad79e318355923e68a10f1678fe9b6bf.jpg	0	0.916060865	0.847161114	0.073437475	0.036673035	0.592364967
000945_JPG_jpg.rf.ad79e318355923e68a10f1678fe9b6bf.jpg	0	0.620338857	0.715620339	0.116552942	0.035498619	0.035707977
000945_JPG_jpg.rf.ad79e318355923e68a10f1678fe9b6bf.jpg	0	0.900305331	0.849430919	0.102754012	0.035618417	0.034581661
000945_JPG_jpg.rf.ad79e318355923e68a10f1678fe9b6bf.jpg	0	0.642010689	0.71385479	0.08153861	0.034583166	0.00735529
000945_JPG_jpg.rf.ad79e318355923e68a10f1678fe9b6bf.jpg	0	0.649455845	0.715231419	0.0627371	0.031199969	0.006182753
000945_JPG_jpg.rf.ad79e318355923e68a10f1678fe9b6bf.jpg	1	0.293557853	0.346866041	0.041037727	0.024549596	0.002488394
000946_jpg.rf.18bf1b977f56cc49545942b86ac7c739.jpg	0	0.524893165	0.848279834	0.026898386	0.10756398	0.862663567
000946_jpg.rf.18bf1b977f56cc49545942b86ac7c739.jpg	0	0.073376715	0.87787658	0.023783401	0.098911509	0.856929243
000946_jpg.rf.18bf1b977f56cc49545942b86ac7c739.jpg	0	0.546912491	0.853123844	0.024501435	0.109678857	0.512224615
000946_jpg.rf.18bf1b977f56cc49545942b86ac7c739.jpg	8	0.576475024	0.844620287	0.032201	0.068128586	0.429592013
000946_jpg.rf.18bf1b977f56cc49545942b86ac7c739.jpg	8	0.547698975	0.84994787	0.025052328	0.097584724	0.128293619
000946_jpg.rf.18bf1b977f56cc49545942b86ac7c739.jpg	0	0.577340543	0.843627393	0.03278549	0.0677334	0.093360238
000946_jpg.rf.18bf1b977f56cc49545942b86ac7c739.jpg	0	0.522803903	0.828066885	0.021222848	0.072174072	0.018787621
000946_jpg.rf.18bf1b977f56cc49545942b86ac7c739.jpg	0	0.548203349	0.825721502	0.022605017	0.055315241	0.007268077
000946_jpg.rf.18bf1b977f56cc49545942b86ac7c739.jpg	0	0.043678198	0.883832395	0.028431093	0.101835988	0.004991787
000946_jpg.rf.18bf1b977f56cc49545942b86ac7c739.jpg	0	0.040262297	0.884038985	0.021156454	0.088653199	0.004368878
000946_jpg.rf.18bf1b977f56cc49545942b86ac7c739.jpg	0	0.65173167	0.012315503	0.264432132	0.024622543	0.004211772
000946_jpg.rf.18bf1b977f56cc49545942b86ac7c739.jpg	0	0.502139211	0.987903059	0.014151353	0.023565073	0.003315054
000946_jpg.rf.18bf1b977f56cc49545942b86ac7c739.jpg	0	0.07863003	0.87728399	0.025054432	0.099276103	0.003019762
000946_jpg.rf.18bf1b977f56cc49545942b86ac7c739.jpg	0	0.098460093	0.877975523	0.024052951	0.09302558	0.00191239
000946_jpg.rf.18bf1b977f56cc49545942b86ac7c739.jpg	0	0.064681903	0.882553995	0.022211039	0.09506835	0.001898803
000946_jpg.rf.18bf1b977f56cc49545942b86ac7c739.jpg	0	0.040007945	0.867611766	0.020735711	0.05474795	0.001549803
000946_jpg.rf.18bf1b977f56cc49545942b86ac7c739.jpg	0	0.059840802	0.881562412	0.02050354	0.099107012	0.001317495
000946_JPG_jpg.rf.d747fd05b21ff8ac85c05629986ae344.jpg	0	0.400257647	0.222345531	0.11095231	0.051412769	0.849045932
000946_JPG_jpg.rf.d747fd05b21ff8ac85c05629986ae344.jpg	9	0.061620284	0.181994632	0.065669581	0.069400921	0.81345284
000946_JPG_jpg.rf.d747fd05b21ff8ac85c05629986ae344.jpg	7	0.061897326	0.183269083	0.063336447	0.069975369	0.097994268
000946_JPG_jpg.rf.d747fd05b21ff8ac85c05629986ae344.jpg	0	0.566605747	0.580327928	0.028439339	0.019234585	0.005971547
000946_JPG_jpg.rf.d747fd05b21ff8ac85c05629986ae344.jpg	0	0.40768218	0.508174121	0.032430723	0.013697808	0.005149593
000946_JPG_jpg.rf.d747fd05b21ff8ac85c05629986ae344.jpg	0	0.565499961	0.576258361	0.029631432	0.026359743	0.002308714
000946_JPG_jpg.rf.d747fd05b21ff8ac85c05629986ae344.jpg	1	0.446415991	0.513603866	0.034136772	0.013956253	0.001876883
000946_JPG_jpg.rf.d747fd05b21ff8ac85c05629986ae344.jpg	7	0.061034396	0.25666365	0.061530486	0.082977958	0.001812614
000949_JPG_jpg.rf.dffe53a303ce089bd4001a13de0cc7bd.jpg	0	0.281461447	0.132673219	0.336925805	0.133835271	0.937183142
000949_JPG_jpg.rf.dffe53a303ce089bd4001a13de0cc7bd.jpg	0	0.733002305	0.816615343	0.054083239	0.046190485	0.0047028
000954_JPG_jpg.rf.2633035aaeb19e6f2005bf2f8f5d3ebd.jpg	0	0.475532174	0.247892484	0.12561062	0.05926213	0.836080849
000954_JPG_jpg.rf.2633035aaeb19e6f2005bf2f8f5d3ebd.jpg	0	0.406707108	0.588186741	0.027166845	0.020968547	0.469831467
000954_JPG_jpg.rf.2633035aaeb19e6f2005bf2f8f5d3ebd.jpg	0	0.401755124	0.586208522	0.037438579	0.022655305	0.09133365
000954_JPG_jpg.rf.2633035aaeb19e6f2005bf2f8f5d3ebd.jpg	0	0.753912687	0.589918733	0.028868455	0.030290201	0.028357979
000954_JPG_jpg.rf.2633035aaeb19e6f2005bf2f8f5d3ebd.jpg	1	0.397817552	0.587198019	0.049702644	0.021760868	0.011037561
000954_JPG_jpg.rf.2633035aaeb19e6f2005bf2f8f5d3ebd.jpg	0	0.748172224	0.586431623	0.035982866	0.02289068	0.005769782
000954_JPG_jpg.rf.2633035aaeb19e6f2005bf2f8f5d3ebd.jpg	0	0.768099427	0.591045678	0.039834466	0.034926414	0.005187505
000954_JPG_jpg.rf.2633035aaeb19e6f2005bf2f8f5d3ebd.jpg	1	0.374225914	0.585031331	0.031789303	0.022442231	0.004576987
000954_JPG_jpg.rf.2633035aaeb19e6f2005bf2f8f5d3ebd.jpg	1	0.382928014	0.584853172	0.031971712	0.022163795	0.003485462
000954_JPG_jpg.rf.2633035aaeb19e6f2005bf2f8f5d3ebd.jpg	0	0.745910108	0.592071414	0.042987753	0.034138866	0.003047177
000954_JPG_jpg.rf.2633035aaeb19e6f2005bf2f8f5d3ebd.jpg	1	0.684084713	0.633513153	0.020228019	0.022467835	0.002410864
000954_JPG_jpg.rf.2633035aaeb19e6f2005bf2f8f5d3ebd.jpg	0	0.737999678	0.59145546	0.055357568	0.029835299	0.002142823
000954_JPG_jpg.rf.2633035aaeb19e6f2005bf2f8f5d3ebd.jpg	0	0.407334208	0.592549145	0.023090253	0.036235332	0.002095832
000954_JPG_jpg.rf.2633035aaeb19e6f2005bf2f8f5d3ebd.jpg	0	0.351704478	0.622287631	0.026649365	0.016245108	0.001970763
000954_JPG_jpg.rf.2633035aaeb19e6f2005bf2f8f5d3ebd.jpg	1	0.191789523	0.610117376	0.016322706	0.00950087	0.001895225
000954_JPG_jpg.rf.2633035aaeb19e6f2005bf2f8f5d3ebd.jpg	1	0.192653209	0.613789737	0.014703935	0.013404664	0.001832842
000954_JPG_jpg.rf.2633035aaeb19e6f2005bf2f8f5d3ebd.jpg	0	0.19869633	0.523552537	0.04186533	0.020598633	0.001807158
000954_JPG_jpg.rf.2633035aaeb19e6f2005bf2f8f5d3ebd.jpg	0	0.416793168	0.590349019	0.039201993	0.020299545	0.001670511
000954_JPG_jpg.rf.2633035aaeb19e6f2005bf2f8f5d3ebd.jpg	0	0.38386476	0.585544527	0.038126655	0.022788709	0.001615292
000954_JPG_jpg.rf.2633035aaeb19e6f2005bf2f8f5d3ebd.jpg	0	0.153661802	0.168241695	0.016310968	0.011846176	0.001563558
000954_JPG_jpg.rf.2633035aaeb19e6f2005bf2f8f5d3ebd.jpg	0	0.357452869	0.619543254	0.030429548	0.01798054	0.001399002
000954_JPG_jpg.rf.2633035aaeb19e6f2005bf2f8f5d3ebd.jpg	1	0.684975266	0.634308279	0.015570201	0.017062407	0.001354655
000959_jpg.rf.5bf1b1614cead2ae3ed908c0373143c1.jpg	0	0.518862903	0.289984047	0.011912236	0.049402881	0.813176513
000959_jpg.rf.5bf1b1614cead2ae3ed908c0373143c1.jpg	0	0.38874656	0.294917881	0.012349973	0.049646307	0.516961753
000959_jpg.rf.5bf1b1614cead2ae3ed908c0373143c1.jpg	8	0.368448973	0.297317475	0.015217194	0.029292511	0.008438171
000959_jpg.rf.5bf1b1614cead2ae3ed908c0373143c1.jpg	0	0.510972261	0.289201647	0.011440057	0.040354069	0.00429812
000959_jpg.rf.5bf1b1614cead2ae3ed908c0373143c1.jpg	0	0.037810244	0.27402705	0.025313245	0.027997788	0.004128481
000959_jpg.rf.5bf1b1614cead2ae3ed908c0373143c1.jpg	0	0.277010173	0.331981301	0.010032947	0.015174096	0.004081214
000959_jpg.rf.5bf1b1614cead2ae3ed908c0373143c1.jpg	8	0.369630456	0.300876349	0.020063657	0.031659715	0.003671652
000959_jpg.rf.5bf1b1614cead2ae3ed908c0373143c1.jpg	0	0.517163873	0.289105862	0.015207071	0.058142208	0.002415683
000959_jpg.rf.5bf1b1614cead2ae3ed908c0373143c1.jpg	0	0.512756169	0.290883541	0.013335595	0.045919694	0.002336457
000959_jpg.rf.5bf1b1614cead2ae3ed908c0373143c1.jpg	0	0.929404199	0.415854663	0.037063379	0.019177804	0.00197015
000959_jpg.rf.5bf1b1614cead2ae3ed908c0373143c1.jpg	8	0.49436608	0.291240901	0.020482063	0.022058304	0.001679128
000959_jpg.rf.5bf1b1614cead2ae3ed908c0373143c1.jpg	0	0.006345531	0.111202411	0.012606514	0.081749938	0.001581468
000959_jpg.rf.5bf1b1614cead2ae3ed908c0373143c1.jpg	0	0.560306847	0.350121558	0.019104591	0.015198855	0.001528585
000959_jpg.rf.5bf1b1614cead2ae3ed908c0373143c1.jpg	0	0.507289052	0.289131939	0.01618976	0.05254909	0.001123675
000959_jpg.rf.5bf1b1614cead2ae3ed908c0373143c1.jpg	0	0.27762562	0.335399479	0.010292384	0.019854767	0.001050881
000959_jpg.rf.5bf1b1614cead2ae3ed908c0373143c1.jpg	0	0.007017872	0.268285692	0.013414536	0.038568206	0.001025524
000961_jpg.rf.805df5d6f453caa3c1fa8a87893ec991.jpg	0	0.435680777	0.26548335	0.015656471	0.057804916	0.738043964
000961_jpg.rf.805df5d6f453caa3c1fa8a87893ec991.jpg	0	0.529212654	0.263110906	0.014785217	0.054219011	0.723303139
000961_jpg.rf.805df5d6f453caa3c1fa8a87893ec991.jpg	0	0.526385963	0.264930665	0.01544494	0.051424507	0.081576467
000961_jpg.rf.805df5d6f453caa3c1fa8a87893ec991.jpg	0	0.572091997	0.309403419	0.011703309	0.047964483	0.072758988
000961_jpg.rf.805df5d6f453caa3c1fa8a87893ec991.jpg	1	0.633603632	0.01437398	0.012205051	0.02873121	0.025760211
000961_jpg.rf.805df5d6f453caa3c1fa8a87893ec991.jpg	0	0.434238344	0.261766672	0.017897239	0.070341788	0.015805919
000961_jpg.rf.805df5d6f453caa3c1fa8a87893ec991.jpg	0	0.945726991	0.036979165	0.009374253	0.040836092	0.013292487
000961_jpg.rf.805df5d6f453caa3c1fa8a87893ec991.jpg	1	0.637399852	0.012549796	0.012077259	0.025099592	0.007357542
000961_jpg.rf.805df5d6f453caa3c1fa8a87893ec991.jpg	1	0.451726377	0.376092434	0.009709358	0.027147587	0.004881687
000961_jpg.rf.805df5d6f453caa3c1fa8a87893ec991.jpg	0	0.593749881	0.131692231	0.04386517	0.022216743	0.003698298
000961_jpg.rf.805df5d6f453caa3c1fa8a87893ec991.jpg	0	0.884679377	0.991877675	0.029903781	0.014108071	0.002705196
000961_jpg.rf.805df5d6f453caa3c1fa8a87893ec991.jpg	1	0.448345572	0.374504089	0.009427071	0.02172672	0.002275986
000961_jpg.rf.805df5d6f453caa3c1fa8a87893ec991.jpg	0	0.058589056	0.094368719	0.019910872	0.032913458	0.002144504
000961_jpg.rf.805df5d6f453caa3c1fa8a87893ec991.jpg	1	0.448230356	0.371442944	0.010652542	0.018021548	0.002117619
000961_jpg.rf.805df5d6f453caa3c1fa8a87893ec991.jpg	0	0.171829879	0.100382216	0.012675286	0.046959255	0.002097516
000961_jpg.rf.805df5d6f453caa3c1fa8a87893ec991.jpg	0	0.437388867	0.262339681	0.018647598	0.068903722	0.001912364
000961_jpg.rf.805df5d6f453caa3c1fa8a87893ec991.jpg	0	0.883897543	0.987930119	0.017156821	0.014992935	0.001825122
000961_jpg.rf.805df5d6f453caa3c1fa8a87893ec991.jpg	1	0.642839372	0.014693232	0.018846512	0.028704174	0.001677824
000961_jpg.rf.805df5d6f453caa3c1fa8a87893ec991.jpg	0	0.574840069	0.312190384	0.013571629	0.045574483	0.001465347
000961_jpg.rf.805df5d6f453caa3c1fa8a87893ec991.jpg	0	0.605738461	0.126015067	0.01778621	0.025526552	0.001328681
000961_jpg.rf.805df5d6f453caa3c1fa8a87893ec991.jpg	1	0.011887157	0.566150784	0.023519263	0.077045225	0.001245512
000961_jpg.rf.805df5d6f453caa3c1fa8a87893ec991.jpg	0	0.455511302	0.271938503	0.019701958	0.040180776	0.001139095
000961_jpg.rf.805df5d6f453caa3c1fa8a87893ec991.jpg	1	0.635664284	0.01651217	0.012709765	0.033024341	0.001033845
000966_JPG_jpg.rf.87fa55fbebc4989000b890b88765c712.jpg	0	0.268079579	0.12436337	0.09295167	0.049333453	0.862900853
000966_JPG_jpg.rf.87fa55fbebc4989000b890b88765c712.jpg	0	0.430127889	0.486063451	0.029964264	0.016247567	0.04136093
000966_JPG_jpg.rf.87fa55fbebc4989000b890b88765c712.jpg	1	0.879512608	0.004804564	0.052381519	0.009609128	0.038769964
000966_JPG_jpg.rf.87fa55fbebc4989000b890b88765c712.jpg	1	0.023033645	0.493827164	0.021339936	0.060768679	0.027802864
000966_JPG_jpg.rf.87fa55fbebc4989000b890b88765c712.jpg	0	0.932164729	0.006277649	0.048429489	0.012555298	0.014408214
000966_JPG_jpg.rf.87fa55fbebc4989000b890b88765c712.jpg	0	0.431800574	0.48895213	0.032167252	0.01541655	0.010705039
000966_JPG_jpg.rf.87fa55fbebc4989000b890b88765c712.jpg	1	0.878636777	0.007970715	0.051792149	0.015901875	0.006389762
000966_JPG_jpg.rf.87fa55fbebc4989000b890b88765c712.jpg	1	0.934336245	0.007803062	0.05474795	0.015606124	0.005633306
000966_JPG_jpg.rf.87fa55fbebc4989000b890b88765c712.jpg	1	0.9327057	0.006162654	0.046849031	0.012325308	0.005340054
000966_JPG_jpg.rf.87fa55fbebc4989000b890b88765c712.jpg	1	0.744167209	0.445330709	0.028954653	0.047860514	0.003316496
000966_JPG_jpg.rf.87fa55fbebc4989000b890b88765c712.jpg	0	0.02319533	0.494894117	0.023564555	0.060772531	0.003288569
000966_JPG_jpg.rf.87fa55fbebc4989000b890b88765c712.jpg	0	0.28920421	0.127322614	0.053520773	0.04959752	0.002949546
000966_JPG_jpg.rf.87fa55fbebc4989000b890b88765c712.jpg	0	0.493509203	0.476793081	0.015436246	0.014078911	0.002025513
000966_JPG_jpg.rf.87fa55fbebc4989000b890b88765c712.jpg	0	0.993061006	0.049309477	0.013878016	0.098618954	0.001923132
000966_JPG_jpg.rf.87fa55fbebc4989000b890b88765c712.jpg	0	0.307987899	0.442397177	0.032544523	0.013286885	0.001761827
000966_JPG_jpg.rf.87fa55fbebc4989000b890b88765c712.jpg	0	0.994890273	0.049808875	0.010219574	0.098866314	0.001541119
000966_JPG_jpg.rf.87fa55fbebc4989000b890b88765c712.jpg	0	0.9429093	0.007152352	0.057587039	0.014304704	0.001490003
000966_JPG_jpg.rf.87fa55fbebc4989000b890b88765c712.jpg	1	0.38564536	0.471158594	0.026027204	0.017700195	0.001034159
000966_JPG_jpg.rf.87fa55fbebc4989000b890b88765c712.jpg	1	0.87936461	0.013661731	0.051183335	0.027323462	0.001025894
000967_jpg.rf.c03a4af67b2c09d534327ef7de40de4c.jpg	1	0.808585405	0.091664024	0.02363315	0.100971326	0.80037874
000967_jpg.rf.c03a4af67b2c09d534327ef7de40de4c.jpg	1	0.641138554	0.098010965	0.024391174	0.098638535	0.757835329
000967_jpg.rf.c03a4af67b2c09d534327ef7de40de4c.jpg	1	0.229358956	0.316295952	0.015439988	0.047019593	0.02774989
000967_jpg.rf.c03a4af67b2c09d534327ef7de40de4c.jpg	0	0.569557667	0.165419251	0.011674478	0.025483031	0.010511703
000967_jpg.rf.c03a4af67b2c09d534327ef7de40de4c.jpg	2	0.507533908	0.653579712	0.051173944	0.089129269	0.004136466
000967_jpg.rf.c03a4af67b2c09d534327ef7de40de4c.jpg	0	0.450842291	0.167297199	0.015196067	0.032952834	0.003285092
000967_jpg.rf.c03a4af67b2c09d534327ef7de40de4c.jpg	1	0.809129	0.108336344	0.023450045	0.066618875	0.00158667
000967_jpg.rf.c03a4af67b2c09d534327ef7de40de4c.jpg	14	0.263244301	0.791086912	0.046652555	0.082539931	0.001173693
000967_jpg.rf.c03a4af67b2c09d534327ef7de40de4c.jpg	9	0.756447136	0.643361568	0.046906032	0.074946441	0.001036082
000983_JPG_jpg.rf.435a52389bec50fc37b8d83dc287f3ed.jpg	0	0.583536983	0.057579502	0.285410792	0.080399789	0.910810769
000983_JPG_jpg.rf.435a52389bec50fc37b8d83dc287f3ed.jpg	0	0.247188285	0.422699273	0.09724845	0.032608584	0.697320938
000983_JPG_jpg.rf.435a52389bec50fc37b8d83dc287f3ed.jpg	0	0.26718393	0.423260987	0.062282566	0.032818247	0.004644504
000983_JPG_jpg.rf.435a52389bec50fc37b8d83dc287f3ed.jpg	0	0.039403934	0.488287419	0.026659045	0.107481487	0.003671178
000983_JPG_jpg.rf.435a52389bec50fc37b8d83dc287f3ed.jpg	0	0.627909184	0.05708424	0.21294719	0.079104133	0.002997911
000983_JPG_jpg.rf.435a52389bec50fc37b8d83dc287f3ed.jpg	8	0.40476045	0.994192004	0.15891248	0.011615974	0.002774814
000983_JPG_jpg.rf.435a52389bec50fc37b8d83dc287f3ed.jpg	0	0.589071691	0.106625974	0.288304329	0.175321564	0.002565042
000983_JPG_jpg.rf.435a52389bec50fc37b8d83dc287f3ed.jpg	8	0.431137115	0.993933618	0.114285253	0.012028107	0.002251216
000983_JPG_jpg.rf.435a52389bec50fc37b8d83dc287f3ed.jpg	1	0.318604589	0.545953691	0.024378832	0.010104546	0.001127484
000985_JPG_jpg.rf.858faffcae4167e233b829d2f744f34f.jpg	0	0.320852101	0.113875061	0.127286345	0.052249316	0.847258985
000985_JPG_jpg.rf.858faffcae4167e233b829d2f744f34f.jpg	0	0.828921437	0.070253506	0.045655031	0.033953227	0.014794406
000985_JPG_jpg.rf.858faffcae4167e233b829d2f744f34f.jpg	1	0.113716163	0.015033546	0.028338259	0.030041892	0.002153447
000989_JPG_jpg.rf.190d2ec887677882e3d1c869a542aa26.jpg	0	0.419277251	0.156993523	0.192824438	0.085147023	0.880818605
000989_JPG_jpg.rf.190d2ec887677882e3d1c869a542aa26.jpg	0	0.268999398	0.581057668	0.034467991	0.01750946	0.789132655
000989_JPG_jpg.rf.190d2ec887677882e3d1c869a542aa26.jpg	0	0.273854196	0.583885729	0.028679373	0.021915253	0.347233355
000989_JPG_jpg.rf.190d2ec887677882e3d1c869a542aa26.jpg	0	0.280752569	0.582007825	0.036577702	0.021861957	0.133809343
000989_JPG_jpg.rf.190d2ec887677882e3d1c869a542aa26.jpg	0	0.874502242	0.542389214	0.017244339	0.020233521	0.122103654
000989_JPG_jpg.rf.190d2ec887677882e3d1c869a542aa26.jpg	0	0.827980936	0.541923404	0.05827618	0.020354088	0.101299576
000989_JPG_jpg.rf.190d2ec887677882e3d1c869a542aa26.jpg	0	0.274253607	0.578148544	0.031333171	0.024155067	0.093580484
000989_JPG_jpg.rf.190d2ec887677882e3d1c869a542aa26.jpg	0	0.267168671	0.57745266	0.03774929	0.023049172	0.092667006
000989_JPG_jpg.rf.190d2ec887677882e3d1c869a542aa26.jpg	0	0.261061341	0.579221189	0.043996722	0.016434854	0.04958545
000989_JPG_jpg.rf.190d2ec887677882e3d1c869a542aa26.jpg	0	0.823186338	0.540660083	0.045097351	0.014711564	0.045088049
000989_JPG_jpg.rf.190d2ec887677882e3d1c869a542aa26.jpg	0	0.286686838	0.577853978	0.030547822	0.030115422	0.010859655
000989_JPG_jpg.rf.190d2ec887677882e3d1c869a542aa26.jpg	0	0.82354176	0.539219677	0.050647739	0.019011682	0.008645665
000989_JPG_jpg.rf.190d2ec887677882e3d1c869a542aa26.jpg	0	0.364149302	0.604797065	0.02352179	0.012920784	0.006377534
000989_JPG_jpg.rf.190d2ec887677882e3d1c869a542aa26.jpg	0	0.346066266	0.596895456	0.032785967	0.01854915	0.005350311
000989_JPG_jpg.rf.190d2ec887677882e3d1c869a542aa26.jpg	0	0.352245539	0.603039205	0.032039352	0.015464196	0.005336005
000989_JPG_jpg.rf.190d2ec887677882e3d1c869a542aa26.jpg	0	0.248091713	0.587375164	0.025738845	0.023239687	0.004189741
000989_JPG_jpg.rf.190d2ec887677882e3d1c869a542aa26.jpg	0	0.347458124	0.602010071	0.030040082	0.015854139	0.003553711
000989_JPG_jpg.rf.190d2ec887677882e3d1c869a542aa26.jpg	0	0.278088182	0.606211305	0.026827244	0.062736914	0.003544482
000989_JPG_jpg.rf.190d2ec887677882e3d1c869a542aa26.jpg	0	0.291693598	0.580006897	0.033173893	0.02596914	0.003451697
000989_JPG_jpg.rf.190d2ec887677882e3d1c869a542aa26.jpg	0	0.874694407	0.559581578	0.018614916	0.058254428	0.003255907
000989_JPG_jpg.rf.190d2ec887677882e3d1c869a542aa26.jpg	1	0.715792298	0.371844232	0.016458366	0.022369055	0.002872708
000989_JPG_jpg.rf.190d2ec887677882e3d1c869a542aa26.jpg	1	0.358594149	0.587758243	0.017251382	0.026961584	0.002317442
000989_JPG_jpg.rf.190d2ec887677882e3d1c869a542aa26.jpg	0	0.413017571	0.623243213	0.022910303	0.014547936	0.002140332
000989_JPG_jpg.rf.190d2ec887677882e3d1c869a542aa26.jpg	0	0.404869169	0.623264134	0.02852154	0.015540637	0.002105578
000989_JPG_jpg.rf.190d2ec887677882e3d1c869a542aa26.jpg	0	0.265643269	0.58528626	0.043998811	0.021719933	0.001558863
000989_JPG_jpg.rf.190d2ec887677882e3d1c869a542aa26.jpg	0	0.426441342	0.641849041	0.018415635	0.012121348	0.001281481
000989_JPG_jpg.rf.190d2ec887677882e3d1c869a542aa26.jpg	1	0.789433956	0.617097557	0.017589569	0.017859643	0.001205042
000989_JPG_jpg.rf.190d2ec887677882e3d1c869a542aa26.jpg	0	0.271096438	0.607094467	0.027159069	0.058275007	0.001070797
000989_JPG_jpg.rf.190d2ec887677882e3d1c869a542aa26.jpg	0	0.312081873	0.543194175	0.02619582	0.010327706	0.001050581
000994_jpg.rf.a4d87f8cd54a7a19e0081461e279a335.jpg	0	0.457653493	0.860874236	0.032424085	0.131801248	0.867938757
000994_jpg.rf.a4d87f8cd54a7a19e0081461e279a335.jpg	1	0.251672655	0.288123816	0.038336188	0.024418391	0.535320461
000994_jpg.rf.a4d87f8cd54a7a19e0081461e279a335.jpg	0	0.008007602	0.875955045	0.016015204	0.133830294	0.446896106
000994_jpg.rf.a4d87f8cd54a7a19e0081461e279a335.jpg	1	0.191520512	0.287149429	0.049999367	0.026249411	0.028471399
000994_jpg.rf.a4d87f8cd54a7a19e0081461e279a335.jpg	0	0.013528265	0.874021947	0.02705653	0.12972641	0.025298098
000994_jpg.rf.a4d87f8cd54a7a19e0081461e279a335.jpg	0	0.006430185	0.912043035	0.01286037	0.049739838	0.012588683
000994_jpg.rf.a4d87f8cd54a7a19e0081461e279a335.jpg	0	0.234189168	0.995828688	0.011246681	0.007875076	0.012334061
000994_jpg.rf.a4d87f8cd54a7a19e0081461e279a335.jpg	1	0.215972558	0.288313806	0.076319627	0.027190778	0.009610433
000994_jpg.rf.a4d87f8cd54a7a19e0081461e279a335.jpg	0	0.500066757	0.952510893	0.022173332	0.010855088	0.009146987
000994_jpg.rf.a4d87f8cd54a7a19e0081461e279a335.jpg	1	0.219221815	0.287439883	0.104214467	0.026538262	0.009106832
000994_jpg.rf.a4d87f8cd54a7a19e0081461e279a335.jpg	0	0.006553559	0.870207131	0.012787656	0.11704614	0.005513077
000994_jpg.rf.a4d87f8cd54a7a19e0081461e279a335.jpg	1	0.180810824	0.286924243	0.032485634	0.027323687	0.004404709
000994_jpg.rf.a4d87f8cd54a7a19e0081461e279a335.jpg	0	0.489922613	0.570853651	0.049024768	0.031729113	0.004198
000994_jpg.rf.a4d87f8cd54a7a19e0081461e279a335.jpg	0	0.006686214	0.893247366	0.013372428	0.085247263	0.001591761
001000_jpg.rf.55d2c5392c587e099e386a6406bff14f.jpg	3	0.20701085	0.28440538	0.211776122	0.375623435	0.951303005
001004_jpg.rf.b5403b891cecfc5231ff9ef14b3534ae.jpg	3	0.499093801	0.395679533	0.274016023	0.204626188	0.951217473
001004_jpg.rf.b5403b891cecfc5231ff9ef14b3534ae.jpg	1	0.707744896	0.59757179	0.020299545	0.089845844	0.053573038
001004_jpg.rf.b5403b891cecfc5231ff9ef14b3534ae.jpg	1	0.712329626	0.597476602	0.025191529	0.082565092	0.004347438
001014_jpg.rf.b5f73c9eb6dc1a27fd9ec0323fb5d210.jpg	3	0.295255005	0.220967129	0.203949705	0.334535718	0.952016115
001019_jpg.rf.c53eaf43c583c2bdb0f57c91179329f9.jpg	0	0.164783508	0.135014281	0.027281431	0.117495984	0.905640781
001019_jpg.rf.c53eaf43c583c2bdb0f57c91179329f9.jpg	0	0.558752358	0.109179504	0.02774048	0.117075019	0.89748162
001019_jpg.rf.c53eaf43c583c2bdb0f57c91179329f9.jpg	1	0.488936603	0.009144125	0.028016862	0.018182779	0.005346648
001019_jpg.rf.c53eaf43c583c2bdb0f57c91179329f9.jpg	0	0.55846262	0.141157135	0.021722794	0.050963331	0.003126963
001019_jpg.rf.c53eaf43c583c2bdb0f57c91179329f9.jpg	1	0.481569886	0.007120247	0.034565743	0.014240495	0.002239278
001023_jpg.rf.f7de58bb03c2e2a346432baa358b4c3e.jpg	3	0.295206428	0.276561439	0.205621108	0.251712233	0.943237245
001023_jpg.rf.f7de58bb03c2e2a346432baa358b4c3e.jpg	12	0.805988789	0.805769086	0.061049685	0.073800899	0.055336397
001023_jpg.rf.f7de58bb03c2e2a346432baa358b4c3e.jpg	4	0.807113767	0.181227416	0.058896288	0.080303006	0.014339375
001023_jpg.rf.f7de58bb03c2e2a346432baa358b4c3e.jpg	10	0.804923177	0.805164754	0.06029056	0.074230194	0.007000006
001023_jpg.rf.f7de58bb03c2e2a346432baa358b4c3e.jpg	12	0.806362748	0.17954725	0.057950169	0.077856049	0.002646937
001023_jpg.rf.f7de58bb03c2e2a346432baa358b4c3e.jpg	0	0.83151859	0.955074787	0.025926592	0.072043791	0.001994377
001023_jpg.rf.f7de58bb03c2e2a346432baa358b4c3e.jpg	11	0.805811107	0.1800448	0.055927645	0.076010175	0.001799562
001028_jpg.rf.7a77036407cf037c2415b436fde7826b.jpg	3	0.741629839	0.212342545	0.120601289	0.158718258	0.927424252
001028_jpg.rf.7a77036407cf037c2415b436fde7826b.jpg	4	0.708983302	0.212608442	0.054963481	0.154818684	0.001505399
001031_jpg.rf.2b5fd42d6b8a7d445183a468803e57b9.jpg	3	0.539735377	0.349300295	0.181387722	0.275822639	0.950310469
001031_jpg.rf.2b5fd42d6b8a7d445183a468803e57b9.jpg	7	0.484500229	0.974323392	0.015972542	0.037325494	0.001135183
001035_jpg.rf.8bb44e874531b88eb7bdff9082c78a43.jpg	3	0.611128986	0.444889158	0.379747301	0.535279453	0.966257036
001049_jpg.rf.e527b2a1edfb88b1fbfb9542d33a9a27.jpg	0	0.555695534	0.16750659	0.022028081	0.077695392	0.895655096
001049_jpg.rf.e527b2a1edfb88b1fbfb9542d33a9a27.jpg	0	0.332871169	0.185980126	0.019128799	0.079914384	0.876621366
001049_jpg.rf.e527b2a1edfb88b1fbfb9542d33a9a27.jpg	0	0.974244893	0.270986468	0.015498382	0.047768869	0.357339084
001049_jpg.rf.e527b2a1edfb88b1fbfb9542d33a9a27.jpg	7	0.995466352	0.269483745	0.009009141	0.027690412	0.007214161
001049_jpg.rf.e527b2a1edfb88b1fbfb9542d33a9a27.jpg	1	0.799061358	0.007857748	0.043422993	0.015715497	0.006746612
001049_jpg.rf.e527b2a1edfb88b1fbfb9542d33a9a27.jpg	1	0.011699179	0.641682208	0.023334349	0.095165223	0.005899058
001049_jpg.rf.e527b2a1edfb88b1fbfb9542d33a9a27.jpg	5	0.021208862	0.357041955	0.04228577	0.061941698	0.003625735
001049_jpg.rf.e527b2a1edfb88b1fbfb9542d33a9a27.jpg	8	0.995691657	0.263629854	0.008616888	0.036547277	0.003339801
001049_jpg.rf.e527b2a1edfb88b1fbfb9542d33a9a27.jpg	8	0.530684769	0.154913396	0.019841855	0.049301222	0.002804943
001049_jpg.rf.e527b2a1edfb88b1fbfb9542d33a9a27.jpg	8	0.530493736	0.157066137	0.031069206	0.05424251	0.002150881
001049_jpg.rf.e527b2a1edfb88b1fbfb9542d33a9a27.jpg	0	0.995763361	0.275496423	0.007096144	0.029212477	0.001796722
001049_jpg.rf.e527b2a1edfb88b1fbfb9542d33a9a27.jpg	0	0.799176455	0.007020073	0.039429959	0.013856502	0.001750318
001049_jpg.rf.e527b2a1edfb88b1fbfb9542d33a9a27.jpg	1	0.605577111	0.004252302	0.018204322	0.008504605	0.001432007
001049_jpg.rf.e527b2a1edfb88b1fbfb9542d33a9a27.jpg	1	0.011254745	0.653599083	0.022449164	0.150921643	0.001179546
001049_jpg.rf.e527b2a1edfb88b1fbfb9542d33a9a27.jpg	0	0.958277345	0.274788946	0.018514413	0.025948618	0.001147435
001049_jpg.rf.e527b2a1edfb88b1fbfb9542d33a9a27.jpg	1	0.972277582	0.008563774	0.033532292	0.017127547	0.001084648
001049_jpg.rf.e527b2a1edfb88b1fbfb9542d33a9a27.jpg	8	0.021199245	0.355708569	0.042319108	0.064717591	0.001052783
001049_jpg.rf.e527b2a1edfb88b1fbfb9542d33a9a27.jpg	1	0.00819201	0.640373409	0.01638402	0.088396482	0.00101374
001051_jpg.rf.bb8152d7d7c35ed73bfc9239185f9087.jpg	12	0.690329373	0.26257953	0.06528715	0.092045404	0.953308761
001051_jpg.rf.bb8152d7d7c35ed73bfc9239185f9087.jpg	3	0.470921546	0.267135531	0.065112516	0.093900591	0.911237001
001051_jpg.rf.bb8152d7d7c35ed73bfc9239185f9087.jpg	3	0.249903396	0.27274242	0.062037617	0.095938481	0.85589999
001051_jpg.rf.bb8152d7d7c35ed73bfc9239185f9087.jpg	12	0.343779564	0.266863823	0.070570141	0.093828589	0.330521524
001051_jpg.rf.bb8152d7d7c35ed73bfc9239185f9087.jpg	4	0.250238657	0.273438126	0.063116021	0.097904302	0.153908104
001051_jpg.rf.bb8152d7d7c35ed73bfc9239185f9087.jpg	4	0.469632059	0.268738896	0.063726425	0.098480411	0.072435953
001051_jpg.rf.bb8152d7d7c35ed73bfc9239185f9087.jpg	12	0.249998599	0.273338467	0.062280659	0.095692158	0.02723597
001051_jpg.rf.bb8152d7d7c35ed73bfc9239185f9087.jpg	5	0.55739367	0.264299721	0.073206902	0.097174354	0.005584356
001051_jpg.rf.bb8152d7d7c35ed73bfc9239185f9087.jpg	4	0.344100296	0.26748088	0.070680365	0.09426114	0.003707332
001051_jpg.rf.bb8152d7d7c35ed73bfc9239185f9087.jpg	4	0.55899173	0.265559435	0.070015907	0.098122016	0.001971703
001057_jpg.rf.0d8f858b7a9c12830691348e2ae306af.jpg	3	0.403934568	0.289162159	0.494761258	0.281218529	0.961206853
001059_jpg.rf.2b325fd15e28d0c622610dea63c2c12f.jpg	3	0.258738995	0.584368706	0.191477433	0.28982681	0.94273597
001059_jpg.rf.2b325fd15e28d0c622610dea63c2c12f.jpg	1	0.410523474	0.004073822	0.047919568	0.008147644	0.002279336
001059_jpg.rf.2b325fd15e28d0c622610dea63c2c12f.jpg	1	0.402068377	0.004168868	0.06855268	0.008337736	0.001023274
001066_jpg.rf.c55d7313f5d62858191ae315c7fada73.jpg	1	0.543342829	0.132904664	0.019194383	0.08046817	0.695230126
001066_jpg.rf.c55d7313f5d62858191ae315c7fada73.jpg	1	0.351825058	0.154119939	0.021134634	0.079680897	0.601839423
001066_jpg.rf.c55d7313f5d62858191ae315c7fada73.jpg	8	0.567611039	0.13951011	0.024146447	0.055647328	0.394163609
001066_jpg.rf.c55d7313f5d62858191ae315c7fada73.jpg	1	0.790232182	0.268105567	0.016072273	0.0554226	0.207435548
001066_jpg.rf.c55d7313f5d62858191ae315c7fada73.jpg	8	0.614498019	0.285927176	0.022498315	0.03780622	0.164278686
001066_jpg.rf.c55d7313f5d62858191ae315c7fada73.jpg	1	0.023733491	0.330164194	0.012952494	0.044158645	0.090139054
001066_jpg.rf.c55d7313f5d62858191ae315c7fada73.jpg	1	0.802953005	0.034755837	0.027058015	0.069511674	0.026192445
001066_jpg.rf.c55d7313f5d62858191ae315c7fada73.jpg	0	0.614213824	0.285789549	0.020118531	0.040265929	0.018032186
001066_jpg.rf.c55d7313f5d62858191ae315c7fada73.jpg	1	0.877057135	0.010606878	0.0176754	0.021028334	0.007673891
001066_jpg.rf.c55d7313f5d62858191ae315c7fada73.jpg	7	0.614581883	0.285941601	0.022095865	0.036827564	0.007286766
001066_jpg.rf.c55d7313f5d62858191ae315c7fada73.jpg	1	0.865628958	0.010793265	0.029736521	0.02158653	0.00631065
001066_jpg.rf.c55d7313f5d62858191ae315c7fada73.jpg	7	0.566438138	0.135475755	0.028689202	0.065628864	0.004541578
001066_jpg.rf.c55d7313f5d62858191ae315c7fada73.jpg	8	0.600543976	0.289369822	0.029873263	0.025083341	0.003586726
001066_jpg.rf.c55d7313f5d62858191ae315c7fada73.jpg	1	0.857141614	0.010723991	0.027101664	0.021311365	0.002898864
001066_jpg.rf.c55d7313f5d62858191ae315c7fada73.jpg	1	0.53419894	0.138002604	0.020093149	0.074842513	0.002648172
001066_jpg.rf.c55d7313f5d62858191ae315c7fada73.jpg	8	0.602183878	0.285516798	0.028911922	0.029648012	0.002123148
001066_jpg.rf.c55d7313f5d62858191ae315c7fada73.jpg	1	0.025477573	0.334967732	0.014790016	0.057604883	0.001893726
001066_jpg.rf.c55d7313f5d62858191ae315c7fada73.jpg	1	0.567527354	0.134416565	0.018828502	0.070153594	0.001626252
001066_jpg.rf.c55d7313f5d62858191ae315c7fada73.jpg	1	0.188880861	0.360310495	0.03114273	0.016802642	0.001506725
001066_jpg.rf.c55d7313f5d62858191ae315c7fada73.jpg	1	0.537733614	0.132267177	0.015494531	0.083698444	0.001425316
001066_jpg.rf.c55d7313f5d62858191ae315c7fada73.jpg	1	0.906512499	0.010897873	0.036398742	0.021795746	0.001228077
001066_jpg.rf.c55d7313f5d62858191ae315c7fada73.jpg	0	0.0860973	0.166554332	0.011027694	0.037302781	0.001125695
001068_jpg.rf.371ec28b0d2bbbd16c8a645be41f5a76.jpg	1	0.198737144	0.108460411	0.025619287	0.106742896	0.784160316
001068_jpg.rf.371ec28b0d2bbbd16c8a645be41f5a76.jpg	1	0.553223312	0.091891378	0.023019975	0.098069213	0.675328553
001068_jpg.rf.371ec28b0d2bbbd16c8a645be41f5a76.jpg	0	0.391542971	0.370002359	0.006759864	0.033496566	0.004285287
001068_jpg.rf.371ec28b0d2bbbd16c8a645be41f5a76.jpg	0	0.833158791	0.24402605	0.018258829	0.036723889	0.003939404
001068_jpg.rf.371ec28b0d2bbbd16c8a645be41f5a76.jpg	1	0.110499799	0.009243167	0.032504193	0.018486334	0.002789337
001068_jpg.rf.371ec28b0d2bbbd16c8a645be41f5a76.jpg	8	0.837148488	0.24869065	0.020852603	0.04352225	0.002281305
001068_jpg.rf.371ec28b0d2bbbd16c8a645be41f5a76.jpg	1	0.537548721	0.012267794	0.026477631	0.024158543	0.002239592
001068_jpg.rf.371ec28b0d2bbbd16c8a645be41f5a76.jpg	8	0.834632933	0.245376304	0.019970307	0.037315845	0.001791197
001068_jpg.rf.371ec28b0d2bbbd16c8a645be41f5a76.jpg	1	0.565415204	0.091139048	0.029395875	0.09644229	0.001391853
001068_jpg.rf.371ec28b0d2bbbd16c8a645be41f5a76.jpg	1	0.560208917	0.095081441	0.030913575	0.092607886	0.001253491
001082_jpg.rf.6b7fc1c9648c1a3494a137ffa3664be1.jpg	3	0.741032779	0.215089589	0.118143819	0.162115321	0.940931141
001082_jpg.rf.6b7fc1c9648c1a3494a137ffa3664be1.jpg	1	0.390231282	0.464779645	0.035330664	0.014637471	0.005897223
001082_jpg.rf.6b7fc1c9648c1a3494a137ffa3664be1.jpg	1	0.394506186	0.465966612	0.033762604	0.015974045	0.00100171
001089_jpg.rf.004c591c5855cf05e2198a5e21c8ab56.jpg	3	0.506596506	0.679958522	0.22884579	0.423147172	0.948668063
001089_jpg.rf.004c591c5855cf05e2198a5e21c8ab56.jpg	1	0.023866462	0.004311925	0.040165186	0.00862385	0.019631578
001089_jpg.rf.004c591c5855cf05e2198a5e21c8ab56.jpg	0	0.128789455	0.474363059	0.027926208	0.02052938	0.015784755
001089_jpg.rf.004c591c5855cf05e2198a5e21c8ab56.jpg	0	0.50202781	0.951456666	0.023839181	0.097086765	0.005757221
001089_jpg.rf.004c591c5855cf05e2198a5e21c8ab56.jpg	0	0.500398815	0.99333936	0.021776089	0.012800657	0.002940869
001089_jpg.rf.004c591c5855cf05e2198a5e21c8ab56.jpg	1	0.034138374	0.005049637	0.062348139	0.010099274	0.00280862
001089_jpg.rf.004c591c5855cf05e2198a5e21c8ab56.jpg	0	0.501030564	0.963548243	0.023199193	0.072903492	0.00158561
001089_jpg.rf.004c591c5855cf05e2198a5e21c8ab56.jpg	0	0.151707724	0.479663759	0.049504008	0.017901054	0.00158541
001089_jpg.rf.004c591c5855cf05e2198a5e21c8ab56.jpg	1	0.043023277	0.005380217	0.050098788	0.010760433	0.001566358
001089_jpg.rf.004c591c5855cf05e2198a5e21c8ab56.jpg	4	0.491114259	0.813771784	0.130565912	0.091723815	0.001264662
001089_jpg.rf.004c591c5855cf05e2198a5e21c8ab56.jpg	1	0.030530775	0.007950326	0.059095714	0.015900653	0.001017967
001097_jpg.rf.76b13f1ce839d7102e9a683f6959a3e6.jpg	3	0.401364475	0.455030054	0.609421074	0.778046787	0.960801184
001214_jpg.rf.85dbeddc5609d79293b1f979131a9f35.jpg	4	0.47981286	0.364254594	0.504454255	0.335554898	0.954057872
001214_jpg.rf.85dbeddc5609d79293b1f979131a9f35.jpg	0	0.440049857	0.0110413	0.394525886	0.021923928	0.003855549
001223_jpg.rf.cd973e1db0f78ec16c70d7af43fc4511.jpg	4	0.331977099	0.534157515	0.293645054	0.398357481	0.961836398
001223_jpg.rf.cd973e1db0f78ec16c70d7af43fc4511.jpg	1	0.150112107	0.815709591	0.017886126	0.096081957	0.006881933
001228_jpg.rf.f4f7bc0b74a46e26c75aed78c39b41e5.jpg	4	0.31250149	0.284617007	0.231094077	0.410375059	0.950116932
001229_jpg.rf.3174ec6dbfe9e8ee6ab16906d969ae8d.jpg	4	0.331607312	0.534399867	0.290010035	0.395132363	0.964125931
001247_jpg.rf.986fd924de123c95a8e6bbcc765d4c10.jpg	4	0.294427395	0.472035021	0.501937687	0.893058419	0.90536356
001250_jpg.rf.157a04c81cbb47009538b4880d0004c9.jpg	4	0.495429784	0.454569161	0.439620078	0.606316388	0.925208569
001256_jpg.rf.204fbb92b5dc59d697bf04b2682485e2.jpg	4	0.567421436	0.377733231	0.295520604	0.383489579	0.962362528
001256_jpg.rf.204fbb92b5dc59d697bf04b2682485e2.jpg	0	0.810646355	0.990380526	0.046167009	0.019238986	0.002346532
001259_jpg.rf.b55c7e7dacc1e607f8e69b2a5cc36568.jpg	4	0.534811676	0.515975952	0.332481712	0.508543909	0.969907641
001261_jpg.rf.7b5bf5841b26d8966d6081fbc704dbf7.jpg	4	0.471647352	0.274474055	0.132218152	0.092673801	0.789266706
001261_jpg.rf.7b5bf5841b26d8966d6081fbc704dbf7.jpg	3	0.47182411	0.275072694	0.131674409	0.092596501	0.14333342
001261_jpg.rf.7b5bf5841b26d8966d6081fbc704dbf7.jpg	5	0.472400159	0.274738073	0.131850794	0.093011677	0.120264351
001277_jpg.rf.03beffa81aa901c8462dfe1681a202f4.jpg	4	0.437549621	0.225632384	0.090175629	0.12834093	0.943916023
001277_jpg.rf.03beffa81aa901c8462dfe1681a202f4.jpg	4	0.405012161	0.225777104	0.161966518	0.134416103	0.02861245
001277_jpg.rf.03beffa81aa901c8462dfe1681a202f4.jpg	4	0.436991721	0.180691361	0.102264889	0.221266225	0.004938105
001277_jpg.rf.03beffa81aa901c8462dfe1681a202f4.jpg	3	0.439000279	0.224523291	0.093199477	0.128669173	0.00244758
001277_jpg.rf.03beffa81aa901c8462dfe1681a202f4.jpg	4	0.44353798	0.288027108	0.099579811	0.267043591	0.002388727
001277_jpg.rf.03beffa81aa901c8462dfe1681a202f4.jpg	4	0.314202547	0.192885369	0.365670115	0.29636392	0.001916884
001277_jpg.rf.03beffa81aa901c8462dfe1681a202f4.jpg	1	0.43838349	0.224940583	0.092008889	0.128448009	0.00149048
001281_jpg.rf.b8a22407e4c52a0704d45a8b32965f9b.jpg	4	0.503543437	0.494392961	0.713500857	0.908805788	0.955879807
001289_jpg.rf.2b57939adb36b165f0eef0a3de68e1ec.jpg	4	0.506114423	0.432563931	0.399461836	0.260164082	0.968401313
001290_jpg.rf.d3a396f3ea066c80a6e76a48dcf798a2.jpg	4	0.479756892	0.191052884	0.277205408	0.17932196	0.958788216
001291_jpg.rf.c0ea8c600fa9219527f23947a8f0e7ec.jpg	4	0.31157282	0.299009889	0.235679612	0.321480006	0.948798239
001291_jpg.rf.c0ea8c600fa9219527f23947a8f0e7ec.jpg	0	0.906009138	0.126081452	0.028492341	0.014608934	0.008499689
001295_jpg.rf.449090465a44f9f98a47e1141f3a8f38.jpg	4	0.534692764	0.516236007	0.332125485	0.509808838	0.972447455
001407_jpg.rf.70ca057de423bef18930dd5f47b975d7.jpg	5	0.221652001	0.212005347	0.222259894	0.339894414	0.95921427
001407_jpg.rf.70ca057de423bef18930dd5f47b975d7.jpg	1	0.010422404	0.399653375	0.020004621	0.045268904	0.001338191
001409_jpg.rf.03a314500608050ad90ed1c849fb18db.jpg	5	0.637022436	0.466584593	0.076353662	0.115416534	0.956240892
001409_jpg.rf.03a314500608050ad90ed1c849fb18db.jpg	5	0.59552145	0.465798169	0.159502774	0.13989152	0.001150605
001409_jpg.rf.03a314500608050ad90ed1c849fb18db.jpg	1	0.390477747	0.013838645	0.034945488	0.026745219	0.001087046
001427_jpg.rf.fe832db13f19311c2eda0b6e83878ec5.jpg	5	0.502218366	0.491739005	0.941863298	0.924341798	0.971463978
001432_jpg.rf.5d8fff00f092a9bcb15a018a3edb186b.jpg	5	0.722344637	0.469563276	0.13087596	0.220701769	0.908798695
001432_jpg.rf.5d8fff00f092a9bcb15a018a3edb186b.jpg	1	0.636642456	0.914586484	0.016141085	0.049192797	0.003062773
001436_jpg.rf.cc8f571352da66682260166ac2086168.jpg	5	0.702092052	0.450668305	0.383666903	0.59752506	0.954284668
001449_jpg.rf.4b8f2718b90c8c6cf89ccf753d5b575a.jpg	11	0.326835692	0.706583142	0.351458371	0.550751865	0.940442622
001449_jpg.rf.4b8f2718b90c8c6cf89ccf753d5b575a.jpg	5	0.884010732	0.237143144	0.23176223	0.331194848	0.936630845
001462_jpg.rf.590c8b4c74096f768de4433951995545.jpg	5	0.733325899	0.5	0.533348203	1	0.970268965
001465_jpg.rf.82e271056e453a4f123033b7db486d63.jpg	5	0.471577108	0.31904912	0.581993639	0.611294687	0.971945405
001465_jpg.rf.82e271056e453a4f123033b7db486d63.jpg	5	0.592356205	0.888006806	0.087304153	0.142243534	0.949640334
001465_jpg.rf.82e271056e453a4f123033b7db486d63.jpg	5	0.881678402	0.685587466	0.229788929	0.294167638	0.936701953
001465_jpg.rf.82e271056e453a4f123033b7db486d63.jpg	5	0.270121872	0.792377234	0.168952391	0.269345582	0.928760946
001465_jpg.rf.82e271056e453a4f123033b7db486d63.jpg	5	0.793082178	0.881063521	0.07609918	0.121229693	0.214658529
001465_jpg.rf.82e271056e453a4f123033b7db486d63.jpg	5	0.331558973	0.911990583	0.071519673	0.122390382	0.170123383
001465_jpg.rf.82e271056e453a4f123033b7db486d63.jpg	12	0.330089658	0.913879693	0.071773514	0.120479956	0.005471106
001465_jpg.rf.82e271056e453a4f123033b7db486d63.jpg	4	0.59013176	0.871518672	0.085285775	0.108267933	0.00541361
001465_jpg.rf.82e271056e453a4f123033b7db486d63.jpg	5	0.35188207	0.910533965	0.034065433	0.11608506	0.005367803
001465_jpg.rf.82e271056e453a4f123033b7db486d63.jpg	4	0.354499549	0.915554821	0.029368181	0.127534866	0.004865214
001465_jpg.rf.82e271056e453a4f123033b7db486d63.jpg	4	0.79103452	0.869229734	0.074829102	0.094250679	0.002262291
001465_jpg.rf.82e271056e453a4f123033b7db486d63.jpg	5	0.593000948	0.923003018	0.085903719	0.075335287	0.001471196
001465_jpg.rf.82e271056e453a4f123033b7db486d63.jpg	4	0.337833017	0.912211657	0.057842843	0.112164058	0.001105442
001472_jpg.rf.38654b39e5bc13159c16952df2ba2dc0.jpg	5	0.713962018	0.45081836	0.367319316	0.708094716	0.95310533
001472_jpg.rf.38654b39e5bc13159c16952df2ba2dc0.jpg	6	0.270432711	0.534733474	0.540573895	0.928284526	0.006324063
001477_jpg.rf.170667884b322b9985bcd6a054a0d6be.jpg	5	0.509213984	0.483411223	0.472476244	0.864823759	0.956545532
001477_jpg.rf.170667884b322b9985bcd6a054a0d6be.jpg	12	0.849730909	0.92556715	0.024876816	0.03517459	0.001625881
001477_jpg.rf.170667884b322b9985bcd6a054a0d6be.jpg	10	0.850468457	0.925931692	0.024649108	0.033491135	0.001156524
001478_jpg.rf.b4a8c8adb59b1bfeb056f275a7e9c785.jpg	5	0.433965117	0.304451942	0.718732715	0.444733828	0.961528242
001479_jpg.rf.61b4e3eab9b3daa20c770dafec663c97.jpg	5	0.50316143	0.463469923	0.550281227	0.763128996	0.960200489
001482_jpg.rf.c040f508e60b3a870f5f5fc8b9b017d2.jpg	5	0.512554049	0.34819597	0.321783453	0.6080302	0.959439158
001484_jpg.rf.6b44f8da037b210cdbe0663683d7274e.jpg	5	0.241785899	0.459228128	0.398930341	0.759717286	0.949999869
001494_jpg.rf.4db0ef3199baad5258c353573bffed4a.jpg	5	0.615596771	0.220646009	0.507083833	0.333926618	0.958417892
001603_JPG_jpg.rf.d7ff42753708b2cd74195e8e463d3e2c.jpg	1	0.483526915	0.131294578	0.376174927	0.097003452	0.923696995
001603_JPG_jpg.rf.d7ff42753708b2cd74195e8e463d3e2c.jpg	1	0.534941852	0.130691364	0.26758033	0.093738765	0.005450756
001603_JPG_jpg.rf.d7ff42753708b2cd74195e8e463d3e2c.jpg	1	0.682881892	0.810856283	0.035852876	0.019041061	0.002950643
001603_JPG_jpg.rf.d7ff42753708b2cd74195e8e463d3e2c.jpg	1	0.712927461	0.864401758	0.023642467	0.01720201	0.002848976
001603_JPG_jpg.rf.d7ff42753708b2cd74195e8e463d3e2c.jpg	1	0.678222537	0.809551835	0.036379814	0.019191522	0.001686954
001603_JPG_jpg.rf.d7ff42753708b2cd74195e8e463d3e2c.jpg	1	0.686074078	0.814402223	0.039820671	0.019479385	0.001568113
001603_JPG_jpg.rf.d7ff42753708b2cd74195e8e463d3e2c.jpg	8	0.197571486	0.142272756	0.163023338	0.206299216	0.001030585
001606_JPG_jpg.rf.acbfc805c9e8ea9791185014645390c2.jpg	1	0.676011086	0.151726797	0.177238062	0.084040709	0.915223062
001606_JPG_jpg.rf.acbfc805c9e8ea9791185014645390c2.jpg	1	0.124682024	0.507074714	0.08285898	0.035824485	0.820168674
001606_JPG_jpg.rf.acbfc805c9e8ea9791185014645390c2.jpg	0	0.502216518	0.604578555	0.033515822	0.01591998	0.006585409
001606_JPG_jpg.rf.acbfc805c9e8ea9791185014645390c2.jpg	1	0.118136704	0.503144562	0.070350155	0.036087222	0.005130126
001606_JPG_jpg.rf.acbfc805c9e8ea9791185014645390c2.jpg	1	0.101293668	0.503054261	0.046014071	0.032007586	0.00369528
001606_JPG_jpg.rf.acbfc805c9e8ea9791185014645390c2.jpg	1	0.675521135	0.205640987	0.1725384	0.197233006	0.002677142
001606_JPG_jpg.rf.acbfc805c9e8ea9791185014645390c2.jpg	0	0.492292047	0.711715043	0.032511968	0.02280793	0.002245253
001606_JPG_jpg.rf.acbfc805c9e8ea9791185014645390c2.jpg	0	0.50465405	0.606571496	0.034258842	0.016434964	0.001753641
001606_JPG_jpg.rf.acbfc805c9e8ea9791185014645390c2.jpg	1	0.398051709	0.375284612	0.110857196	0.054916676	0.001624562
001606_JPG_jpg.rf.acbfc805c9e8ea9791185014645390c2.jpg	0	0.49835223	0.616038322	0.031686895	0.01777029	0.001523696
001606_JPG_jpg.rf.acbfc805c9e8ea9791185014645390c2.jpg	0	0.503056526	0.613776803	0.032371119	0.015743697	0.001060739
001607_JPG_jpg.rf.a6dcbc5ecd7c2ef807a4bce512a054a0.jpg	1	0.383774638	0.150953293	0.098454587	0.054762889	0.898011565
001607_JPG_jpg.rf.a6dcbc5ecd7c2ef807a4bce512a054a0.jpg	0	0.974103749	0.011772935	0.049089432	0.023545871	0.004743372
001607_JPG_jpg.rf.a6dcbc5ecd7c2ef807a4bce512a054a0.jpg	1	0.972494304	0.009703914	0.044482011	0.019407827	0.002830713
001607_JPG_jpg.rf.a6dcbc5ecd7c2ef807a4bce512a054a0.jpg	1	0.563392937	0.358304411	0.036230274	0.018127074	0.001285911
001607_JPG_jpg.rf.a6dcbc5ecd7c2ef807a4bce512a054a0.jpg	1	0.549408793	0.357587546	0.037988406	0.0175402	0.001127028
001608_JPG_jpg.rf.7d48153578ad316231c6c992263ac497.jpg	1	0.457563788	0.136153907	0.141754523	0.080255799	0.929262757
001608_JPG_jpg.rf.7d48153578ad316231c6c992263ac497.jpg	1	0.638585329	0.56424886	0.025129832	0.012724877	0.068389364
001608_JPG_jpg.rf.7d48153578ad316231c6c992263ac497.jpg	1	0.638382912	0.568424225	0.022912979	0.018933481	0.019575886
001608_JPG_jpg.rf.7d48153578ad316231c6c992263ac497.jpg	1	0.639091969	0.581621766	0.019323716	0.045316111	0.009748976
001608_JPG_jpg.rf.7d48153578ad316231c6c992263ac497.jpg	0	0.265627235	0.648780346	0.02288017	0.02229001	0.002856899
001619_JPG_jpg.rf.1640a48f199bbe32ee72dc83a24e1521.jpg	1	0.246437892	0.114124469	0.111066617	0.046462674	0.811672032
001619_JPG_jpg.rf.1640a48f199bbe32ee72dc83a24e1521.jpg	0	0.247992963	0.113322981	0.110261239	0.045680258	0.016435722
001623_JPG_jpg.rf.8777c38ac6d8aebbc4c5524393a8ce83.jpg	1	0.292413801	0.09827856	0.1120845	0.073278084	0.874202013
001623_JPG_jpg.rf.8777c38ac6d8aebbc4c5524393a8ce83.jpg	1	0.010589603	0.378842801	0.01866444	0.035850711	0.033193186
001623_JPG_jpg.rf.8777c38ac6d8aebbc4c5524393a8ce83.jpg	1	0.010785187	0.392858237	0.020489223	0.064061567	0.01881608
001623_JPG_jpg.rf.8777c38ac6d8aebbc4c5524393a8ce83.jpg	0	0.608921707	0.381116658	0.033114068	0.014945801	0.005746006
001623_JPG_jpg.rf.8777c38ac6d8aebbc4c5524393a8ce83.jpg	1	0.331168413	0.966406047	0.018725323	0.015842805	0.002295265
001623_JPG_jpg.rf.8777c38ac6d8aebbc4c5524393a8ce83.jpg	1	0.363788277	0.408964574	0.027206201	0.012728325	0.002268117
001623_JPG_jpg.rf.8777c38ac6d8aebbc4c5524393a8ce83.jpg	0	0.677177906	0.301466942	0.026907848	0.055076893	0.001990351
001623_JPG_jpg.rf.8777c38ac6d8aebbc4c5524393a8ce83.jpg	1	0.032187525	0.004393347	0.046472199	0.008786693	0.001687444
001623_JPG_jpg.rf.8777c38ac6d8aebbc4c5524393a8ce83.jpg	0	0.541569352	0.408674926	0.028615365	0.017593384	0.001524971
001623_JPG_jpg.rf.8777c38ac6d8aebbc4c5524393a8ce83.jpg	1	0.676785707	0.301953614	0.026346868	0.053124174	0.001328485
001623_JPG_jpg.rf.8777c38ac6d8aebbc4c5524393a8ce83.jpg	1	0.277425528	0.979295313	0.025846867	0.029351603	0.001245426
001623_JPG_jpg.rf.8777c38ac6d8aebbc4c5524393a8ce83.jpg	0	0.586792886	0.412614614	0.026143076	0.016459649	0.001217456
001623_JPG_jpg.rf.8777c38ac6d8aebbc4c5524393a8ce83.jpg	1	0.492233515	0.43659538	0.021569327	0.01607264	0.001102739
001623_JPG_jpg.rf.8777c38ac6d8aebbc4c5524393a8ce83.jpg	0	0.466519892	0.44095698	0.022387212	0.016155463	0.001028955
001624_JPG_jpg.rf.a3a7ed1ca4bdc41789b882fe5d7e3e94.jpg	1	0.538337409	0.142979577	0.115114398	0.067473553	0.893938184
001624_JPG_jpg.rf.a3a7ed1ca4bdc41789b882fe5d7e3e94.jpg	0	0.379315317	0.385817319	0.031797227	0.019560117	0.007582998
001624_JPG_jpg.rf.a3a7ed1ca4bdc41789b882fe5d7e3e94.jpg	0	0.677225053	0.51036942	0.026478989	0.013415338	0.003722651
001624_JPG_jpg.rf.a3a7ed1ca4bdc41789b882fe5d7e3e94.jpg	0	0.812319577	0.477887243	0.016835213	0.013853074	0.001931446
001624_JPG_jpg.rf.a3a7ed1ca4bdc41789b882fe5d7e3e94.jpg	0	0.749710858	0.415269762	0.028616613	0.014692087	0.00125794
001624_JPG_jpg.rf.a3a7ed1ca4bdc41789b882fe5d7e3e94.jpg	0	0.668331921	0.50759244	0.028561739	0.014648071	0.001168726
001624_JPG_jpg.rf.a3a7ed1ca4bdc41789b882fe5d7e3e94.jpg	0	0.807965517	0.476795763	0.022028336	0.011870751	0.001034298
001631_JPG_jpg.rf.18c57a703b3f30d8e2b21868d3657b5d.jpg	1	0.435113043	0.07167007	0.164880395	0.076528788	0.854761779
001631_JPG_jpg.rf.18c57a703b3f30d8e2b21868d3657b5d.jpg	1	0.246694043	0.00589208	0.054455575	0.011784161	0.003517738
001631_JPG_jpg.rf.18c57a703b3f30d8e2b21868d3657b5d.jpg	1	0.232139453	0.007964435	0.098691702	0.01592887	0.002237349
001631_JPG_jpg.rf.18c57a703b3f30d8e2b21868d3657b5d.jpg	0	0.981853843	0.529611707	0.035167329	0.016590338	0.001928725
001631_JPG_jpg.rf.18c57a703b3f30d8e2b21868d3657b5d.jpg	0	0.993338227	0.463705271	0.012960801	0.031861674	0.001891336
001642_JPG_jpg.rf.1501f63859c8183e7b273ed3f677bb80.jpg	1	0.420738816	0.10091228	0.200605512	0.105257131	0.883619785
001642_JPG_jpg.rf.1501f63859c8183e7b273ed3f677bb80.jpg	0	0.400264293	0.661239624	0.055970926	0.025908617	0.001049145
001643_JPG_jpg.rf.bb0dd8813a6c24f91a4e04962aaa7f31.jpg	1	0.629472375	0.184395194	0.342060298	0.173487663	0.87204361
001643_JPG_jpg.rf.bb0dd8813a6c24f91a4e04962aaa7f31.jpg	1	0.091595083	0.759591043	0.023347205	0.015909562	0.01128669
001643_JPG_jpg.rf.bb0dd8813a6c24f91a4e04962aaa7f31.jpg	1	0.093153447	0.761653662	0.02103846	0.016259488	0.002961378
001643_JPG_jpg.rf.bb0dd8813a6c24f91a4e04962aaa7f31.jpg	1	0.098235339	0.760943174	0.025950195	0.014111153	0.001456019
001643_JPG_jpg.rf.bb0dd8813a6c24f91a4e04962aaa7f31.jpg	14	0.13202858	0.901438892	0.257345915	0.196837217	0.00133774
001643_JPG_jpg.rf.bb0dd8813a6c24f91a4e04962aaa7f31.jpg	1	0.636695981	0.285706908	0.370409161	0.379500687	0.001223045
001654_JPG_jpg.rf.e26100131533da63b018a72fab6586e3.jpg	1	0.377053559	0.09959048	0.145125285	0.057539202	0.878283501
001654_JPG_jpg.rf.e26100131533da63b018a72fab6586e3.jpg	0	0.389987588	0.395952642	0.015077335	0.024356842	0.147415727
001654_JPG_jpg.rf.e26100131533da63b018a72fab6586e3.jpg	1	0.394727588	0.393858224	0.024804372	0.01936245	0.070258424
001654_JPG_jpg.rf.e26100131533da63b018a72fab6586e3.jpg	0	0.398990512	0.393070221	0.030296804	0.01986742	0.065223709
001654_JPG_jpg.rf.e26100131533da63b018a72fab6586e3.jpg	1	0.289029092	0.428933531	0.015809059	0.012532014	0.016757805
001654_JPG_jpg.rf.e26100131533da63b018a72fab6586e3.jpg	0	0.400073647	0.397723645	0.024146484	0.025092676	0.007759174
001654_JPG_jpg.rf.e26100131533da63b018a72fab6586e3.jpg	1	0.40083167	0.388702363	0.03465759	0.022761272	0.004940376
001654_JPG_jpg.rf.e26100131533da63b018a72fab6586e3.jpg	0	0.737847805	0.064031601	0.061269615	0.030572888	0.004508641
001654_JPG_jpg.rf.e26100131533da63b018a72fab6586e3.jpg	0	0.551168144	0.415000111	0.027642654	0.021688573	0.004045153
001654_JPG_jpg.rf.e26100131533da63b018a72fab6586e3.jpg	1	0.625485837	0.364802837	0.022483239	0.018347448	0.003494877
001654_JPG_jpg.rf.e26100131533da63b018a72fab6586e3.jpg	1	0.389027685	0.392359376	0.018807963	0.025735158	0.003129662
001654_JPG_jpg.rf.e26100131533da63b018a72fab6586e3.jpg	1	0.359309733	0.315087229	0.035176314	0.017224807	0.002144643
001654_JPG_jpg.rf.e26100131533da63b018a72fab6586e3.jpg	0	0.405017108	0.392582983	0.034877557	0.022069272	0.002121529
001654_JPG_jpg.rf.e26100131533da63b018a72fab6586e3.jpg	0	0.598624051	0.384571433	0.027832326	0.01691246	0.001536885
001654_JPG_jpg.rf.e26100131533da63b018a72fab6586e3.jpg	1	0.409724444	0.38501513	0.033949487	0.02004917	0.001448077
001654_JPG_jpg.rf.e26100131533da63b018a72fab6586e3.jpg	1	0.194162473	0.02379114	0.038117558	0.04758228	0.001422424
001654_JPG_jpg.rf.e26100131533da63b018a72fab6586e3.jpg	0	0.565767109	0.416035265	0.033695221	0.021314034	0.001403553
001654_JPG_jpg.rf.e26100131533da63b018a72fab6586e3.jpg	1	0.563395083	0.414283991	0.034050651	0.022496812	0.00138647
001654_JPG_jpg.rf.e26100131533da63b018a72fab6586e3.jpg	0	0.356696725	0.314406484	0.034047019	0.015845574	0.001383194
001654_JPG_jpg.rf.e26100131533da63b018a72fab6586e3.jpg	0	0.595184982	0.388779879	0.027535256	0.017650127	0.001231188
001654_JPG_jpg.rf.e26100131533da63b018a72fab6586e3.jpg	1	0.305139959	0.358332068	0.024446873	0.014835578	0.001184736
001654_JPG_jpg.rf.e26100131533da63b018a72fab6586e3.jpg	0	0.390212148	0.411651194	0.016940374	0.03010218	0.001134455
001654_JPG_jpg.rf.e26100131533da63b018a72fab6586e3.jpg	0	0.550034702	0.426790327	0.024844941	0.021716706	0.001108653
001656_JPG_jpg.rf.193bed9f1b03b8c4d46254c930216604.jpg	1	0.496010214	0.175524175	0.274764448	0.127475187	0.901574135
001656_JPG_jpg.rf.193bed9f1b03b8c4d46254c930216604.jpg	1	0.593001544	0.178735062	0.478235006	0.128436208	0.003909188
001660_JPG_jpg.rf.41a9573c77f81a1dc9e669467db98386.jpg	1	0.333493918	0.083418667	0.144203782	0.07632827	0.932615519
001660_JPG_jpg.rf.41a9573c77f81a1dc9e669467db98386.jpg	1	0.170782238	0.014952394	0.033578049	0.029626952	0.004817775
001660_JPG_jpg.rf.41a9573c77f81a1dc9e669467db98386.jpg	0	0.325805664	0.443699092	0.083484374	0.043560028	0.003175356
001660_JPG_jpg.rf.41a9573c77f81a1dc9e669467db98386.jpg	0	0.008497337	0.389589608	0.016959546	0.113709271	0.001023129
001662_JPG_jpg.rf.97c2b266f1a788361d25be2305f03736.jpg	1	0.354687035	0.1872572	0.087438658	0.055281531	0.868080854
001662_JPG_jpg.rf.97c2b266f1a788361d25be2305f03736.jpg	0	0.697994411	0.006148536	0.083147049	0.012297072	0.043099411
001662_JPG_jpg.rf.97c2b266f1a788361d25be2305f03736.jpg	1	0.689138651	0.006674925	0.073958181	0.013338131	0.01720194
001662_JPG_jpg.rf.97c2b266f1a788361d25be2305f03736.jpg	1	0.697204173	0.008145005	0.091019779	0.016290011	0.006069043
001662_JPG_jpg.rf.97c2b266f1a788361d25be2305f03736.jpg	1	0.754412413	0.349359959	0.020455141	0.021181583	0.005114884
001662_JPG_jpg.rf.97c2b266f1a788361d25be2305f03736.jpg	1	0.13389802	0.425174803	0.015432881	0.034109045	0.004180785
001662_JPG_jpg.rf.97c2b266f1a788361d25be2305f03736.jpg	1	0.709712446	0.445109814	0.019236932	0.028267311	0.002756073
001662_JPG_jpg.rf.97c2b266f1a788361d25be2305f03736.jpg	5	0.071732953	0.509857714	0.143142894	0.520901799	0.001521289
001662_JPG_jpg.rf.97c2b266f1a788361d25be2305f03736.jpg	1	0.749690771	0.346857935	0.026965143	0.019420698	0.001079346
001662_JPG_jpg.rf.97c2b266f1a788361d25be2305f03736.jpg	1	0.13287203	0.429971784	0.021453381	0.046560287	0.001044235
001662_JPG_jpg.rf.97c2b266f1a788361d25be2305f03736.jpg	8	0.704816341	0.007004071	0.088735439	0.014008141	0.001032384
001693_JPG_jpg.rf.9c74f3077d05257d04e7a58a48642fe0.jpg	1	0.527742922	0.315274984	0.215307787	0.111960597	0.91084516
001700_JPG_jpg.rf.4f29277e7dfa7365978e572fe9f9eee3.jpg	1	0.543601334	0.111496761	0.199400291	0.057428792	0.874960244
001700_JPG_jpg.rf.4f29277e7dfa7365978e572fe9f9eee3.jpg	1	0.486733019	0.112980194	0.086310461	0.053678002	0.191107184
001700_JPG_jpg.rf.4f29277e7dfa7365978e572fe9f9eee3.jpg	1	0.571629047	0.110231549	0.144762009	0.057154108	0.011891668
001700_JPG_jpg.rf.4f29277e7dfa7365978e572fe9f9eee3.jpg	6	0.399387091	0.119621687	0.085208893	0.10887979	0.004587088
001700_JPG_jpg.rf.4f29277e7dfa7365978e572fe9f9eee3.jpg	1	0.251661003	0.092434406	0.032726858	0.094015069	0.002080682
001700_JPG_jpg.rf.4f29277e7dfa7365978e572fe9f9eee3.jpg	0	0.251211166	0.093184508	0.033601008	0.093031704	0.001030945
001813_JPG_jpg.rf.2a732d7bc29b893c586a2bebea876f72.jpg	1	0.074981831	0.934413493	0.137854293	0.117140405	0.607013643
001813_JPG_jpg.rf.2a732d7bc29b893c586a2bebea876f72.jpg	1	0.037475832	0.929049313	0.030137468	0.095939636	0.020779394
001813_JPG_jpg.rf.2a732d7bc29b893c586a2bebea876f72.jpg	0	0.013117486	0.399948686	0.026234971	0.27304101	0.008517377
001813_JPG_jpg.rf.2a732d7bc29b893c586a2bebea876f72.jpg	0	0.013731173	0.298883498	0.027462346	0.251200408	0.005652423
001813_JPG_jpg.rf.2a732d7bc29b893c586a2bebea876f72.jpg	1	0.291030496	0.90709883	0.579809189	0.1858024	0.004425682
001813_JPG_jpg.rf.2a732d7bc29b893c586a2bebea876f72.jpg	1	0.049931824	0.927143991	0.052862618	0.094417945	0.004072404
001813_JPG_jpg.rf.2a732d7bc29b893c586a2bebea876f72.jpg	1	0.033714205	0.930869281	0.042726196	0.10069833	0.002636276
001813_JPG_jpg.rf.2a732d7bc29b893c586a2bebea876f72.jpg	0	0.015191338	0.254223257	0.030382676	0.160244465	0.001562938
001813_JPG_jpg.rf.2a732d7bc29b893c586a2bebea876f72.jpg	9	0.008100559	0.338620901	0.015684679	0.128806487	0.001196808
001813_JPG_jpg.rf.2a732d7bc29b893c586a2bebea876f72.jpg	0	0.014556524	0.222710326	0.028417902	0.097674079	0.001082759
001813_JPG_jpg.rf.2a732d7bc29b893c586a2bebea876f72.jpg	10	0.619440556	0.453588575	0.141934589	0.244693175	0.001022127
001826_JPG_jpg.rf.a805482f1c979ccfd35e378a2d5d78a6.jpg	8	0.130843714	0.107331298	0.12339244	0.194676295	0.956627607
001826_JPG_jpg.rf.a805482f1c979ccfd35e378a2d5d78a6.jpg	0	0.556346834	0.19312048	0.216110677	0.095024601	0.923330009
001826_JPG_jpg.rf.a805482f1c979ccfd35e378a2d5d78a6.jpg	8	0.113989301	0.924439251	0.09548568	0.151121587	0.001404775
001830_JPG_jpg.rf.80271bce54a1933c1c80ae661932ee2f.jpg	1	0.439421684	0.121682115	0.096075431	0.04326649	0.802526355
001830_JPG_jpg.rf.80271bce54a1933c1c80ae661932ee2f.jpg	1	0.152604625	0.223771691	0.034881923	0.106103934	0.772015095
001830_JPG_jpg.rf.80271bce54a1933c1c80ae661932ee2f.jpg	0	0.504293263	0.399114192	0.025008386	0.017594924	0.003114804
001830_JPG_jpg.rf.80271bce54a1933c1c80ae661932ee2f.jpg	0	0.845458806	0.386596411	0.047730815	0.038456917	0.002381463
001830_JPG_jpg.rf.80271bce54a1933c1c80ae661932ee2f.jpg	0	0.510834813	0.397192389	0.028023355	0.01817894	0.001801195
001830_JPG_jpg.rf.80271bce54a1933c1c80ae661932ee2f.jpg	0	0.674852967	0.281056494	0.032106619	0.030986035	0.001650797
001830_JPG_jpg.rf.80271bce54a1933c1c80ae661932ee2f.jpg	1	0.96509701	0.006104651	0.069368735	0.012209303	0.001144238
001830_JPG_jpg.rf.80271bce54a1933c1c80ae661932ee2f.jpg	0	0.866007745	0.384451002	0.033218019	0.033606604	0.001120871
001830_JPG_jpg.rf.80271bce54a1933c1c80ae661932ee2f.jpg	5	0.5	0.603555381	1	0.792889357	0.001105278
001833_JPG_jpg.rf.b6092f0bd597484bb9c205017e5c389f.jpg	1	0.537239909	0.244917005	0.245579064	0.09532553	0.889959514
001833_JPG_jpg.rf.b6092f0bd597484bb9c205017e5c389f.jpg	8	0.369256109	0.909136653	0.023314184	0.026544573	0.002049198
001833_JPG_jpg.rf.b6092f0bd597484bb9c205017e5c389f.jpg	0	0.402991176	0.983301222	0.025751775	0.033195496	0.001256257
001857_JPG_jpg.rf.d447fe7f6ff27a88a5e983e0b5f2a821.jpg	0	0.438321203	0.229783401	0.069533825	0.035587605	0.754646361
001857_JPG_jpg.rf.d447fe7f6ff27a88a5e983e0b5f2a821.jpg	8	0.390951306	0.24769941	0.034008872	0.05195627	0.141821906
001857_JPG_jpg.rf.d447fe7f6ff27a88a5e983e0b5f2a821.jpg	0	0.625589848	0.380864888	0.022278383	0.014394578	0.10615135
001857_JPG_jpg.rf.d447fe7f6ff27a88a5e983e0b5f2a821.jpg	0	0.636097252	0.369871348	0.027584443	0.018642059	0.054819196
001857_JPG_jpg.rf.d447fe7f6ff27a88a5e983e0b5f2a821.jpg	0	0.629856646	0.370651692	0.032409925	0.016631678	0.039825026
001857_JPG_jpg.rf.d447fe7f6ff27a88a5e983e0b5f2a821.jpg	0	0.622833848	0.369468778	0.027908692	0.015545662	0.016059272
001857_JPG_jpg.rf.d447fe7f6ff27a88a5e983e0b5f2a821.jpg	0	0.633737028	0.378556699	0.029787432	0.01304102	0.015364671
001857_JPG_jpg.rf.d447fe7f6ff27a88a5e983e0b5f2a821.jpg	1	0.087385274	0.55597949	0.041021492	0.028510315	0.011644118
001857_JPG_jpg.rf.d447fe7f6ff27a88a5e983e0b5f2a821.jpg	0	0.603042126	0.36091572	0.035466231	0.01424265	0.008661054
001857_JPG_jpg.rf.d447fe7f6ff27a88a5e983e0b5f2a821.jpg	0	0.896607935	0.358619839	0.028183792	0.018037541	0.007989521
001857_JPG_jpg.rf.d447fe7f6ff27a88a5e983e0b5f2a821.jpg	1	0.579865932	0.358383864	0.032828148	0.011676899	0.00682074
001857_JPG_jpg.rf.d447fe7f6ff27a88a5e983e0b5f2a821.jpg	0	0.626352608	0.386820138	0.021838043	0.021642575	0.006769873
001857_JPG_jpg.rf.d447fe7f6ff27a88a5e983e0b5f2a821.jpg	0	0.622808754	0.386743695	0.021536278	0.018647965	0.004640227
001857_JPG_jpg.rf.d447fe7f6ff27a88a5e983e0b5f2a821.jpg	0	0.882406354	0.360821009	0.032233018	0.019066188	0.003983241
001857_JPG_jpg.rf.d447fe7f6ff27a88a5e983e0b5f2a821.jpg	0	0.591275871	0.36002174	0.03220804	0.013172333	0.00383537
001857_JPG_jpg.rf.d447fe7f6ff27a88a5e983e0b5f2a821.jpg	0	0.613396108	0.36221531	0.028287962	0.016356468	0.003523239
001857_JPG_jpg.rf.d447fe7f6ff27a88a5e983e0b5f2a821.jpg	1	0.574946046	0.356824875	0.033471107	0.01021631	0.003453208
001857_JPG_jpg.rf.d447fe7f6ff27a88a5e983e0b5f2a821.jpg	1	0.495481521	0.456266046	0.018043408	0.013055545	0.003428805
001857_JPG_jpg.rf.d447fe7f6ff27a88a5e983e0b5f2a821.jpg	0	0.610144258	0.36675483	0.037367161	0.016522372	0.003148506
001857_JPG_jpg.rf.d447fe7f6ff27a88a5e983e0b5f2a821.jpg	1	0.583188653	0.36294359	0.032869559	0.016373452	0.00297039
001857_JPG_jpg.rf.d447fe7f6ff27a88a5e983e0b5f2a821.jpg	0	0.903009892	0.357825518	0.027536539	0.019819334	0.002756815
001857_JPG_jpg.rf.d447fe7f6ff27a88a5e983e0b5f2a821.jpg	1	0.499135077	0.455495447	0.019556707	0.014252957	0.002741712
001857_JPG_jpg.rf.d447fe7f6ff27a88a5e983e0b5f2a821.jpg	0	0.643931389	0.359848887	0.024217313	0.025866216	0.002732001
001857_JPG_jpg.rf.d447fe7f6ff27a88a5e983e0b5f2a821.jpg	0	0.426739335	0.245028511	0.075956091	0.05077485	0.002402472
001857_JPG_jpg.rf.d447fe7f6ff27a88a5e983e0b5f2a821.jpg	0	0.633500338	0.362265229	0.027560236	0.023958683	0.002358287
001857_JPG_jpg.rf.d447fe7f6ff27a88a5e983e0b5f2a821.jpg	0	0.615154922	0.381696671	0.033639174	0.013401105	0.00211811
001857_JPG_jpg.rf.d447fe7f6ff27a88a5e983e0b5f2a821.jpg	0	0.892727673	0.36269924	0.025414689	0.017718462	0.001899444
001857_JPG_jpg.rf.d447fe7f6ff27a88a5e983e0b5f2a821.jpg	0	0.680549622	0.353565514	0.040792245	0.015763834	0.001878963
001857_JPG_jpg.rf.d447fe7f6ff27a88a5e983e0b5f2a821.jpg	1	0.554620266	0.434621125	0.015267776	0.016341209	0.001640615
001857_JPG_jpg.rf.d447fe7f6ff27a88a5e983e0b5f2a821.jpg	0	0.680789769	0.350007743	0.043714672	0.016986003	0.001591211
001857_JPG_jpg.rf.d447fe7f6ff27a88a5e983e0b5f2a821.jpg	1	0.492435753	0.464883715	0.015080049	0.015523911	0.001574548
001857_JPG_jpg.rf.d447fe7f6ff27a88a5e983e0b5f2a821.jpg	1	0.554261684	0.424037665	0.016313151	0.024812039	0.001526211
001857_JPG_jpg.rf.d447fe7f6ff27a88a5e983e0b5f2a821.jpg	1	0.564714372	0.357715338	0.031706445	0.009275803	0.001503105
001857_JPG_jpg.rf.d447fe7f6ff27a88a5e983e0b5f2a821.jpg	0	0.645496964	0.348953485	0.024763988	0.016968984	0.001446797
001857_JPG_jpg.rf.d447fe7f6ff27a88a5e983e0b5f2a821.jpg	1	0.521006286	0.428768396	0.018688092	0.014501499	0.001438433
001857_JPG_jpg.rf.d447fe7f6ff27a88a5e983e0b5f2a821.jpg	0	0.603162289	0.345202655	0.03115291	0.017028516	0.00140242
001857_JPG_jpg.rf.d447fe7f6ff27a88a5e983e0b5f2a821.jpg	0	0.594018579	0.363896132	0.038382825	0.016624525	0.001326626
001857_JPG_jpg.rf.d447fe7f6ff27a88a5e983e0b5f2a821.jpg	1	0.554859042	0.446426451	0.014070989	0.014747914	0.001265233
001857_JPG_jpg.rf.d447fe7f6ff27a88a5e983e0b5f2a821.jpg	0	0.80229646	0.262128651	0.030518753	0.023169408	0.001122421
001857_JPG_jpg.rf.d447fe7f6ff27a88a5e983e0b5f2a821.jpg	0	0.790287495	0.260762691	0.031545639	0.01624155	0.001086801
001857_JPG_jpg.rf.d447fe7f6ff27a88a5e983e0b5f2a821.jpg	0	0.928244531	0.302880138	0.034993172	0.025504002	0.001034808
001857_JPG_jpg.rf.d447fe7f6ff27a88a5e983e0b5f2a821.jpg	0	0.843554735	0.329853594	0.022847764	0.021721071	0.001031679
001860_JPG_jpg.rf.6e8d22dbd246ecfaf521fbb30ff5e2fe.jpg	0	0.536488831	0.258421093	0.138107419	0.091153055	0.631035149
001860_JPG_jpg.rf.6e8d22dbd246ecfaf521fbb30ff5e2fe.jpg	1	0.003613	0.020508025	0.007103497	0.037109256	0.052893274
001860_JPG_jpg.rf.6e8d22dbd246ecfaf521fbb30ff5e2fe.jpg	11	0.382087976	0.316888452	0.098496437	0.181461528	0.00973897
001860_JPG_jpg.rf.6e8d22dbd246ecfaf521fbb30ff5e2fe.jpg	0	0.35209316	0.967468321	0.02430439	0.064719349	0.003163407
001860_JPG_jpg.rf.6e8d22dbd246ecfaf521fbb30ff5e2fe.jpg	0	0.917371571	0.921047628	0.035245456	0.026051743	0.00187491
001918_jpg.rf.cf4263574ace70aef2c9045b9cde5a85.jpg	6	0.508489788	0.743564844	0.237344131	0.301656693	0.929478824
001918_jpg.rf.cf4263574ace70aef2c9045b9cde5a85.jpg	5	0.012532683	0.21309787	0.024748769	0.129084349	0.00202953
001918_jpg.rf.cf4263574ace70aef2c9045b9cde5a85.jpg	4	0.672135651	0.492797166	0.102842338	0.110563651	0.00141375
001982_jpg.rf.6d24adf886f0c39c03910738d4ecc170.jpg	1	0.772035897	0.267479897	0.09295442	0.230146423	0.237515047
001982_jpg.rf.6d24adf886f0c39c03910738d4ecc170.jpg	1	0.757272303	0.260484219	0.067489997	0.203745723	0.126133367
001982_jpg.rf.6d24adf886f0c39c03910738d4ecc170.jpg	1	0.757433534	0.226377159	0.067025043	0.132849023	0.02647982
001982_jpg.rf.6d24adf886f0c39c03910738d4ecc170.jpg	1	0.812289119	0.201313645	0.036993761	0.131717771	0.022058632
001982_jpg.rf.6d24adf886f0c39c03910738d4ecc170.jpg	8	0.18159394	0.451206654	0.022518214	0.032703217	0.010757045
001982_jpg.rf.6d24adf886f0c39c03910738d4ecc170.jpg	1	0.331769735	0.954670846	0.010764893	0.032050282	0.008822406
001982_jpg.rf.6d24adf886f0c39c03910738d4ecc170.jpg	7	0.996364653	0.520489335	0.00727074	0.060388934	0.008701992
001982_jpg.rf.6d24adf886f0c39c03910738d4ecc170.jpg	1	0.30972746	0.954980314	0.013985158	0.038221359	0.004842401
001982_jpg.rf.6d24adf886f0c39c03910738d4ecc170.jpg	1	0.815880418	0.235413119	0.029926669	0.173382759	0.004292553
001982_jpg.rf.6d24adf886f0c39c03910738d4ecc170.jpg	0	0.310563087	0.956779361	0.01543311	0.03801192	0.003182343
001982_jpg.rf.6d24adf886f0c39c03910738d4ecc170.jpg	1	0.807498991	0.266492754	0.046722706	0.248673156	0.002862606
001982_jpg.rf.6d24adf886f0c39c03910738d4ecc170.jpg	1	0.364068776	0.240108386	0.027263092	0.017796719	0.002041549
001982_jpg.rf.6d24adf886f0c39c03910738d4ecc170.jpg	1	0.814358592	0.263768584	0.031885736	0.251728922	0.00145093
001982_jpg.rf.6d24adf886f0c39c03910738d4ecc170.jpg	1	0.348697811	0.954038084	0.060929742	0.037792575	0.001309966
001982_jpg.rf.6d24adf886f0c39c03910738d4ecc170.jpg	1	0.626666009	0.181262165	0.029768946	0.042036772	0.001247824
001982_jpg.rf.6d24adf886f0c39c03910738d4ecc170.jpg	1	0.811574221	0.244772807	0.039987493	0.199445069	0.001195887
001982_jpg.rf.6d24adf886f0c39c03910738d4ecc170.jpg	8	0.030741677	0.349211603	0.042475082	0.051728178	0.001005022
001996_jpg.rf.e04928f5210adad4b15f5a851c83b514.jpg	1	0.719784856	0.55443877	0.351429254	0.53434068	0.006544632
001996_jpg.rf.e04928f5210adad4b15f5a851c83b514.jpg	1	0.270351559	0.740733266	0.359247088	0.302968413	0.004321886
001996_jpg.rf.e04928f5210adad4b15f5a851c83b514.jpg	0	0.869983137	0.775230706	0.139813647	0.17975463	0.004028269
002188_jpg.rf.0c0627398b64450d4f392c77290207fe.jpg	1	0.718758583	0.332520306	0.335152715	0.160796985	0.811874747
002188_jpg.rf.0c0627398b64450d4f392c77290207fe.jpg	0	0.718264103	0.330661088	0.33537218	0.160022065	0.41758883
002188_jpg.rf.0c0627398b64450d4f392c77290207fe.jpg	0	0.610433102	0.980698526	0.023832249	0.038149834	0.001078495
0023f366-a173-4ba7-952c-63f5698c022d_jpg.rf.9edd5a29eae0884e275e51ee445d1a10.jpg	1	0.576731384	0.517117858	0.691665471	0.84626776	0.926964939
0023f366-a173-4ba7-952c-63f5698c022d_jpg.rf.9edd5a29eae0884e275e51ee445d1a10.jpg	0	0.114970744	0.573289871	0.229941487	0.773275673	0.211558506
0230d0a6-0eac-4bf1-bc0c-560f18ad7415_jpg.rf.48f1963e9fbe5a6b0179b33762a2eb65.jpg	1	0.580941498	0.50731802	0.645081103	0.83327812	0.891345084
0230d0a6-0eac-4bf1-bc0c-560f18ad7415_jpg.rf.48f1963e9fbe5a6b0179b33762a2eb65.jpg	0	0.161416158	0.543961525	0.32256937	0.903456867	0.003197955
0313fdea-c8b1-458b-adac-adcb4aac3622_jpg.rf.78780f33ec642080187f26937e8005be.jpg	1	0.554273188	0.515240788	0.646621704	0.823681474	0.895954132
0313fdea-c8b1-458b-adac-adcb4aac3622_jpg.rf.78780f33ec642080187f26937e8005be.jpg	1	0.13040264	0.526885629	0.260805279	0.827275455	0.011529056
0313fdea-c8b1-458b-adac-adcb4aac3622_jpg.rf.78780f33ec642080187f26937e8005be.jpg	0	0.691495895	0.050649319	0.615655482	0.101298638	0.010335105
0313fdea-c8b1-458b-adac-adcb4aac3622_jpg.rf.78780f33ec642080187f26937e8005be.jpg	1	0.775801778	0.053418986	0.448396504	0.106837973	0.009209692
0313fdea-c8b1-458b-adac-adcb4aac3622_jpg.rf.78780f33ec642080187f26937e8005be.jpg	0	0.128406003	0.512406528	0.256812006	0.866881549	0.006425822
0313fdea-c8b1-458b-adac-adcb4aac3622_jpg.rf.78780f33ec642080187f26937e8005be.jpg	1	0.669178963	0.041402787	0.619023263	0.082805574	0.002315919
0313fdea-c8b1-458b-adac-adcb4aac3622_jpg.rf.78780f33ec642080187f26937e8005be.jpg	1	0.854070961	0.470064193	0.291858017	0.701075971	0.001270045
0590a57d-491c-4322-b287-594d5511e79b_jpg.rf.654f0a4f98fad473e55cc437d1c9d902.jpg	0	0.476664186	0.603200257	0.607141674	0.718075216	0.830233037
0590a57d-491c-4322-b287-594d5511e79b_jpg.rf.654f0a4f98fad473e55cc437d1c9d902.jpg	0	0.092283629	0.49809432	0.184567258	0.892245173	0.047044475
0590a57d-491c-4322-b287-594d5511e79b_jpg.rf.654f0a4f98fad473e55cc437d1c9d902.jpg	0	0.837213397	0.671111226	0.325573266	0.650770485	0.002402144
0629fae7-2357-4fa2-a599-750358cf7e2e_jpg.rf.363911291d5f6f7fe0e031331fd7e4e9.jpg	0	0.49574396	0.528258562	0.779997289	0.798604548	0.839674532
0629fae7-2357-4fa2-a599-750358cf7e2e_jpg.rf.363911291d5f6f7fe0e031331fd7e4e9.jpg	0	0.094150953	0.477987468	0.188083947	0.889780521	0.118543036
0629fae7-2357-4fa2-a599-750358cf7e2e_jpg.rf.363911291d5f6f7fe0e031331fd7e4e9.jpg	0	0.880223393	0.498685598	0.239553392	0.917029142	0.003836235
0629fae7-2357-4fa2-a599-750358cf7e2e_jpg.rf.363911291d5f6f7fe0e031331fd7e4e9.jpg	0	0.820918143	0.533760548	0.358163834	0.842185438	0.001380527
080e28db-6b07-4f03-a3c3-0803f43cc2ea_jpg.rf.8db090c85fe85dbff2c2f30a30efb0e1.jpg	1	0.543461621	0.504370213	0.478064716	0.819274127	0.8769539
080e28db-6b07-4f03-a3c3-0803f43cc2ea_jpg.rf.8db090c85fe85dbff2c2f30a30efb0e1.jpg	7	0.08064612	0.31876874	0.16129224	0.306646347	0.010019264
080e28db-6b07-4f03-a3c3-0803f43cc2ea_jpg.rf.8db090c85fe85dbff2c2f30a30efb0e1.jpg	0	0.07943099	0.315455765	0.15886198	0.304565728	0.005597956
080e28db-6b07-4f03-a3c3-0803f43cc2ea_jpg.rf.8db090c85fe85dbff2c2f30a30efb0e1.jpg	1	0.930936873	0.713332415	0.138126299	0.570077837	0.002239845
080e28db-6b07-4f03-a3c3-0803f43cc2ea_jpg.rf.8db090c85fe85dbff2c2f30a30efb0e1.jpg	0	0.690918684	0.806915343	0.514807343	0.38564834	0.00145256
0866866d-298d-4bff-afa0-6456ad7fd807_jpg.rf.3bcf97c79a92aac15ad03419bbadf199.jpg	1	0.424636602	0.487654269	0.569298446	0.902843952	0.856023014
0866866d-298d-4bff-afa0-6456ad7fd807_jpg.rf.3bcf97c79a92aac15ad03419bbadf199.jpg	1	0.858762205	0.510878444	0.281792283	0.972672522	0.006754573
0866866d-298d-4bff-afa0-6456ad7fd807_jpg.rf.3bcf97c79a92aac15ad03419bbadf199.jpg	1	0.90335089	0.51244092	0.19329828	0.967826426	0.003491774
08724eba-901b-4e19-883d-1cc236532391_jpg.rf.58818e500202bb38a13268b4cd2c4f4a.jpg	0	0.591729343	0.557347775	0.443104178	0.791671932	0.840864003
08724eba-901b-4e19-883d-1cc236532391_jpg.rf.58818e500202bb38a13268b4cd2c4f4a.jpg	0	0.202876583	0.488638312	0.404856116	0.708518565	0.001754222
08724eba-901b-4e19-883d-1cc236532391_jpg.rf.58818e500202bb38a13268b4cd2c4f4a.jpg	0	0.224917218	0.678403735	0.448291749	0.552246332	0.001166597
09282467-3e63-4506-9252-a0fd5b913deb_jpg.rf.7c3a79616a712d7b1f231bc9108d8db7.jpg	0	0.468350679	0.466456145	0.833533347	0.812062085	0.815309584
098904b8-c355-46e6-b644-52387480db96_jpg.rf.ed1b718605fa48e5c0cfbc438da6d050.jpg	0	0.542986512	0.519449711	0.707702816	0.876757085	0.914500415
098904b8-c355-46e6-b644-52387480db96_jpg.rf.ed1b718605fa48e5c0cfbc438da6d050.jpg	1	0.770169556	0.543005943	0.459660947	0.904420674	0.006946988
098904b8-c355-46e6-b644-52387480db96_jpg.rf.ed1b718605fa48e5c0cfbc438da6d050.jpg	0	0.1185522	0.497513592	0.236761376	0.892171383	0.003282863
10a18f3d-79d7-447f-ab9e-6de78b09477f_jpg.rf.8ce6805731f28537f453028a8d5a4885.jpg	1	0.556605339	0.479753435	0.760255277	0.894770145	0.933800876
1141c383-3413-40a0-a550-7253129d4a4a_jpg.rf.5d2d3eba0b2dbca166bc5c51fe7e607d.jpg	0	0.586788177	0.515495479	0.65749687	0.852592945	0.886607945
1141c383-3413-40a0-a550-7253129d4a4a_jpg.rf.5d2d3eba0b2dbca166bc5c51fe7e607d.jpg	0	0.111962527	0.516912341	0.223841012	0.90563494	0.046525925
182a7c98-60cb-46a4-a89b-ad3500515c3a_jpg.rf.2a5a1477064c1cd7dbe34e2e9a982a9e.jpg	0	0.529090881	0.481822759	0.884158671	0.940764964	0.913140714
182a7c98-60cb-46a4-a89b-ad3500515c3a_jpg.rf.2a5a1477064c1cd7dbe34e2e9a982a9e.jpg	0	0.077100597	0.194055945	0.154201195	0.38495788	0.010677103
182a7c98-60cb-46a4-a89b-ad3500515c3a_jpg.rf.2a5a1477064c1cd7dbe34e2e9a982a9e.jpg	0	0.07918369	0.399669141	0.15836738	0.765565872	0.006750928
182a7c98-60cb-46a4-a89b-ad3500515c3a_jpg.rf.2a5a1477064c1cd7dbe34e2e9a982a9e.jpg	0	0.044904873	0.194076255	0.089809746	0.38539961	0.005775628
182a7c98-60cb-46a4-a89b-ad3500515c3a_jpg.rf.2a5a1477064c1cd7dbe34e2e9a982a9e.jpg	14	0.933107436	0.078309678	0.133785248	0.156619355	0.002241116
182a7c98-60cb-46a4-a89b-ad3500515c3a_jpg.rf.2a5a1477064c1cd7dbe34e2e9a982a9e.jpg	0	0.129014522	0.857545614	0.257647604	0.283783704	0.00195967
2257b962-595c-43ae-8f0d-575f1b55beb8_jpg.rf.d8ba84a72e00584f12f54d3cf03c8dc0.jpg	0	0.537770569	0.497769326	0.50944823	0.844587147	0.91171056
2257b962-595c-43ae-8f0d-575f1b55beb8_jpg.rf.d8ba84a72e00584f12f54d3cf03c8dc0.jpg	0	0.873637259	0.494226038	0.252725601	0.983450294	0.050012257
2257b962-595c-43ae-8f0d-575f1b55beb8_jpg.rf.d8ba84a72e00584f12f54d3cf03c8dc0.jpg	0	0.146531746	0.551787496	0.29283306	0.896425128	0.00504094
2257b962-595c-43ae-8f0d-575f1b55beb8_jpg.rf.d8ba84a72e00584f12f54d3cf03c8dc0.jpg	0	0.922066331	0.504786313	0.155867442	0.964402735	0.001838202
2257b962-595c-43ae-8f0d-575f1b55beb8_jpg.rf.d8ba84a72e00584f12f54d3cf03c8dc0.jpg	0	0.195983589	0.619488418	0.391377419	0.756447434	0.001480148
24085f02-5dde-4b59-ad8e-887935bd08e1_jpg.rf.d216c61af0d1adf927b98f242a4fe85f.jpg	0	0.401662141	0.501570761	0.755585849	0.969964504	0.897150815
24085f02-5dde-4b59-ad8e-887935bd08e1_jpg.rf.d216c61af0d1adf927b98f242a4fe85f.jpg	0	0.832533121	0.782325029	0.334933817	0.435350001	0.001632716
27beeb65-e6ea-4c4a-9dea-597500f26e7f_jpg.rf.29ca4c588d77178889b70d59993eb0ff.jpg	0	0.552722991	0.467002124	0.721520185	0.862692416	0.906641424
27beeb65-e6ea-4c4a-9dea-597500f26e7f_jpg.rf.29ca4c588d77178889b70d59993eb0ff.jpg	0	0.100929745	0.721884012	0.201859489	0.556231976	0.005969726
643854b9-b9d9-4b74-99fb-830fde4a0b74_jpg.rf.4d252deec56db095b1acab7c1c0f1bdc.jpg	1	0.533251584	0.501591802	0.673945963	0.809592009	0.935272813
643854b9-b9d9-4b74-99fb-830fde4a0b74_jpg.rf.4d252deec56db095b1acab7c1c0f1bdc.jpg	1	0.139265388	0.487198561	0.278530777	0.848161876	0.014433004
643854b9-b9d9-4b74-99fb-830fde4a0b74_jpg.rf.4d252deec56db095b1acab7c1c0f1bdc.jpg	1	0.060291532	0.49383685	0.120583065	0.84361726	0.013921762
643854b9-b9d9-4b74-99fb-830fde4a0b74_jpg.rf.4d252deec56db095b1acab7c1c0f1bdc.jpg	1	0.936800599	0.496506423	0.126398891	0.86887449	0.001240594
b413caec-028d-48e6-922b-fc63db1b7ebb_jpg.rf.259a6b31980f35168c8ec00a5e80c263.jpg	0	0.507396996	0.490847141	0.760924935	0.882099688	0.884071112
b413caec-028d-48e6-922b-fc63db1b7ebb_jpg.rf.259a6b31980f35168c8ec00a5e80c263.jpg	0	0.907092869	0.509044647	0.185814351	0.966985166	0.008199969
b413caec-028d-48e6-922b-fc63db1b7ebb_jpg.rf.259a6b31980f35168c8ec00a5e80c263.jpg	1	0.613662243	0.103618793	0.025326766	0.020540476	0.002319532
b413caec-028d-48e6-922b-fc63db1b7ebb_jpg.rf.259a6b31980f35168c8ec00a5e80c263.jpg	1	0.61231631	0.101019055	0.027518053	0.017954249	0.001910785
b413caec-028d-48e6-922b-fc63db1b7ebb_jpg.rf.259a6b31980f35168c8ec00a5e80c263.jpg	0	0.143723994	0.474759668	0.287014544	0.830983758	0.001027587
b413caec-028d-48e6-922b-fc63db1b7ebb_jpg.rf.259a6b31980f35168c8ec00a5e80c263.jpg	1	0.609213173	0.101936117	0.029535845	0.020940397	0.00102348
FisheyeCamera_1_00000_png.rf.51e7c2d131818f5ac51613cb3d152380.jpg	14	0.604616106	0.543725133	0.022177771	0.030458819	0.97988075
FisheyeCamera_1_00000_png.rf.51e7c2d131818f5ac51613cb3d152380.jpg	6	0.430319399	0.543151736	0.008323669	0.011328625	0.020811902
FisheyeCamera_1_00000_png.rf.51e7c2d131818f5ac51613cb3d152380.jpg	6	0.444889307	0.544713616	0.004882739	0.011889238	0.006118886
FisheyeCamera_1_00000_png.rf.51e7c2d131818f5ac51613cb3d152380.jpg	0	0.401121706	0.533839107	0.011829376	0.013759797	0.003700557
FisheyeCamera_1_00000_png.rf.51e7c2d131818f5ac51613cb3d152380.jpg	6	0.397993982	0.539696991	0.009221884	0.011956215	0.001914538
FisheyeCamera_1_00000_png.rf.51e7c2d131818f5ac51613cb3d152380.jpg	0	0.72578758	0.498883039	0.012033097	0.01181078	0.001636941
FisheyeCamera_1_00000_png.rf.51e7c2d131818f5ac51613cb3d152380.jpg	0	0.467018694	0.520697236	0.008016293	0.004783814	0.001129727
FisheyeCamera_1_00000_png.rf.51e7c2d131818f5ac51613cb3d152380.jpg	0	0.34316504	0.492792666	0.010399195	0.010314941	0.001112984
FisheyeCamera_1_00000_png.rf.51e7c2d131818f5ac51613cb3d152380.jpg	0	0.646129787	0.50345695	0.010219867	0.007118299	0.001021006
FisheyeCamera_1_00005_png.rf.2c3a5ef517c817ce7872439ac76a7c08.jpg	14	0.643919289	0.538891017	0.029142968	0.042593956	0.987335503
FisheyeCamera_1_00005_png.rf.2c3a5ef517c817ce7872439ac76a7c08.jpg	6	0.430561751	0.545685768	0.00706636	0.009275327	0.02829743
FisheyeCamera_1_00005_png.rf.2c3a5ef517c817ce7872439ac76a7c08.jpg	0	0.46501109	0.519005239	0.009102272	0.003091152	0.003490758
FisheyeCamera_1_00005_png.rf.2c3a5ef517c817ce7872439ac76a7c08.jpg	0	0.460810453	0.518099666	0.009430775	0.003364563	0.001295935
FisheyeCamera_1_00005_png.rf.2c3a5ef517c817ce7872439ac76a7c08.jpg	6	0.469259351	0.552036345	0.008882706	0.019610992	0.001092122
FisheyeCamera_1_00005_png.rf.2c3a5ef517c817ce7872439ac76a7c08.jpg	0	0.392977059	0.536917031	0.010819656	0.013469403	0.001087379
FisheyeCamera_1_00005_png.rf.2c3a5ef517c817ce7872439ac76a7c08.jpg	1	0.38884154	0.53975904	0.00621869	0.013693039	0.001084443
FisheyeCamera_1_00012_png.rf.72d6e678caad674f4fe8c948471cf743.jpg	2	0.330487847	0.519653618	0.032332569	0.04424895	0.76818341
FisheyeCamera_1_00012_png.rf.72d6e678caad674f4fe8c948471cf743.jpg	2	0.612507999	0.534826696	0.0179001	0.024261402	0.701033354
FisheyeCamera_1_00012_png.rf.72d6e678caad674f4fe8c948471cf743.jpg	2	0.39659521	0.540472806	0.014034638	0.021933923	0.140482888
FisheyeCamera_1_00012_png.rf.72d6e678caad674f4fe8c948471cf743.jpg	1	0.612984955	0.535907865	0.016578088	0.024380097	0.054014135
FisheyeCamera_1_00012_png.rf.72d6e678caad674f4fe8c948471cf743.jpg	2	0.556874871	0.542785585	0.012573022	0.017733648	0.036980916
FisheyeCamera_1_00012_png.rf.72d6e678caad674f4fe8c948471cf743.jpg	2	0.415201634	0.543536484	0.01350744	0.02083463	0.011034302
FisheyeCamera_1_00012_png.rf.72d6e678caad674f4fe8c948471cf743.jpg	1	0.330165714	0.519703269	0.031180127	0.043735139	0.010174094
FisheyeCamera_1_00012_png.rf.72d6e678caad674f4fe8c948471cf743.jpg	2	0.402521491	0.541230023	0.027537348	0.023347268	0.00881295
FisheyeCamera_1_00012_png.rf.72d6e678caad674f4fe8c948471cf743.jpg	2	0.4072662	0.544510186	0.029134531	0.025321009	0.007420407
FisheyeCamera_1_00012_png.rf.72d6e678caad674f4fe8c948471cf743.jpg	1	0.558009028	0.542070866	0.012839135	0.019280618	0.002076046
FisheyeCamera_1_00018_png.rf.765c48e66c9a0a7d70f6e4b0af00494c.jpg	2	0.639318049	0.522459507	0.026951203	0.04276228	0.785770476
FisheyeCamera_1_00018_png.rf.765c48e66c9a0a7d70f6e4b0af00494c.jpg	2	0.303212732	0.527278185	0.021896839	0.029767917	0.505664349
FisheyeCamera_1_00018_png.rf.765c48e66c9a0a7d70f6e4b0af00494c.jpg	2	0.534408689	0.53814429	0.01679061	0.02206476	0.491787255
FisheyeCamera_1_00018_png.rf.765c48e66c9a0a7d70f6e4b0af00494c.jpg	6	0.041396655	0.436532408	0.026066372	0.101155579	0.06892737
FisheyeCamera_1_00018_png.rf.765c48e66c9a0a7d70f6e4b0af00494c.jpg	2	0.348436952	0.539653182	0.014089768	0.022060212	0.068754211
FisheyeCamera_1_00018_png.rf.765c48e66c9a0a7d70f6e4b0af00494c.jpg	1	0.639722824	0.522265732	0.026105516	0.040904414	0.02511858
FisheyeCamera_1_00018_png.rf.765c48e66c9a0a7d70f6e4b0af00494c.jpg	1	0.534890831	0.538054585	0.01543599	0.021494573	0.013908616
FisheyeCamera_1_00018_png.rf.765c48e66c9a0a7d70f6e4b0af00494c.jpg	2	0.374005884	0.546275795	0.0105527	0.014902116	0.009794165
FisheyeCamera_1_00018_png.rf.765c48e66c9a0a7d70f6e4b0af00494c.jpg	2	0.040317442	0.439959168	0.026331438	0.100893572	0.007407444
FisheyeCamera_1_00018_png.rf.765c48e66c9a0a7d70f6e4b0af00494c.jpg	1	0.302814096	0.527388871	0.02167291	0.029566949	0.005543278
FisheyeCamera_1_00018_png.rf.765c48e66c9a0a7d70f6e4b0af00494c.jpg	4	0.040342312	0.445191473	0.024822164	0.090499848	0.004125273
FisheyeCamera_1_00018_png.rf.765c48e66c9a0a7d70f6e4b0af00494c.jpg	2	0.373782307	0.546801567	0.010162354	0.020737099	0.003704292
FisheyeCamera_1_00018_png.rf.765c48e66c9a0a7d70f6e4b0af00494c.jpg	2	0.484257609	0.54649955	0.009072891	0.016991029	0.003272164
FisheyeCamera_1_00018_png.rf.765c48e66c9a0a7d70f6e4b0af00494c.jpg	5	0.041139551	0.436909556	0.023606934	0.104182355	0.003080202
FisheyeCamera_1_00018_png.rf.765c48e66c9a0a7d70f6e4b0af00494c.jpg	2	0.464368165	0.549924612	0.009802415	0.016149815	0.001459901
FisheyeCamera_1_00018_png.rf.765c48e66c9a0a7d70f6e4b0af00494c.jpg	12	0.041358005	0.438064039	0.024803028	0.106225975	0.001160112
FisheyeCamera_1_00018_png.rf.765c48e66c9a0a7d70f6e4b0af00494c.jpg	2	0.37643683	0.546843052	0.009918324	0.015827363	0.001047943
FisheyeCamera_1_00021_png.rf.703e3c27438f8fe990ef8ffbd48f2b51.jpg	6	0.351012826	0.53095752	0.018429317	0.026269915	0.960629404
FisheyeCamera_1_00021_png.rf.703e3c27438f8fe990ef8ffbd48f2b51.jpg	1	0.455208838	0.508639932	0.00785857	0.005823135	0.09502437
FisheyeCamera_1_00022_png.rf.783465f75a2393c7aaa0ec3c3cd3ed4d.jpg	6	0.33892709	0.528648734	0.019307578	0.031232469	0.948104441
FisheyeCamera_1_00022_png.rf.783465f75a2393c7aaa0ec3c3cd3ed4d.jpg	1	0.454884261	0.508313298	0.007549286	0.00545223	0.085431457
FisheyeCamera_1_00022_png.rf.783465f75a2393c7aaa0ec3c3cd3ed4d.jpg	1	0.338742554	0.52783519	0.018042015	0.032985579	0.005655981
FisheyeCamera_1_00022_png.rf.783465f75a2393c7aaa0ec3c3cd3ed4d.jpg	6	0.418875158	0.543638706	0.008509929	0.00912571	0.003032892
FisheyeCamera_1_00022_png.rf.783465f75a2393c7aaa0ec3c3cd3ed4d.jpg	6	0.431856662	0.54302454	0.005101204	0.009495186	0.002765883
FisheyeCamera_1_00023_png.rf.cd1aa333b9e78ad2f7b2de3c154e7429.jpg	6	0.324504465	0.525478184	0.021167463	0.034261703	0.913266063
FisheyeCamera_1_00023_png.rf.cd1aa333b9e78ad2f7b2de3c154e7429.jpg	1	0.454517752	0.507859051	0.007082573	0.005320659	0.074438438
FisheyeCamera_1_00023_png.rf.cd1aa333b9e78ad2f7b2de3c154e7429.jpg	0	0.912726045	0.460073858	0.009915206	0.012540084	0.005385341
FisheyeCamera_1_00023_png.rf.cd1aa333b9e78ad2f7b2de3c154e7429.jpg	13	0.970840037	0.500321627	0.007596603	0.025025442	0.003366829
FisheyeCamera_1_00027_png.rf.dfb965799faeb1514f927e69c5ec0fd2.jpg	6	0.235479787	0.506952763	0.024439996	0.050076302	0.973783135
FisheyeCamera_1_00027_png.rf.dfb965799faeb1514f927e69c5ec0fd2.jpg	6	0.371282995	0.544674695	0.005635409	0.006600197	0.049165327
FisheyeCamera_1_00027_png.rf.dfb965799faeb1514f927e69c5ec0fd2.jpg	0	0.45339945	0.506266952	0.008696849	0.003544037	0.048941143
FisheyeCamera_1_00027_png.rf.dfb965799faeb1514f927e69c5ec0fd2.jpg	9	0.235634148	0.508029759	0.024722008	0.050111003	0.044367258
FisheyeCamera_1_00027_png.rf.dfb965799faeb1514f927e69c5ec0fd2.jpg	0	0.44880572	0.506309092	0.010591214	0.003696332	0.035927288
FisheyeCamera_1_00027_png.rf.dfb965799faeb1514f927e69c5ec0fd2.jpg	6	0.420533448	0.544951618	0.007090275	0.009673889	0.020629248
FisheyeCamera_1_00027_png.rf.dfb965799faeb1514f927e69c5ec0fd2.jpg	6	0.406187773	0.546301007	0.008164773	0.009530067	0.002350132
FisheyeCamera_1_00027_png.rf.dfb965799faeb1514f927e69c5ec0fd2.jpg	0	0.570237935	0.496380538	0.014435658	0.01004065	0.002244646
FisheyeCamera_1_00027_png.rf.dfb965799faeb1514f927e69c5ec0fd2.jpg	6	0.344917178	0.543786347	0.004460152	0.004201706	0.001422536
FisheyeCamera_1_00028_png.rf.f6f0a58dd52d1cf0fe75c8496a37b067.jpg	6	0.201064005	0.499373853	0.02410909	0.055887591	0.953242242
FisheyeCamera_1_00028_png.rf.f6f0a58dd52d1cf0fe75c8496a37b067.jpg	1	0.45273599	0.505349934	0.009231091	0.004219422	0.065642059
FisheyeCamera_1_00028_png.rf.f6f0a58dd52d1cf0fe75c8496a37b067.jpg	0	0.449548811	0.505873621	0.01187706	0.004460812	0.061864775
FisheyeCamera_1_00028_png.rf.f6f0a58dd52d1cf0fe75c8496a37b067.jpg	9	0.201456293	0.499545842	0.023773946	0.056064609	0.015742444
FisheyeCamera_1_00028_png.rf.f6f0a58dd52d1cf0fe75c8496a37b067.jpg	6	0.422012776	0.544481754	0.007264908	0.010433308	0.010717715
FisheyeCamera_1_00028_png.rf.f6f0a58dd52d1cf0fe75c8496a37b067.jpg	6	0.368333399	0.546004295	0.004730225	0.00597554	0.00591605
FisheyeCamera_1_00028_png.rf.f6f0a58dd52d1cf0fe75c8496a37b067.jpg	0	0.570941627	0.495470732	0.014218625	0.010096367	0.002804962
FisheyeCamera_1_00028_png.rf.f6f0a58dd52d1cf0fe75c8496a37b067.jpg	0	0.344556749	0.50825721	0.013748683	0.010585968	0.002199998
FisheyeCamera_1_00028_png.rf.f6f0a58dd52d1cf0fe75c8496a37b067.jpg	1	0.579865396	0.497296125	0.015336404	0.009990105	0.002008828
FisheyeCamera_1_00028_png.rf.f6f0a58dd52d1cf0fe75c8496a37b067.jpg	6	0.334291846	0.542692661	0.007362439	0.008073404	0.001877051
FisheyeCamera_1_00028_png.rf.f6f0a58dd52d1cf0fe75c8496a37b067.jpg	7	0.368178457	0.558444679	0.00507087	0.023344591	0.00151157
FisheyeCamera_1_00036_png.rf.a4fcf0fd896e50b389c7a93fae4d3a07.jpg	11	0.058536194	0.473731428	0.020056225	0.062205903	0.408258796
FisheyeCamera_1_00036_png.rf.a4fcf0fd896e50b389c7a93fae4d3a07.jpg	6	0.582425177	0.527074575	0.027722947	0.038850784	0.387952298
FisheyeCamera_1_00036_png.rf.a4fcf0fd896e50b389c7a93fae4d3a07.jpg	7	0.582400858	0.526920855	0.027900331	0.03937263	0.330100358
FisheyeCamera_1_00036_png.rf.a4fcf0fd896e50b389c7a93fae4d3a07.jpg	7	0.350635678	0.536115348	0.016457412	0.020100778	0.080675893
FisheyeCamera_1_00036_png.rf.a4fcf0fd896e50b389c7a93fae4d3a07.jpg	6	0.060185537	0.473786384	0.022124598	0.063407347	0.069635727
FisheyeCamera_1_00036_png.rf.a4fcf0fd896e50b389c7a93fae4d3a07.jpg	9	0.059049822	0.474510938	0.022045229	0.063191235	0.050912682
FisheyeCamera_1_00036_png.rf.a4fcf0fd896e50b389c7a93fae4d3a07.jpg	1	0.350483507	0.536129594	0.017392673	0.020149453	0.044200443
FisheyeCamera_1_00036_png.rf.a4fcf0fd896e50b389c7a93fae4d3a07.jpg	10	0.059397306	0.47320959	0.020620773	0.062539473	0.00951478
FisheyeCamera_1_00036_png.rf.a4fcf0fd896e50b389c7a93fae4d3a07.jpg	7	0.533555627	0.543673813	0.011469475	0.017536348	0.002037616
FisheyeCamera_1_00036_png.rf.a4fcf0fd896e50b389c7a93fae4d3a07.jpg	7	0.060358204	0.472599417	0.021710731	0.062176779	0.001126647
FisheyeCamera_1_00041_png.rf.402d963ad90df5846463e66a301debd3.jpg	0	0.441707999	0.495266348	0.008727661	0.005950341	0.209380776
FisheyeCamera_1_00041_png.rf.402d963ad90df5846463e66a301debd3.jpg	0	0.311330527	0.53961575	0.005977741	0.01032954	0.198280349
FisheyeCamera_1_00041_png.rf.402d963ad90df5846463e66a301debd3.jpg	0	0.310247421	0.540745437	0.008019998	0.010533626	0.076261707
FisheyeCamera_1_00041_png.rf.402d963ad90df5846463e66a301debd3.jpg	0	0.437786013	0.495643675	0.013170976	0.005464921	0.030337138
FisheyeCamera_1_00041_png.rf.402d963ad90df5846463e66a301debd3.jpg	0	0.313275635	0.540713012	0.011031041	0.009683206	0.01561396
FisheyeCamera_1_00041_png.rf.402d963ad90df5846463e66a301debd3.jpg	1	0.581026375	0.484190971	0.012574379	0.01106244	0.01495859
FisheyeCamera_1_00041_png.rf.402d963ad90df5846463e66a301debd3.jpg	0	0.310548693	0.537221074	0.008818168	0.012720475	0.013349727
FisheyeCamera_1_00041_png.rf.402d963ad90df5846463e66a301debd3.jpg	1	0.596825778	0.485606611	0.012488476	0.009963403	0.011250039
FisheyeCamera_1_00041_png.rf.402d963ad90df5846463e66a301debd3.jpg	0	0.385854363	0.504074693	0.009791631	0.007268172	0.0106833
FisheyeCamera_1_00041_png.rf.402d963ad90df5846463e66a301debd3.jpg	1	0.601721406	0.48538056	0.011152488	0.008662811	0.005738057
FisheyeCamera_1_00041_png.rf.402d963ad90df5846463e66a301debd3.jpg	0	0.440623313	0.49189955	0.009279728	0.010531792	0.003048387
FisheyeCamera_1_00041_png.rf.402d963ad90df5846463e66a301debd3.jpg	1	0.309879303	0.5586344	0.007617015	0.036802698	0.002803669
FisheyeCamera_1_00041_png.rf.402d963ad90df5846463e66a301debd3.jpg	0	0.468772113	0.550868988	0.007342596	0.019918919	0.001453643
FisheyeCamera_1_00041_png.rf.402d963ad90df5846463e66a301debd3.jpg	0	0.313712537	0.537324548	0.010320003	0.012366883	0.001399469
FisheyeCamera_1_00041_png.rf.402d963ad90df5846463e66a301debd3.jpg	2	0.309650749	0.560886502	0.008388152	0.039552689	0.001132876
FisheyeCamera_1_00041_png.rf.402d963ad90df5846463e66a301debd3.jpg	6	0.468209654	0.552286923	0.007601005	0.022287553	0.001098659
FisheyeCamera_1_00041_png.rf.402d963ad90df5846463e66a301debd3.jpg	0	0.290122569	0.538503289	0.011783013	0.006727953	0.001052975
FisheyeCamera_1_00041_png.rf.402d963ad90df5846463e66a301debd3.jpg	5	0.795423627	0.518550575	0.408323109	0.96289885	0.00104257
FisheyeCamera_1_00089_png.rf.3a437fe3f7f2a546183b5ef50bf92eab.jpg	0	0.262126505	0.298838764	0.026107496	0.020370081	0.748288155
FisheyeCamera_1_00089_png.rf.3a437fe3f7f2a546183b5ef50bf92eab.jpg	7	0.311103761	0.539860547	0.009720711	0.011381333	0.461711437
FisheyeCamera_1_00089_png.rf.3a437fe3f7f2a546183b5ef50bf92eab.jpg	7	0.313494533	0.539763153	0.010566528	0.011696999	0.175674215
FisheyeCamera_1_00089_png.rf.3a437fe3f7f2a546183b5ef50bf92eab.jpg	1	0.440805525	0.49021098	0.011447906	0.007406638	0.167693853
FisheyeCamera_1_00089_png.rf.3a437fe3f7f2a546183b5ef50bf92eab.jpg	1	0.43936488	0.488041669	0.010481651	0.004479812	0.075578861
FisheyeCamera_1_00089_png.rf.3a437fe3f7f2a546183b5ef50bf92eab.jpg	1	0.311754316	0.539198041	0.006598363	0.012374291	0.072377861
FisheyeCamera_1_00089_png.rf.3a437fe3f7f2a546183b5ef50bf92eab.jpg	1	0.436379224	0.490290076	0.011054589	0.007161728	0.062402282
FisheyeCamera_1_00089_png.rf.3a437fe3f7f2a546183b5ef50bf92eab.jpg	0	0.261188567	0.293781757	0.02481756	0.030215815	0.04321127
FisheyeCamera_1_00089_png.rf.3a437fe3f7f2a546183b5ef50bf92eab.jpg	0	0.258145958	0.300347894	0.031619165	0.021776402	0.036598098
FisheyeCamera_1_00089_png.rf.3a437fe3f7f2a546183b5ef50bf92eab.jpg	0	0.296041787	0.29806897	0.019060025	0.011448347	0.014628194
FisheyeCamera_1_00089_png.rf.3a437fe3f7f2a546183b5ef50bf92eab.jpg	9	0.602825165	0.541078508	0.019722389	0.014695534	0.013138745
FisheyeCamera_1_00089_png.rf.3a437fe3f7f2a546183b5ef50bf92eab.jpg	0	0.271386296	0.298697144	0.0293377	0.015960969	0.005407746
FisheyeCamera_1_00089_png.rf.3a437fe3f7f2a546183b5ef50bf92eab.jpg	1	0.44315818	0.486694425	0.008703636	0.010900425	0.004961268
FisheyeCamera_1_00089_png.rf.3a437fe3f7f2a546183b5ef50bf92eab.jpg	7	0.313947111	0.537699878	0.009725644	0.012962819	0.002282317
FisheyeCamera_1_00089_png.rf.3a437fe3f7f2a546183b5ef50bf92eab.jpg	1	0.407365948	0.491062194	0.008395965	0.008042519	0.001933473
FisheyeCamera_1_00089_png.rf.3a437fe3f7f2a546183b5ef50bf92eab.jpg	1	0.435873926	0.486430258	0.009898663	0.010374839	0.001788158
FisheyeCamera_1_00089_png.rf.3a437fe3f7f2a546183b5ef50bf92eab.jpg	0	0.291945666	0.29971242	0.020722482	0.01417294	0.001527674
FisheyeCamera_1_00089_png.rf.3a437fe3f7f2a546183b5ef50bf92eab.jpg	6	0.480125159	0.548576951	0.006314278	0.010335922	0.001395346
FisheyeCamera_1_00095_png.rf.7339640275f9c4483536f89fb2c815e0.jpg	7	0.269646406	0.535127759	0.007571496	0.01357937	0.584939599
FisheyeCamera_1_00095_png.rf.7339640275f9c4483536f89fb2c815e0.jpg	1	0.431087524	0.481568694	0.010473251	0.005607312	0.39801836
FisheyeCamera_1_00095_png.rf.7339640275f9c4483536f89fb2c815e0.jpg	1	0.439374715	0.481631964	0.013413833	0.007038887	0.037796494
FisheyeCamera_1_00095_png.rf.7339640275f9c4483536f89fb2c815e0.jpg	1	0.434134573	0.483576655	0.014908204	0.008762543	0.028893724
FisheyeCamera_1_00095_png.rf.7339640275f9c4483536f89fb2c815e0.jpg	1	0.267927945	0.53432101	0.013009035	0.011935638	0.014552507
FisheyeCamera_1_00095_png.rf.7339640275f9c4483536f89fb2c815e0.jpg	11	0.376768351	0.546575069	0.009220967	0.009093175	0.014233608
FisheyeCamera_1_00095_png.rf.7339640275f9c4483536f89fb2c815e0.jpg	9	0.638992488	0.536541224	0.024175866	0.02134778	0.008461903
FisheyeCamera_1_00095_png.rf.7339640275f9c4483536f89fb2c815e0.jpg	0	0.638401031	0.535585701	0.025818827	0.020142188	0.006477404
FisheyeCamera_1_00095_png.rf.7339640275f9c4483536f89fb2c815e0.jpg	11	0.639877796	0.537218392	0.019816032	0.018825054	0.002743632
FisheyeCamera_1_00095_png.rf.7339640275f9c4483536f89fb2c815e0.jpg	1	0.424919158	0.481443584	0.012468449	0.00436185	0.002561215
FisheyeCamera_1_00095_png.rf.7339640275f9c4483536f89fb2c815e0.jpg	11	0.373607218	0.546610773	0.009728799	0.008432021	0.002363849
FisheyeCamera_1_00095_png.rf.7339640275f9c4483536f89fb2c815e0.jpg	1	0.396377444	0.481755704	0.008160188	0.004909626	0.001820391
FisheyeCamera_1_00095_png.rf.7339640275f9c4483536f89fb2c815e0.jpg	1	0.410964757	0.481382579	0.0116802	0.003649125	0.001186852
FisheyeCamera_1_00097_png.rf.fb72097a4038b905024bea71b14c1434.jpg	7	0.252351612	0.532850444	0.008730466	0.016364502	0.332419395
FisheyeCamera_1_00097_png.rf.fb72097a4038b905024bea71b14c1434.jpg	1	0.427046537	0.477770835	0.00914405	0.007396698	0.259313703
FisheyeCamera_1_00097_png.rf.fb72097a4038b905024bea71b14c1434.jpg	1	0.424380511	0.478165179	0.01132811	0.006940842	0.143518671
FisheyeCamera_1_00097_png.rf.fb72097a4038b905024bea71b14c1434.jpg	0	0.657587826	0.533596396	0.025785888	0.020272255	0.011890347
FisheyeCamera_1_00097_png.rf.fb72097a4038b905024bea71b14c1434.jpg	1	0.427697927	0.474594295	0.008091927	0.011695679	0.010153016
FisheyeCamera_1_00097_png.rf.fb72097a4038b905024bea71b14c1434.jpg	1	0.391108096	0.478559285	0.011276649	0.007187844	0.007556311
FisheyeCamera_1_00097_png.rf.fb72097a4038b905024bea71b14c1434.jpg	7	0.250146925	0.53287971	0.012800511	0.015985416	0.003353547
FisheyeCamera_1_00097_png.rf.fb72097a4038b905024bea71b14c1434.jpg	6	0.519096375	0.541251659	0.00827008	0.007894699	0.00289695
FisheyeCamera_1_00097_png.rf.fb72097a4038b905024bea71b14c1434.jpg	9	0.654125035	0.53595829	0.029828293	0.022239136	0.001927008
FisheyeCamera_1_00097_png.rf.fb72097a4038b905024bea71b14c1434.jpg	0	0.460276991	0.536528409	0.009549141	0.011247269	0.001894697
FisheyeCamera_1_00097_png.rf.fb72097a4038b905024bea71b14c1434.jpg	1	0.410403192	0.478522599	0.011099522	0.006525223	0.001440079
FisheyeCamera_1_00097_png.rf.fb72097a4038b905024bea71b14c1434.jpg	0	0.661889255	0.534605861	0.01854207	0.021837933	0.001382347
FisheyeCamera_1_00098_png.rf.937d582ee38fb9c9007c37c872df3176.jpg	7	0.242802843	0.531950474	0.008967125	0.017754739	0.493056744
FisheyeCamera_1_00098_png.rf.937d582ee38fb9c9007c37c872df3176.jpg	1	0.427312195	0.477227241	0.011434445	0.008198261	0.164958566
FisheyeCamera_1_00098_png.rf.937d582ee38fb9c9007c37c872df3176.jpg	1	0.424118429	0.477671117	0.011144051	0.007463859	0.097784869
FisheyeCamera_1_00098_png.rf.937d582ee38fb9c9007c37c872df3176.jpg	1	0.428857952	0.474207133	0.01049493	0.010919938	0.027805958
FisheyeCamera_1_00098_png.rf.937d582ee38fb9c9007c37c872df3176.jpg	1	0.410435706	0.477908045	0.011795448	0.007196427	0.007177653
FisheyeCamera_1_00098_png.rf.937d582ee38fb9c9007c37c872df3176.jpg	1	0.394102842	0.478089064	0.014332772	0.00781327	0.004596721
FisheyeCamera_1_00098_png.rf.937d582ee38fb9c9007c37c872df3176.jpg	1	0.423959821	0.474165827	0.010531059	0.01084005	0.004417447
FisheyeCamera_1_00098_png.rf.937d582ee38fb9c9007c37c872df3176.jpg	1	0.242191836	0.532074809	0.0116539	0.01652945	0.003987742
FisheyeCamera_1_00098_png.rf.937d582ee38fb9c9007c37c872df3176.jpg	6	0.477793723	0.548502088	0.007747761	0.012430779	0.00384612
FisheyeCamera_1_00098_png.rf.937d582ee38fb9c9007c37c872df3176.jpg	6	0.521417618	0.541335762	0.009761407	0.009231018	0.003584292
FisheyeCamera_1_00098_png.rf.937d582ee38fb9c9007c37c872df3176.jpg	6	0.527885616	0.545251846	0.009184288	0.006719186	0.003354338
FisheyeCamera_1_00098_png.rf.937d582ee38fb9c9007c37c872df3176.jpg	10	0.461022943	0.539071977	0.00708448	0.01196212	0.002643535
FisheyeCamera_1_00098_png.rf.937d582ee38fb9c9007c37c872df3176.jpg	0	0.459400296	0.536101222	0.008885384	0.011168114	0.001375765
FisheyeCamera_1_00098_png.rf.937d582ee38fb9c9007c37c872df3176.jpg	1	0.438113809	0.477741659	0.012317548	0.007830987	0.001220774
FisheyeCamera_1_00098_png.rf.937d582ee38fb9c9007c37c872df3176.jpg	6	0.472593218	0.544445395	0.007763496	0.010142143	0.001016941
FisheyeCamera_1_00100_png.rf.683a106328c4647fb8dcd00c1c2af90f.jpg	1	0.423356146	0.472648919	0.011259079	0.007860954	0.397535414
FisheyeCamera_1_00100_png.rf.683a106328c4647fb8dcd00c1c2af90f.jpg	7	0.221364304	0.52865988	0.009657566	0.017216977	0.322007537
FisheyeCamera_1_00100_png.rf.683a106328c4647fb8dcd00c1c2af90f.jpg	1	0.422210723	0.475928694	0.012521927	0.010697586	0.04204217
FisheyeCamera_1_00100_png.rf.683a106328c4647fb8dcd00c1c2af90f.jpg	1	0.42575857	0.473171026	0.014406571	0.008967804	0.039478123
FisheyeCamera_1_00100_png.rf.683a106328c4647fb8dcd00c1c2af90f.jpg	1	0.412243754	0.472744375	0.012256256	0.008043069	0.010772055
FisheyeCamera_1_00100_png.rf.683a106328c4647fb8dcd00c1c2af90f.jpg	6	0.47790426	0.548994839	0.007882779	0.014883336	0.009150921
FisheyeCamera_1_00100_png.rf.683a106328c4647fb8dcd00c1c2af90f.jpg	6	0.519339561	0.542377651	0.006929215	0.005472587	0.004227296
FisheyeCamera_1_00100_png.rf.683a106328c4647fb8dcd00c1c2af90f.jpg	1	0.411386281	0.476828009	0.012227353	0.009017578	0.002401166
FisheyeCamera_1_00100_png.rf.683a106328c4647fb8dcd00c1c2af90f.jpg	13	0.461103171	0.54143846	0.007908821	0.01453132	0.002038094
FisheyeCamera_1_00100_png.rf.683a106328c4647fb8dcd00c1c2af90f.jpg	1	0.426177323	0.476159394	0.013555051	0.010323121	0.00178438
FisheyeCamera_1_00100_png.rf.683a106328c4647fb8dcd00c1c2af90f.jpg	6	0.474172771	0.545971513	0.010927018	0.01388836	0.001733614
FisheyeCamera_1_00100_png.rf.683a106328c4647fb8dcd00c1c2af90f.jpg	6	0.532010853	0.54479903	0.003802886	0.005353745	0.001541003
FisheyeCamera_1_00100_png.rf.683a106328c4647fb8dcd00c1c2af90f.jpg	1	0.417850226	0.470174104	0.014708043	0.015931129	0.001148015
FisheyeCamera_1_00104_png.rf.4b7fdfa8ad94152180492a204dfd629d.jpg	10	0.360238552	0.525746524	0.026685055	0.039217547	0.311293542
FisheyeCamera_1_00104_png.rf.4b7fdfa8ad94152180492a204dfd629d.jpg	9	0.360412389	0.525595188	0.027008975	0.039005097	0.30751285
FisheyeCamera_1_00104_png.rf.4b7fdfa8ad94152180492a204dfd629d.jpg	11	0.36021623	0.52567631	0.027287081	0.039313905	0.251233965
FisheyeCamera_1_00104_png.rf.4b7fdfa8ad94152180492a204dfd629d.jpg	1	0.71136564	0.53471595	0.012352284	0.020250138	0.168988362
FisheyeCamera_1_00104_png.rf.4b7fdfa8ad94152180492a204dfd629d.jpg	7	0.453712851	0.547173083	0.008486528	0.015341099	0.003816825
FisheyeCamera_1_00142_png.rf.def6aeee07cff082ea33cd3d659e7024.jpg	9	0.597380757	0.543681741	0.00826777	0.014475456	0.884869099
FisheyeCamera_1_00142_png.rf.def6aeee07cff082ea33cd3d659e7024.jpg	9	0.563815534	0.547619522	0.009923275	0.008948326	0.138793856
FisheyeCamera_1_00142_png.rf.def6aeee07cff082ea33cd3d659e7024.jpg	9	0.560773194	0.547749281	0.00906163	0.009595871	0.047717493
FisheyeCamera_1_00142_png.rf.def6aeee07cff082ea33cd3d659e7024.jpg	9	0.626106739	0.545413196	0.010417792	0.011820793	0.036939047
FisheyeCamera_1_00142_png.rf.def6aeee07cff082ea33cd3d659e7024.jpg	9	0.623092651	0.545370281	0.008741013	0.012317841	0.014004232
FisheyeCamera_1_00142_png.rf.def6aeee07cff082ea33cd3d659e7024.jpg	1	0.437343627	0.539608121	0.005255699	0.010367981	0.008433433
FisheyeCamera_1_00142_png.rf.def6aeee07cff082ea33cd3d659e7024.jpg	9	0.599896431	0.544597924	0.012884911	0.014169327	0.006647558
FisheyeCamera_1_00142_png.rf.def6aeee07cff082ea33cd3d659e7024.jpg	11	0.345284462	0.542812467	0.006387894	0.009442917	0.005197994
FisheyeCamera_1_00142_png.rf.def6aeee07cff082ea33cd3d659e7024.jpg	13	0.533923328	0.553043187	0.005595611	0.0088293	0.001921495
FisheyeCamera_1_00142_png.rf.def6aeee07cff082ea33cd3d659e7024.jpg	10	0.467094809	0.547822416	0.015113611	0.019784855	0.001909181
FisheyeCamera_1_00142_png.rf.def6aeee07cff082ea33cd3d659e7024.jpg	9	0.592709184	0.544793665	0.012735001	0.015604607	0.001845462
FisheyeCamera_1_00142_png.rf.def6aeee07cff082ea33cd3d659e7024.jpg	9	0.561772346	0.543914199	0.006788254	0.013541809	0.001341471
FisheyeCamera_1_00142_png.rf.def6aeee07cff082ea33cd3d659e7024.jpg	10	0.463054687	0.542957485	0.01019907	0.014683248	0.001333421
FisheyeCamera_1_00142_png.rf.def6aeee07cff082ea33cd3d659e7024.jpg	9	0.622901082	0.547438622	0.008609039	0.017919358	0.001326553
FisheyeCamera_1_00142_png.rf.def6aeee07cff082ea33cd3d659e7024.jpg	0	0.45499149	0.518654168	0.007173355	0.004107475	0.001261534
FisheyeCamera_1_00142_png.rf.def6aeee07cff082ea33cd3d659e7024.jpg	9	0.563627243	0.549857259	0.010319307	0.013054115	0.001143653
FisheyeCamera_1_00142_png.rf.def6aeee07cff082ea33cd3d659e7024.jpg	1	0.495845228	0.521829426	0.005436677	0.00669241	0.001120463
FisheyeCamera_1_00142_png.rf.def6aeee07cff082ea33cd3d659e7024.jpg	1	0.502476513	0.522440791	0.009275436	0.008010497	0.00100945
FisheyeCamera_1_00150_png.rf.59de5a3cfa738990cf21ba7d18b79444.jpg	13	0.363696009	0.530306637	0.02082436	0.030953042	0.446807444
FisheyeCamera_1_00150_png.rf.59de5a3cfa738990cf21ba7d18b79444.jpg	11	0.40414086	0.545320153	0.00805356	0.013212425	0.399519026
FisheyeCamera_1_00150_png.rf.59de5a3cfa738990cf21ba7d18b79444.jpg	3	0.363716573	0.529680848	0.020602411	0.031059744	0.165619865
FisheyeCamera_1_00150_png.rf.59de5a3cfa738990cf21ba7d18b79444.jpg	7	0.532264829	0.547165215	0.006437889	0.008837516	0.050226741
FisheyeCamera_1_00150_png.rf.59de5a3cfa738990cf21ba7d18b79444.jpg	1	0.61496067	0.543045163	0.009533516	0.015086908	0.030289469
FisheyeCamera_1_00150_png.rf.59de5a3cfa738990cf21ba7d18b79444.jpg	11	0.23348102	0.502161384	0.005365757	0.01040466	0.026551273
FisheyeCamera_1_00150_png.rf.59de5a3cfa738990cf21ba7d18b79444.jpg	11	0.44442451	0.548524618	0.003476546	0.00962228	0.016900513
FisheyeCamera_1_00150_png.rf.59de5a3cfa738990cf21ba7d18b79444.jpg	1	0.233377203	0.499003142	0.005096161	0.01066417	0.00564402
FisheyeCamera_1_00150_png.rf.59de5a3cfa738990cf21ba7d18b79444.jpg	7	0.615258992	0.543336153	0.009487445	0.013837521	0.004731745
FisheyeCamera_1_00150_png.rf.59de5a3cfa738990cf21ba7d18b79444.jpg	11	0.443897456	0.551188409	0.005300522	0.0102542	0.002696167
FisheyeCamera_1_00150_png.rf.59de5a3cfa738990cf21ba7d18b79444.jpg	7	0.532016754	0.549768806	0.006854608	0.013254167	0.002442028
FisheyeCamera_1_00150_png.rf.59de5a3cfa738990cf21ba7d18b79444.jpg	1	0.155150488	0.478164613	0.007922906	0.006979576	0.001515222
FisheyeCamera_1_00150_png.rf.59de5a3cfa738990cf21ba7d18b79444.jpg	13	0.407180935	0.543963373	0.013487046	0.015041939	0.001428232
FisheyeCamera_1_00151_png.rf.ff1355b3e842019c0228380552ea0c2c.jpg	11	0.402937531	0.545046508	0.007856773	0.013704483	0.691031456
FisheyeCamera_1_00151_png.rf.ff1355b3e842019c0228380552ea0c2c.jpg	13	0.353087068	0.527540684	0.022728518	0.032475471	0.255044758
FisheyeCamera_1_00151_png.rf.ff1355b3e842019c0228380552ea0c2c.jpg	11	0.446386874	0.548578143	0.005333424	0.00974226	0.090643317
FisheyeCamera_1_00151_png.rf.ff1355b3e842019c0228380552ea0c2c.jpg	11	0.446474642	0.551106274	0.00564003	0.010383606	0.013810996
FisheyeCamera_1_00151_png.rf.ff1355b3e842019c0228380552ea0c2c.jpg	7	0.622302294	0.542948425	0.010335262	0.01440448	0.009593673
FisheyeCamera_1_00151_png.rf.ff1355b3e842019c0228380552ea0c2c.jpg	1	0.534261703	0.549952686	0.006293701	0.012827214	0.004835429
FisheyeCamera_1_00151_png.rf.ff1355b3e842019c0228380552ea0c2c.jpg	7	0.534121037	0.548339248	0.006075309	0.010430703	0.002507566
FisheyeCamera_1_00151_png.rf.ff1355b3e842019c0228380552ea0c2c.jpg	11	0.290086418	0.504754543	0.007838635	0.006928444	0.00155489
FisheyeCamera_1_00151_png.rf.ff1355b3e842019c0228380552ea0c2c.jpg	11	0.232208773	0.517429829	0.00353804	0.008405502	0.001272881
FisheyeCamera_1_00151_png.rf.ff1355b3e842019c0228380552ea0c2c.jpg	1	0.388919741	0.497302294	0.010826992	0.007484877	0.001165289
FisheyeCamera_1_00153_png.rf.19444df592470cf02432f62dfd784f12.jpg	9	0.663667977	0.534809709	0.014948699	0.023824032	0.863943934
FisheyeCamera_1_00153_png.rf.19444df592470cf02432f62dfd784f12.jpg	9	0.586019278	0.545102775	0.009636292	0.013384416	0.730520666
FisheyeCamera_1_00153_png.rf.19444df592470cf02432f62dfd784f12.jpg	9	0.588033617	0.545368671	0.011537552	0.013339593	0.339187354
FisheyeCamera_1_00153_png.rf.19444df592470cf02432f62dfd784f12.jpg	9	0.685841799	0.537667155	0.009823799	0.021923322	0.164819479
FisheyeCamera_1_00153_png.rf.19444df592470cf02432f62dfd784f12.jpg	1	0.456357241	0.510736108	0.00506115	0.00900375	0.053920388
FisheyeCamera_1_00153_png.rf.19444df592470cf02432f62dfd784f12.jpg	6	0.586215913	0.544223189	0.008631634	0.014655884	0.015694888
FisheyeCamera_1_00153_png.rf.19444df592470cf02432f62dfd784f12.jpg	1	0.479917943	0.510670662	0.007514	0.008899139	0.01353136
FisheyeCamera_1_00153_png.rf.19444df592470cf02432f62dfd784f12.jpg	1	0.336540163	0.541064441	0.005537804	0.011043659	0.012494965
FisheyeCamera_1_00153_png.rf.19444df592470cf02432f62dfd784f12.jpg	9	0.688043594	0.537861466	0.011642163	0.015641212	0.009344173
FisheyeCamera_1_00153_png.rf.19444df592470cf02432f62dfd784f12.jpg	1	0.540395617	0.497712523	0.013629547	0.009723444	0.008586866
FisheyeCamera_1_00153_png.rf.19444df592470cf02432f62dfd784f12.jpg	0	0.465401947	0.542474091	0.009312741	0.013013474	0.006137487
FisheyeCamera_1_00153_png.rf.19444df592470cf02432f62dfd784f12.jpg	1	0.446292669	0.510929585	0.009108948	0.009576248	0.005854033
FisheyeCamera_1_00153_png.rf.19444df592470cf02432f62dfd784f12.jpg	11	0.335072756	0.542865932	0.007660389	0.008396039	0.005534416
FisheyeCamera_1_00153_png.rf.19444df592470cf02432f62dfd784f12.jpg	0	0.498582333	0.536996841	0.009867852	0.014592172	0.004815286
FisheyeCamera_1_00153_png.rf.19444df592470cf02432f62dfd784f12.jpg	0	0.498172969	0.539325535	0.009009361	0.014521306	0.002550066
FisheyeCamera_1_00153_png.rf.19444df592470cf02432f62dfd784f12.jpg	0	0.461881906	0.542948544	0.011698063	0.01336538	0.002142652
FisheyeCamera_1_00153_png.rf.19444df592470cf02432f62dfd784f12.jpg	1	0.468646914	0.510445118	0.005792251	0.008424209	0.001860042
FisheyeCamera_1_00153_png.rf.19444df592470cf02432f62dfd784f12.jpg	1	0.338675737	0.543040454	0.010251779	0.00816591	0.00172953
FisheyeCamera_1_00153_png.rf.19444df592470cf02432f62dfd784f12.jpg	0	0.456615061	0.515270114	0.009541146	0.007461548	0.001576058
FisheyeCamera_1_00153_png.rf.19444df592470cf02432f62dfd784f12.jpg	1	0.481279463	0.515624404	0.006698022	0.006846611	0.001548134
FisheyeCamera_1_00153_png.rf.19444df592470cf02432f62dfd784f12.jpg	1	0.436276466	0.538890183	0.005414119	0.008023079	0.001448544
FisheyeCamera_1_00153_png.rf.19444df592470cf02432f62dfd784f12.jpg	10	0.536897302	0.540555298	0.007282624	0.00952739	0.00102316
FisheyeCamera_1_00154_png.rf.be661e0bba8aead34dbcded1d4e5b260.jpg	9	0.67325449	0.532482266	0.014435989	0.023469338	0.794533551
FisheyeCamera_1_00154_png.rf.be661e0bba8aead34dbcded1d4e5b260.jpg	9	0.589265287	0.544672012	0.009390905	0.013467972	0.634937763
FisheyeCamera_1_00154_png.rf.be661e0bba8aead34dbcded1d4e5b260.jpg	9	0.694227219	0.538190067	0.007742515	0.015691208	0.16227746
FisheyeCamera_1_00154_png.rf.be661e0bba8aead34dbcded1d4e5b260.jpg	9	0.587323308	0.544893563	0.012160889	0.013479234	0.119701467
FisheyeCamera_1_00154_png.rf.be661e0bba8aead34dbcded1d4e5b260.jpg	1	0.480868936	0.510607123	0.005865941	0.008765221	0.08104229
FisheyeCamera_1_00154_png.rf.be661e0bba8aead34dbcded1d4e5b260.jpg	1	0.456893265	0.510479689	0.004280641	0.008530984	0.029224686
FisheyeCamera_1_00154_png.rf.be661e0bba8aead34dbcded1d4e5b260.jpg	9	0.58809036	0.543733418	0.008447831	0.013647667	0.01489283
FisheyeCamera_1_00154_png.rf.be661e0bba8aead34dbcded1d4e5b260.jpg	9	0.670245945	0.533365548	0.017279845	0.02063733	0.007803389
FisheyeCamera_1_00154_png.rf.be661e0bba8aead34dbcded1d4e5b260.jpg	11	0.334705204	0.542256176	0.006961823	0.009668938	0.007248991
FisheyeCamera_1_00154_png.rf.be661e0bba8aead34dbcded1d4e5b260.jpg	1	0.335990757	0.541181445	0.006004737	0.012845223	0.006594987
FisheyeCamera_1_00154_png.rf.be661e0bba8aead34dbcded1d4e5b260.jpg	0	0.464443386	0.54503572	0.012020222	0.018000787	0.005608007
FisheyeCamera_1_00154_png.rf.be661e0bba8aead34dbcded1d4e5b260.jpg	9	0.685974002	0.533709884	0.012516023	0.020661941	0.005090497
FisheyeCamera_1_00154_png.rf.be661e0bba8aead34dbcded1d4e5b260.jpg	9	0.589071691	0.547318697	0.009972206	0.01814769	0.004125388
FisheyeCamera_1_00154_png.rf.be661e0bba8aead34dbcded1d4e5b260.jpg	1	0.481566638	0.515050054	0.005999932	0.007687349	0.003286005
FisheyeCamera_1_00154_png.rf.be661e0bba8aead34dbcded1d4e5b260.jpg	1	0.436110944	0.538351893	0.005464004	0.006378724	0.002243203
FisheyeCamera_1_00154_png.rf.be661e0bba8aead34dbcded1d4e5b260.jpg	0	0.462297469	0.544621766	0.012829782	0.017367363	0.00197031
FisheyeCamera_1_00154_png.rf.be661e0bba8aead34dbcded1d4e5b260.jpg	1	0.470329374	0.510379434	0.004648576	0.008287907	0.001801925
FisheyeCamera_1_00154_png.rf.be661e0bba8aead34dbcded1d4e5b260.jpg	0	0.458079487	0.516153812	0.007713501	0.007368491	0.001098545
FisheyeCamera_1_00194_png.rf.21c8dbe947c18776eaab4e5caec1585b.jpg	1	0.353443295	0.483662397	0.007407959	0.005431579	0.442158222
FisheyeCamera_1_00194_png.rf.21c8dbe947c18776eaab4e5caec1585b.jpg	1	0.320466578	0.482264817	0.008316261	0.007611092	0.113696106
FisheyeCamera_1_00194_png.rf.21c8dbe947c18776eaab4e5caec1585b.jpg	0	0.416874468	0.523385346	0.007804577	0.010446915	0.070274122
FisheyeCamera_1_00194_png.rf.21c8dbe947c18776eaab4e5caec1585b.jpg	10	0.320613861	0.541802406	0.006102379	0.008844119	0.04775716
FisheyeCamera_1_00194_png.rf.21c8dbe947c18776eaab4e5caec1585b.jpg	1	0.358077109	0.484061927	0.012487632	0.00796329	0.030090788
FisheyeCamera_1_00194_png.rf.21c8dbe947c18776eaab4e5caec1585b.jpg	1	0.430125386	0.48313114	0.011544632	0.005495842	0.027740769
FisheyeCamera_1_00194_png.rf.21c8dbe947c18776eaab4e5caec1585b.jpg	1	0.465404004	0.474280536	0.009812905	0.012044724	0.026864182
FisheyeCamera_1_00194_png.rf.21c8dbe947c18776eaab4e5caec1585b.jpg	1	0.465148151	0.477274328	0.010155494	0.010792255	0.023826897
FisheyeCamera_1_00194_png.rf.21c8dbe947c18776eaab4e5caec1585b.jpg	1	0.318086684	0.475347072	0.010373336	0.014000894	0.021550477
FisheyeCamera_1_00194_png.rf.21c8dbe947c18776eaab4e5caec1585b.jpg	10	0.310378402	0.542594433	0.008689753	0.006170677	0.019815143
FisheyeCamera_1_00194_png.rf.21c8dbe947c18776eaab4e5caec1585b.jpg	1	0.307584018	0.483785361	0.013548356	0.007811547	0.011732657
FisheyeCamera_1_00194_png.rf.21c8dbe947c18776eaab4e5caec1585b.jpg	0	0.320250601	0.537649035	0.00955424	0.014219651	0.009227056
FisheyeCamera_1_00194_png.rf.21c8dbe947c18776eaab4e5caec1585b.jpg	1	0.29512611	0.484460264	0.01175433	0.007740241	0.008227354
FisheyeCamera_1_00194_png.rf.21c8dbe947c18776eaab4e5caec1585b.jpg	1	0.366622806	0.484243989	0.009819984	0.00662668	0.007651817
FisheyeCamera_1_00194_png.rf.21c8dbe947c18776eaab4e5caec1585b.jpg	7	0.256833285	0.536318421	0.005226906	0.010715961	0.00529789
FisheyeCamera_1_00194_png.rf.21c8dbe947c18776eaab4e5caec1585b.jpg	1	0.327071786	0.483463377	0.009930207	0.005661194	0.004450447
FisheyeCamera_1_00194_png.rf.21c8dbe947c18776eaab4e5caec1585b.jpg	10	0.308695436	0.535251975	0.0076521	0.011239823	0.00418135
FisheyeCamera_1_00194_png.rf.21c8dbe947c18776eaab4e5caec1585b.jpg	1	0.349809259	0.483968467	0.012135506	0.006036392	0.003827268
FisheyeCamera_1_00194_png.rf.21c8dbe947c18776eaab4e5caec1585b.jpg	1	0.442972213	0.482102484	0.012052793	0.005492027	0.003720604
FisheyeCamera_1_00194_png.rf.21c8dbe947c18776eaab4e5caec1585b.jpg	1	0.433394462	0.473922819	0.012188508	0.011260106	0.003399375
FisheyeCamera_1_00194_png.rf.21c8dbe947c18776eaab4e5caec1585b.jpg	1	0.461761862	0.479054064	0.012048502	0.010828972	0.003063631
FisheyeCamera_1_00194_png.rf.21c8dbe947c18776eaab4e5caec1585b.jpg	0	0.28978166	0.520694196	0.010717007	0.012429604	0.002899763
FisheyeCamera_1_00194_png.rf.21c8dbe947c18776eaab4e5caec1585b.jpg	1	0.352937698	0.488104552	0.008467197	0.0114544	0.002581069
FisheyeCamera_1_00194_png.rf.21c8dbe947c18776eaab4e5caec1585b.jpg	10	0.313878953	0.538035154	0.006051834	0.006720837	0.002472418
FisheyeCamera_1_00194_png.rf.21c8dbe947c18776eaab4e5caec1585b.jpg	1	0.463869125	0.481996983	0.008720398	0.015205568	0.001957967
FisheyeCamera_1_00194_png.rf.21c8dbe947c18776eaab4e5caec1585b.jpg	0	0.329056263	0.537219703	0.006547268	0.0132655	0.001837002
FisheyeCamera_1_00194_png.rf.21c8dbe947c18776eaab4e5caec1585b.jpg	10	0.259728253	0.535655975	0.007016365	0.008649056	0.00178555
FisheyeCamera_1_00194_png.rf.21c8dbe947c18776eaab4e5caec1585b.jpg	0	0.412562311	0.523538411	0.012708847	0.010227203	0.001753078
FisheyeCamera_1_00194_png.rf.21c8dbe947c18776eaab4e5caec1585b.jpg	10	0.286728382	0.534903407	0.004838375	0.008718418	0.001599862
FisheyeCamera_1_00194_png.rf.21c8dbe947c18776eaab4e5caec1585b.jpg	1	0.462013334	0.47457841	0.012257576	0.013666154	0.001200317
FisheyeCamera_1_00194_png.rf.21c8dbe947c18776eaab4e5caec1585b.jpg	1	0.463705242	0.472599566	0.009320076	0.027630514	0.001038699
FisheyeCamera_1_00194_png.rf.21c8dbe947c18776eaab4e5caec1585b.jpg	10	0.329950631	0.540429592	0.005521591	0.010184692	0.001007595
FisheyeCamera_1_00195_png.rf.c958e21bb68e76adac7817623d7c1f75.jpg	0	0.462625116	0.381269872	0.022949807	0.015279111	0.73355937
FisheyeCamera_1_00195_png.rf.c958e21bb68e76adac7817623d7c1f75.jpg	0	0.554438889	0.398434132	0.025842668	0.016043261	0.331453979
FisheyeCamera_1_00195_png.rf.c958e21bb68e76adac7817623d7c1f75.jpg	7	0.767014146	0.525187671	0.016027892	0.025492853	0.092474021
FisheyeCamera_1_00195_png.rf.c958e21bb68e76adac7817623d7c1f75.jpg	0	0.558232307	0.398618847	0.032589365	0.019745644	0.008942306
FisheyeCamera_1_00195_png.rf.c958e21bb68e76adac7817623d7c1f75.jpg	0	0.462190062	0.378598362	0.024363885	0.021060394	0.004057362
FisheyeCamera_1_00195_png.rf.c958e21bb68e76adac7817623d7c1f75.jpg	0	0.463196188	0.38429305	0.023482323	0.019905861	0.002401794
FisheyeCamera_1_00202_png.rf.ee30ccd577d5cfc9c2f6c16edaeacdf2.jpg	0	0.638158083	0.32945627	0.026612356	0.018605784	0.758093059
FisheyeCamera_1_00202_png.rf.ee30ccd577d5cfc9c2f6c16edaeacdf2.jpg	0	0.510592341	0.302384704	0.032643687	0.02073277	0.706713319
FisheyeCamera_1_00202_png.rf.ee30ccd577d5cfc9c2f6c16edaeacdf2.jpg	0	0.635029316	0.328362107	0.035586137	0.01948199	0.015221014
FisheyeCamera_1_00202_png.rf.ee30ccd577d5cfc9c2f6c16edaeacdf2.jpg	1	0.534023762	0.462879479	0.012797173	0.007170494	0.010389162
FisheyeCamera_1_00202_png.rf.ee30ccd577d5cfc9c2f6c16edaeacdf2.jpg	1	0.533056557	0.463943273	0.012084595	0.009798233	0.007424549
FisheyeCamera_1_00202_png.rf.ee30ccd577d5cfc9c2f6c16edaeacdf2.jpg	0	0.499756157	0.302198023	0.044732865	0.01532839	0.00346133
FisheyeCamera_1_00202_png.rf.ee30ccd577d5cfc9c2f6c16edaeacdf2.jpg	0	0.637123525	0.324825972	0.029310374	0.029054936	0.001939507
FisheyeCamera_1_00202_png.rf.ee30ccd577d5cfc9c2f6c16edaeacdf2.jpg	1	0.533027828	0.461771876	0.01183873	0.011065777	0.001420581
FisheyeCamera_1_00202_png.rf.ee30ccd577d5cfc9c2f6c16edaeacdf2.jpg	0	0.510196209	0.305492014	0.033336237	0.03045748	0.001093944
FisheyeCamera_1_00204_png.rf.19edfa32d48b66e0365f54c7325dcbd4.jpg	0	0.527225018	0.265096486	0.036283016	0.024910817	0.835668802
FisheyeCamera_1_00204_png.rf.19edfa32d48b66e0365f54c7325dcbd4.jpg	0	0.671670377	0.298460305	0.031289984	0.019737134	0.834321499
FisheyeCamera_1_00204_png.rf.19edfa32d48b66e0365f54c7325dcbd4.jpg	1	0.494148314	0.454748839	0.009985263	0.005295167	0.02200217
FisheyeCamera_1_00204_png.rf.19edfa32d48b66e0365f54c7325dcbd4.jpg	0	0.552542329	0.457783461	0.011976792	0.007797021	0.013377572
FisheyeCamera_1_00204_png.rf.19edfa32d48b66e0365f54c7325dcbd4.jpg	0	0.550664067	0.45819518	0.013890047	0.007291024	0.012657432
FisheyeCamera_1_00204_png.rf.19edfa32d48b66e0365f54c7325dcbd4.jpg	0	0.670597851	0.294105589	0.031819344	0.028256051	0.001204598
FisheyeCamera_1_00204_png.rf.19edfa32d48b66e0365f54c7325dcbd4.jpg	0	0.577398121	0.459868312	0.009284496	0.007579327	0.001122718
FisheyeCamera_1_00204_png.rf.19edfa32d48b66e0365f54c7325dcbd4.jpg	0	0.677125514	0.298359871	0.039265707	0.025812829	0.001045816
FisheyeCamera_1_00211_png.rf.4d937346689834589353be2d154dc924.jpg	0	0.576412022	0.086693555	0.058388785	0.041701075	0.94033277
FisheyeCamera_1_00211_png.rf.4d937346689834589353be2d154dc924.jpg	1	0.517738223	0.470714867	0.015013512	0.009055908	0.576306105
FisheyeCamera_1_00211_png.rf.4d937346689834589353be2d154dc924.jpg	1	0.588579834	0.472554654	0.015838441	0.010844414	0.428887814
FisheyeCamera_1_00211_png.rf.4d937346689834589353be2d154dc924.jpg	1	0.517614841	0.468751788	0.015868187	0.013757412	0.155876815
FisheyeCamera_1_00211_png.rf.4d937346689834589353be2d154dc924.jpg	1	0.589776576	0.470186532	0.017989159	0.016528314	0.045370113
FisheyeCamera_1_00211_png.rf.4d937346689834589353be2d154dc924.jpg	0	0.781122386	0.181385592	0.03729593	0.031983964	0.038256988
FisheyeCamera_1_00211_png.rf.4d937346689834589353be2d154dc924.jpg	1	0.481148005	0.47097531	0.007706276	0.005289445	0.001275909
FisheyeCamera_1_00211_png.rf.4d937346689834589353be2d154dc924.jpg	1	0.515251815	0.470885962	0.018109726	0.009856041	0.001260567
FisheyeCamera_1_00230_png.rf.0abfb32b639a38aefee3263df7d3733e.jpg	1	0.552953541	0.439043611	0.042623337	0.026134493	0.77096498
FisheyeCamera_1_00230_png.rf.0abfb32b639a38aefee3263df7d3733e.jpg	1	0.716674626	0.453405291	0.032458674	0.02049138	0.500571966
FisheyeCamera_1_00230_png.rf.0abfb32b639a38aefee3263df7d3733e.jpg	1	0.561552227	0.439414889	0.057187632	0.027330106	0.001221645
FisheyeCamera_1_00230_png.rf.de641278e85b0675e5c4ec40b2fdf74f.jpg	10	0.312040001	0.523679733	0.022043247	0.035873599	0.860425055
FisheyeCamera_1_00230_png.rf.de641278e85b0675e5c4ec40b2fdf74f.jpg	1	0.435146362	0.375850916	0.021588143	0.012336658	0.576898634
FisheyeCamera_1_00230_png.rf.de641278e85b0675e5c4ec40b2fdf74f.jpg	1	0.337473363	0.382466525	0.020717438	0.020078219	0.418284059
FisheyeCamera_1_00230_png.rf.de641278e85b0675e5c4ec40b2fdf74f.jpg	0	0.496246606	0.511339843	0.015272141	0.010368641	0.380484879
FisheyeCamera_1_00230_png.rf.de641278e85b0675e5c4ec40b2fdf74f.jpg	9	0.312015027	0.523825347	0.020995472	0.035517804	0.250182509
FisheyeCamera_1_00230_png.rf.de641278e85b0675e5c4ec40b2fdf74f.jpg	0	0.496478826	0.515222549	0.013416291	0.007692338	0.193104267
FisheyeCamera_1_00230_png.rf.de641278e85b0675e5c4ec40b2fdf74f.jpg	0	0.50036782	0.511119127	0.014143945	0.01030988	0.069252059
FisheyeCamera_1_00230_png.rf.de641278e85b0675e5c4ec40b2fdf74f.jpg	0	0.501054943	0.515160918	0.012654305	0.008546059	0.016454063
FisheyeCamera_1_00230_png.rf.de641278e85b0675e5c4ec40b2fdf74f.jpg	0	0.492510706	0.512072682	0.01307084	0.005280201	0.01575736
FisheyeCamera_1_00230_png.rf.de641278e85b0675e5c4ec40b2fdf74f.jpg	1	0.301796526	0.389617503	0.016023729	0.011854099	0.013797758
FisheyeCamera_1_00230_png.rf.de641278e85b0675e5c4ec40b2fdf74f.jpg	0	0.392395318	0.524412036	0.006834581	0.01477425	0.012043779
FisheyeCamera_1_00230_png.rf.de641278e85b0675e5c4ec40b2fdf74f.jpg	1	0.293266714	0.390379101	0.020463265	0.011228232	0.01013919
FisheyeCamera_1_00230_png.rf.de641278e85b0675e5c4ec40b2fdf74f.jpg	0	0.688441694	0.451544911	0.014920822	0.011462983	0.004382295
FisheyeCamera_1_00230_png.rf.de641278e85b0675e5c4ec40b2fdf74f.jpg	1	0.335823655	0.380898267	0.021194203	0.0249172	0.004101569
FisheyeCamera_1_00230_png.rf.de641278e85b0675e5c4ec40b2fdf74f.jpg	1	0.314833611	0.388487726	0.039184131	0.014005074	0.004000688
FisheyeCamera_1_00230_png.rf.de641278e85b0675e5c4ec40b2fdf74f.jpg	1	0.303480387	0.387392133	0.016544545	0.013512978	0.00339182
FisheyeCamera_1_00230_png.rf.de641278e85b0675e5c4ec40b2fdf74f.jpg	1	0.43518737	0.378802031	0.027152833	0.018576622	0.003080322
FisheyeCamera_1_00230_png.rf.de641278e85b0675e5c4ec40b2fdf74f.jpg	1	0.435527146	0.372606039	0.02582033	0.022087097	0.002926975
FisheyeCamera_1_00230_png.rf.de641278e85b0675e5c4ec40b2fdf74f.jpg	0	0.543416142	0.504483044	0.015892396	0.010029793	0.002902913
FisheyeCamera_1_00230_png.rf.de641278e85b0675e5c4ec40b2fdf74f.jpg	0	0.59474653	0.481474638	0.01497995	0.008439431	0.002760909
FisheyeCamera_1_00230_png.rf.de641278e85b0675e5c4ec40b2fdf74f.jpg	0	0.359033823	0.475010663	0.030902203	0.014610695	0.00218417
FisheyeCamera_1_00230_png.rf.de641278e85b0675e5c4ec40b2fdf74f.jpg	0	0.366239846	0.475702047	0.019135585	0.013121899	0.001961662
FisheyeCamera_1_00230_png.rf.de641278e85b0675e5c4ec40b2fdf74f.jpg	1	0.330956846	0.384185523	0.027894352	0.018159831	0.001617975
FisheyeCamera_1_00230_png.rf.de641278e85b0675e5c4ec40b2fdf74f.jpg	0	0.34924385	0.475306004	0.035226859	0.014528165	0.001564033
FisheyeCamera_1_00230_png.rf.de641278e85b0675e5c4ec40b2fdf74f.jpg	13	0.329321444	0.582329452	0.022189507	0.026888665	0.001469071
FisheyeCamera_1_00230_png.rf.de641278e85b0675e5c4ec40b2fdf74f.jpg	0	0.353480637	0.468057275	0.012837227	0.005725678	0.001300264
FisheyeCamera_1_00230_png.rf.de641278e85b0675e5c4ec40b2fdf74f.jpg	0	0.535321355	0.507951081	0.008671761	0.006400475	0.0012939
FisheyeCamera_1_00239_png.rf.d6a3e883bbb92412f2642432771f2d09.jpg	1	0.462750494	0.255289227	0.035373028	0.024071272	0.677940011
FisheyeCamera_1_00239_png.rf.d6a3e883bbb92412f2642432771f2d09.jpg	0	0.565372884	0.503856778	0.01900761	0.008842248	0.512538195
FisheyeCamera_1_00239_png.rf.d6a3e883bbb92412f2642432771f2d09.jpg	1	0.323162317	0.298001289	0.027668623	0.018356085	0.44373247
FisheyeCamera_1_00239_png.rf.d6a3e883bbb92412f2642432771f2d09.jpg	1	0.319925845	0.299062818	0.031516369	0.021730259	0.066099681
FisheyeCamera_1_00239_png.rf.d6a3e883bbb92412f2642432771f2d09.jpg	9	0.518530369	0.54572618	0.003801823	0.008999641	0.057500593
FisheyeCamera_1_00239_png.rf.d6a3e883bbb92412f2642432771f2d09.jpg	0	0.400402635	0.519470334	0.011808469	0.011712295	0.022603195
FisheyeCamera_1_00239_png.rf.d6a3e883bbb92412f2642432771f2d09.jpg	1	0.545855999	0.252045602	0.018562868	0.009346046	0.017223015
FisheyeCamera_1_00239_png.rf.d6a3e883bbb92412f2642432771f2d09.jpg	0	0.399024904	0.519713283	0.010665931	0.01360798	0.012195183
FisheyeCamera_1_00239_png.rf.d6a3e883bbb92412f2642432771f2d09.jpg	0	0.565138817	0.500919938	0.020505136	0.014419923	0.010134157
FisheyeCamera_1_00239_png.rf.d6a3e883bbb92412f2642432771f2d09.jpg	1	0.611167073	0.488963187	0.008029644	0.01358025	0.006092195
FisheyeCamera_1_00239_png.rf.d6a3e883bbb92412f2642432771f2d09.jpg	0	0.608891129	0.517327189	0.010594956	0.020062264	0.003969757
FisheyeCamera_1_00239_png.rf.d6a3e883bbb92412f2642432771f2d09.jpg	0	0.566095054	0.507757902	0.016243165	0.011995096	0.00345256
FisheyeCamera_1_00239_png.rf.d6a3e883bbb92412f2642432771f2d09.jpg	0	0.306101471	0.42953673	0.024251956	0.017392892	0.002509767
FisheyeCamera_1_00239_png.rf.d6a3e883bbb92412f2642432771f2d09.jpg	0	0.312004894	0.427489877	0.032535225	0.021544274	0.002455363
FisheyeCamera_1_00239_png.rf.d6a3e883bbb92412f2642432771f2d09.jpg	0	0.609227061	0.491934001	0.008955185	0.008356865	0.001960589
FisheyeCamera_1_00239_png.rf.d6a3e883bbb92412f2642432771f2d09.jpg	1	0.328129709	0.29708609	0.035328388	0.018619264	0.001725168
FisheyeCamera_1_00239_png.rf.d6a3e883bbb92412f2642432771f2d09.jpg	0	0.357703	0.422019392	0.016866831	0.01874887	0.001373604
FisheyeCamera_1_00239_png.rf.d6a3e883bbb92412f2642432771f2d09.jpg	0	0.640917957	0.516864598	0.011382324	0.011418526	0.001221274
FisheyeCamera_1_00239_png.rf.d6a3e883bbb92412f2642432771f2d09.jpg	0	0.567064941	0.541245341	0.005135426	0.009210221	0.001204055
FisheyeCamera_1_00239_png.rf.d6a3e883bbb92412f2642432771f2d09.jpg	13	0.383774579	0.548628509	0.00847413	0.01185663	0.00115884
FisheyeCamera_1_00239_png.rf.d6a3e883bbb92412f2642432771f2d09.jpg	1	0.610670745	0.484167188	0.009615128	0.017888656	0.001023888
FisheyeCamera_1_00257_png.rf.fd48c32db227dac063bcd71340f4f334.jpg	0	0.75108254	0.454597086	0.025098069	0.012043953	0.81663543
FisheyeCamera_1_00257_png.rf.fd48c32db227dac063bcd71340f4f334.jpg	13	0.771639764	0.535138488	0.006204825	0.011706719	0.270988405
FisheyeCamera_1_00257_png.rf.fd48c32db227dac063bcd71340f4f334.jpg	0	0.751739383	0.451855093	0.029123968	0.016645651	0.142677754
FisheyeCamera_1_00257_png.rf.fd48c32db227dac063bcd71340f4f334.jpg	9	0.621923923	0.541598201	0.00650692	0.009872437	0.053268697
FisheyeCamera_1_00257_png.rf.fd48c32db227dac063bcd71340f4f334.jpg	0	0.696546018	0.53285259	0.006126037	0.012886048	0.030640446
FisheyeCamera_1_00257_png.rf.fd48c32db227dac063bcd71340f4f334.jpg	9	0.626337469	0.540355861	0.009921441	0.008868878	0.015201673
FisheyeCamera_1_00257_png.rf.fd48c32db227dac063bcd71340f4f334.jpg	0	0.74867177	0.457133502	0.02499309	0.01293718	0.006983903
FisheyeCamera_1_00257_png.rf.fd48c32db227dac063bcd71340f4f334.jpg	0	0.759460211	0.454279989	0.02267801	0.014447213	0.004390495
FisheyeCamera_1_00257_png.rf.fd48c32db227dac063bcd71340f4f334.jpg	13	0.794523239	0.534310043	0.0034691	0.008291428	0.003482921
FisheyeCamera_1_00257_png.rf.fd48c32db227dac063bcd71340f4f334.jpg	13	0.776106179	0.535866082	0.010837776	0.010595322	0.003169819
FisheyeCamera_1_00257_png.rf.fd48c32db227dac063bcd71340f4f334.jpg	11	0.371229708	0.540315807	0.00944442	0.014366921	0.00248805
FisheyeCamera_1_00257_png.rf.fd48c32db227dac063bcd71340f4f334.jpg	0	0.760946572	0.440954596	0.011255559	0.020789368	0.002066572
FisheyeCamera_1_00257_png.rf.fd48c32db227dac063bcd71340f4f334.jpg	6	0.68442136	0.531844795	0.007563371	0.009667103	0.001617672
FisheyeCamera_1_00257_png.rf.fd48c32db227dac063bcd71340f4f334.jpg	0	0.764469266	0.449379802	0.013569025	0.015686586	0.001481674
FisheyeCamera_1_00257_png.rf.fd48c32db227dac063bcd71340f4f334.jpg	1	0.810826242	0.418914706	0.010406861	0.033830643	0.001323726
FisheyeCamera_1_00257_png.rf.fd48c32db227dac063bcd71340f4f334.jpg	0	0.701823175	0.534633338	0.008989334	0.009758546	0.001294198
FisheyeCamera_1_00257_png.rf.fd48c32db227dac063bcd71340f4f334.jpg	13	0.786086202	0.535349488	0.006438622	0.009567481	0.001234296
FisheyeCamera_1_00257_png.rf.fd48c32db227dac063bcd71340f4f334.jpg	9	0.569417655	0.547961533	0.003541543	0.008898369	0.001112021
FisheyeCamera_1_00282_png.rf.8432bcb7705139cd0bcd1421987aaff7.jpg	0	0.595039546	0.527246594	0.007524087	0.019027343	0.903026402
FisheyeCamera_1_00282_png.rf.8432bcb7705139cd0bcd1421987aaff7.jpg	13	0.817106426	0.52278769	0.012330055	0.022728333	0.661267996
FisheyeCamera_1_00282_png.rf.8432bcb7705139cd0bcd1421987aaff7.jpg	11	0.384190291	0.546460807	0.006061884	0.009972023	0.327242583
FisheyeCamera_1_00282_png.rf.8432bcb7705139cd0bcd1421987aaff7.jpg	1	0.470942378	0.539586842	0.006554127	0.010533444	0.193890378
FisheyeCamera_1_00282_png.rf.8432bcb7705139cd0bcd1421987aaff7.jpg	1	0.471234113	0.537464321	0.005287574	0.012713029	0.173036277
FisheyeCamera_1_00282_png.rf.8432bcb7705139cd0bcd1421987aaff7.jpg	1	0.452316344	0.545186996	0.008557393	0.009631707	0.024890833
FisheyeCamera_1_00282_png.rf.8432bcb7705139cd0bcd1421987aaff7.jpg	0	0.591641903	0.519483447	0.010112579	0.031587858	0.008937152
FisheyeCamera_1_00282_png.rf.8432bcb7705139cd0bcd1421987aaff7.jpg	0	0.586976707	0.521735668	0.012937547	0.018311685	0.003210993
FisheyeCamera_1_00282_png.rf.8432bcb7705139cd0bcd1421987aaff7.jpg	13	0.8139745	0.521611333	0.016512504	0.022456391	0.002870767
FisheyeCamera_1_00282_png.rf.8432bcb7705139cd0bcd1421987aaff7.jpg	13	0.804765165	0.51025188	0.00938533	0.013926873	0.002430346
FisheyeCamera_1_00282_png.rf.8432bcb7705139cd0bcd1421987aaff7.jpg	9	0.449388742	0.546094298	0.011284828	0.009973233	0.001024329
FisheyeCamera_1_00283_png.rf.e88cf39eb00a52dfcceb2fcfddf89260.jpg	0	0.597242773	0.52616775	0.007667908	0.020713806	0.903373778
FisheyeCamera_1_00283_png.rf.e88cf39eb00a52dfcceb2fcfddf89260.jpg	13	0.830005705	0.52084744	0.013989889	0.023560159	0.742111564
FisheyeCamera_1_00283_png.rf.e88cf39eb00a52dfcceb2fcfddf89260.jpg	1	0.470589429	0.537277341	0.004998758	0.012557984	0.392277271
FisheyeCamera_1_00283_png.rf.e88cf39eb00a52dfcceb2fcfddf89260.jpg	11	0.380872458	0.546302021	0.005304154	0.009841149	0.290769219
FisheyeCamera_1_00283_png.rf.e88cf39eb00a52dfcceb2fcfddf89260.jpg	1	0.470524579	0.538769066	0.005995274	0.01131839	0.21818991
FisheyeCamera_1_00283_png.rf.e88cf39eb00a52dfcceb2fcfddf89260.jpg	9	0.448350251	0.544679344	0.009288385	0.011401176	0.011944401
FisheyeCamera_1_00283_png.rf.e88cf39eb00a52dfcceb2fcfddf89260.jpg	11	0.307904989	0.534203887	0.004695709	0.011553692	0.01050105
FisheyeCamera_1_00283_png.rf.e88cf39eb00a52dfcceb2fcfddf89260.jpg	0	0.537693858	0.517091513	0.007566452	0.013835687	0.007974163
FisheyeCamera_1_00283_png.rf.e88cf39eb00a52dfcceb2fcfddf89260.jpg	1	0.45063144	0.543794811	0.011430337	0.010334198	0.003026979
FisheyeCamera_1_00283_png.rf.e88cf39eb00a52dfcceb2fcfddf89260.jpg	0	0.537027657	0.517465889	0.011609077	0.008089909	0.002771603
FisheyeCamera_1_00283_png.rf.e88cf39eb00a52dfcceb2fcfddf89260.jpg	6	0.448474675	0.562981069	0.014833635	0.036219597	0.002614442
FisheyeCamera_1_00283_png.rf.e88cf39eb00a52dfcceb2fcfddf89260.jpg	13	0.951652288	0.507433057	0.009555597	0.011610765	0.001958394
FisheyeCamera_1_00283_png.rf.e88cf39eb00a52dfcceb2fcfddf89260.jpg	9	0.448515326	0.550908864	0.010720474	0.023528688	0.001911846
FisheyeCamera_1_00283_png.rf.e88cf39eb00a52dfcceb2fcfddf89260.jpg	13	0.448646992	0.567574918	0.018050451	0.058792043	0.001110019
FisheyeCamera_1_00283_png.rf.e88cf39eb00a52dfcceb2fcfddf89260.jpg	1	0.464020342	0.538811564	0.006286548	0.007418633	0.001064343
FisheyeCamera_1_00283_png.rf.e88cf39eb00a52dfcceb2fcfddf89260.jpg	0	0.582444787	0.519643307	0.013986294	0.016641617	0.001013133
FisheyeCamera_1_00285_png.rf.cbc33d5d21aad4b5d0d195479cb4f9ef.jpg	0	0.598899543	0.524027884	0.010335152	0.020972619	0.833316505
FisheyeCamera_1_00285_png.rf.cbc33d5d21aad4b5d0d195479cb4f9ef.jpg	0	0.600710988	0.524089217	0.011174202	0.020068169	0.728641391
FisheyeCamera_1_00285_png.rf.cbc33d5d21aad4b5d0d195479cb4f9ef.jpg	11	0.372170985	0.545659065	0.007010057	0.010807588	0.7206828
FisheyeCamera_1_00285_png.rf.cbc33d5d21aad4b5d0d195479cb4f9ef.jpg	13	0.859362066	0.516078591	0.014063615	0.02576399	0.497967243
FisheyeCamera_1_00285_png.rf.cbc33d5d21aad4b5d0d195479cb4f9ef.jpg	1	0.46721068	0.537401795	0.004359466	0.012383351	0.131796718
FisheyeCamera_1_00285_png.rf.cbc33d5d21aad4b5d0d195479cb4f9ef.jpg	1	0.466979474	0.539417207	0.004989881	0.010566235	0.11955744
FisheyeCamera_1_00285_png.rf.cbc33d5d21aad4b5d0d195479cb4f9ef.jpg	9	0.436417192	0.542345524	0.01039439	0.011947889	0.040353101
FisheyeCamera_1_00285_png.rf.cbc33d5d21aad4b5d0d195479cb4f9ef.jpg	1	0.464016259	0.539625645	0.005253975	0.009917443	0.038851846
FisheyeCamera_1_00285_png.rf.cbc33d5d21aad4b5d0d195479cb4f9ef.jpg	0	0.537100434	0.516620994	0.006966298	0.015691942	0.027375091
FisheyeCamera_1_00285_png.rf.cbc33d5d21aad4b5d0d195479cb4f9ef.jpg	11	0.301593393	0.532103181	0.00933418	0.012074544	0.010246484
FisheyeCamera_1_00285_png.rf.cbc33d5d21aad4b5d0d195479cb4f9ef.jpg	11	0.375304967	0.545994282	0.011995792	0.010783967	0.009068855
FisheyeCamera_1_00285_png.rf.cbc33d5d21aad4b5d0d195479cb4f9ef.jpg	9	0.438371956	0.542284012	0.010965751	0.011699273	0.007120879
FisheyeCamera_1_00285_png.rf.cbc33d5d21aad4b5d0d195479cb4f9ef.jpg	0	0.59706974	0.515892386	0.009425347	0.026643571	0.005355548
FisheyeCamera_1_00285_png.rf.cbc33d5d21aad4b5d0d195479cb4f9ef.jpg	1	0.436805606	0.540669739	0.005747135	0.008849437	0.004401925
FisheyeCamera_1_00285_png.rf.cbc33d5d21aad4b5d0d195479cb4f9ef.jpg	11	0.297761917	0.53094101	0.008025445	0.012188911	0.004207932
FisheyeCamera_1_00285_png.rf.cbc33d5d21aad4b5d0d195479cb4f9ef.jpg	0	0.537168384	0.516418815	0.011924084	0.011426155	0.002528428
FisheyeCamera_1_00285_png.rf.cbc33d5d21aad4b5d0d195479cb4f9ef.jpg	0	0.593817532	0.496472925	0.009276757	0.008669266	0.002417141
FisheyeCamera_1_00285_png.rf.cbc33d5d21aad4b5d0d195479cb4f9ef.jpg	0	0.536589921	0.511061251	0.010922799	0.016455835	0.002347474
FisheyeCamera_1_00285_png.rf.cbc33d5d21aad4b5d0d195479cb4f9ef.jpg	0	0.539955795	0.520094514	0.011411667	0.010439286	0.001644018
FisheyeCamera_1_00285_png.rf.cbc33d5d21aad4b5d0d195479cb4f9ef.jpg	0	0.580279469	0.519605994	0.012448091	0.01408786	0.001628078
FisheyeCamera_1_00298_png.rf.a4bc4257abfe5a5f97a7ab4671d5a682.jpg	1	0.431911677	0.532905221	0.00721418	0.016236782	0.798959792
FisheyeCamera_1_00298_png.rf.a4bc4257abfe5a5f97a7ab4671d5a682.jpg	11	0.286276966	0.537766337	0.010111515	0.013729683	0.779311717
FisheyeCamera_1_00298_png.rf.a4bc4257abfe5a5f97a7ab4671d5a682.jpg	0	0.626734316	0.508445621	0.01244545	0.032857127	0.693396926
FisheyeCamera_1_00298_png.rf.a4bc4257abfe5a5f97a7ab4671d5a682.jpg	11	0.288322985	0.537646055	0.011039771	0.013739366	0.234165758
FisheyeCamera_1_00298_png.rf.a4bc4257abfe5a5f97a7ab4671d5a682.jpg	13	0.286932141	0.536587596	0.008315747	0.012351513	0.101182044
FisheyeCamera_1_00298_png.rf.a4bc4257abfe5a5f97a7ab4671d5a682.jpg	1	0.23006022	0.522440076	0.004495731	0.014957649	0.044779997
FisheyeCamera_1_00298_png.rf.a4bc4257abfe5a5f97a7ab4671d5a682.jpg	11	0.229158416	0.523997784	0.005500885	0.015695976	0.023627669
FisheyeCamera_1_00298_png.rf.a4bc4257abfe5a5f97a7ab4671d5a682.jpg	0	0.600929737	0.480077773	0.01250047	0.010238464	0.021983534
FisheyeCamera_1_00298_png.rf.a4bc4257abfe5a5f97a7ab4671d5a682.jpg	1	0.432367772	0.531798899	0.01184768	0.015257249	0.012450674
FisheyeCamera_1_00298_png.rf.a4bc4257abfe5a5f97a7ab4671d5a682.jpg	0	0.522313714	0.491306871	0.013178092	0.01878489	0.002844136
FisheyeCamera_1_00298_png.rf.a4bc4257abfe5a5f97a7ab4671d5a682.jpg	0	0.600457311	0.475988686	0.01306189	0.015158104	0.002799055
FisheyeCamera_1_00298_png.rf.a4bc4257abfe5a5f97a7ab4671d5a682.jpg	0	0.52435708	0.501996279	0.012012262	0.011304783	0.002117617
FisheyeCamera_1_00298_png.rf.a4bc4257abfe5a5f97a7ab4671d5a682.jpg	11	0.06949915	0.509677708	0.012161099	0.014709474	0.001523825
FisheyeCamera_1_00298_png.rf.a4bc4257abfe5a5f97a7ab4671d5a682.jpg	11	0.272785336	0.541363299	0.009688322	0.007684121	0.001269234
FisheyeCamera_1_00298_png.rf.a4bc4257abfe5a5f97a7ab4671d5a682.jpg	0	0.629434705	0.508858383	0.017799525	0.03645248	0.001192092
FisheyeCamera_1_00298_png.rf.a4bc4257abfe5a5f97a7ab4671d5a682.jpg	13	0.070786588	0.513579845	0.008480595	0.011318611	0.001011221
FisheyeCamera_1_00302_png.rf.89395bab7d8fb4a6da3324a58b3497cd.jpg	11	0.251945674	0.533797264	0.009762471	0.015740212	0.84428668
FisheyeCamera_1_00302_png.rf.89395bab7d8fb4a6da3324a58b3497cd.jpg	1	0.42201972	0.531088471	0.008151935	0.017707825	0.641400695
FisheyeCamera_1_00302_png.rf.89395bab7d8fb4a6da3324a58b3497cd.jpg	0	0.649568439	0.496864408	0.014742118	0.039700508	0.621973991
FisheyeCamera_1_00302_png.rf.89395bab7d8fb4a6da3324a58b3497cd.jpg	11	0.250155061	0.533797383	0.012824811	0.014994145	0.107978649
FisheyeCamera_1_00302_png.rf.89395bab7d8fb4a6da3324a58b3497cd.jpg	1	0.207924888	0.518332303	0.005484967	0.015490349	0.031351872
FisheyeCamera_1_00302_png.rf.89395bab7d8fb4a6da3324a58b3497cd.jpg	10	0.069939554	0.506994128	0.010167732	0.019662088	0.007906382
FisheyeCamera_1_00302_png.rf.89395bab7d8fb4a6da3324a58b3497cd.jpg	13	0.069249921	0.516505778	0.009691454	0.03657807	0.005987557
FisheyeCamera_1_00302_png.rf.89395bab7d8fb4a6da3324a58b3497cd.jpg	0	0.536148846	0.501812756	0.012921334	0.010555084	0.00406078
FisheyeCamera_1_00302_png.rf.89395bab7d8fb4a6da3324a58b3497cd.jpg	0	0.607778788	0.470950693	0.013958051	0.012632297	0.002721944
FisheyeCamera_1_00302_png.rf.89395bab7d8fb4a6da3324a58b3497cd.jpg	13	0.25519985	0.533700764	0.016614255	0.013828865	0.001108891
FisheyeCamera_1_00302_png.rf.89395bab7d8fb4a6da3324a58b3497cd.jpg	0	0.538276255	0.504230201	0.013447762	0.010402863	0.001032855
FisheyeCamera_1_00314_png.rf.f10aa9e570183b2892515007c415b9cf.jpg	1	0.429875284	0.522221267	0.00965654	0.023053169	0.597298205
FisheyeCamera_1_00314_png.rf.f10aa9e570183b2892515007c415b9cf.jpg	11	0.1337796	0.513831794	0.013650299	0.024276184	0.423648238
FisheyeCamera_1_00314_png.rf.f10aa9e570183b2892515007c415b9cf.jpg	9	0.133572549	0.513496697	0.012784142	0.023979371	0.070255123
FisheyeCamera_1_00314_png.rf.f10aa9e570183b2892515007c415b9cf.jpg	0	0.87093395	0.408765376	0.028366091	0.084947996	0.03234417
FisheyeCamera_1_00314_png.rf.f10aa9e570183b2892515007c415b9cf.jpg	1	0.431235701	0.521386623	0.014684018	0.022209167	0.001516638
FisheyeCamera_1_00315_png.rf.14c625eca5ff0f371a2459cb470b6dd5.jpg	1	0.432003617	0.521789849	0.010388191	0.022529237	0.537096143
FisheyeCamera_1_00315_png.rf.14c625eca5ff0f371a2459cb470b6dd5.jpg	11	0.121581055	0.511501431	0.01329136	0.024762888	0.351954222
FisheyeCamera_1_00315_png.rf.14c625eca5ff0f371a2459cb470b6dd5.jpg	0	0.90749377	0.39272207	0.028228762	0.089927234	0.08271271
FisheyeCamera_1_00315_png.rf.14c625eca5ff0f371a2459cb470b6dd5.jpg	9	0.119441859	0.511121452	0.016462684	0.02274704	0.003259627
FisheyeCamera_1_00315_png.rf.14c625eca5ff0f371a2459cb470b6dd5.jpg	13	0.915573895	0.506770134	0.009523246	0.01712458	0.001084106
FisheyeCamera_1_00351_png.rf.0c9f77a62c69eb9b4b91da5b1454eda5.jpg	12	0.441671103	0.546201587	0.008203873	0.011316117	0.392179966
FisheyeCamera_1_00351_png.rf.0c9f77a62c69eb9b4b91da5b1454eda5.jpg	13	0.214731082	0.532197118	0.008452599	0.011288277	0.323169172
FisheyeCamera_1_00351_png.rf.0c9f77a62c69eb9b4b91da5b1454eda5.jpg	9	0.211853772	0.53189224	0.011237108	0.011317327	0.088567346
FisheyeCamera_1_00351_png.rf.0c9f77a62c69eb9b4b91da5b1454eda5.jpg	0	0.176211983	0.484408677	0.012162924	0.032781199	0.023174817
FisheyeCamera_1_00351_png.rf.0c9f77a62c69eb9b4b91da5b1454eda5.jpg	12	0.44173786	0.549114048	0.00809365	0.014517674	0.021116911
FisheyeCamera_1_00351_png.rf.0c9f77a62c69eb9b4b91da5b1454eda5.jpg	1	0.176203951	0.483157694	0.012378931	0.031116854	0.013259232
FisheyeCamera_1_00351_png.rf.0c9f77a62c69eb9b4b91da5b1454eda5.jpg	13	0.172740325	0.532298923	0.008687735	0.0082133	0.004648455
FisheyeCamera_1_00351_png.rf.0c9f77a62c69eb9b4b91da5b1454eda5.jpg	9	0.119246051	0.506190479	0.016608065	0.022210488	0.002673615
FisheyeCamera_1_00351_png.rf.0c9f77a62c69eb9b4b91da5b1454eda5.jpg	13	0.214813262	0.535839498	0.008632037	0.016303357	0.002333232
FisheyeCamera_1_00351_png.rf.0c9f77a62c69eb9b4b91da5b1454eda5.jpg	13	0.116632678	0.516196072	0.014446021	0.033522606	0.001722948
FisheyeCamera_1_00351_png.rf.0c9f77a62c69eb9b4b91da5b1454eda5.jpg	13	0.178441256	0.531597614	0.011104107	0.007047103	0.001676452
FisheyeCamera_1_00351_png.rf.0c9f77a62c69eb9b4b91da5b1454eda5.jpg	10	0.157359973	0.532928705	0.009932445	0.006713574	0.001471648
FisheyeCamera_1_00364_png.rf.a9a2ae260182758dd32759d27a3f08ae.jpg	13	0.18633832	0.528323174	0.010978937	0.016339853	0.805808783
FisheyeCamera_1_00364_png.rf.a9a2ae260182758dd32759d27a3f08ae.jpg	12	0.520571828	0.542326152	0.012420435	0.018361092	0.140798822
FisheyeCamera_1_00364_png.rf.a9a2ae260182758dd32759d27a3f08ae.jpg	13	0.057462242	0.506682575	0.005547166	0.010416435	0.060769916
FisheyeCamera_1_00364_png.rf.a9a2ae260182758dd32759d27a3f08ae.jpg	9	0.059589781	0.443768442	0.012219324	0.042807288	0.004552672
FisheyeCamera_1_00364_png.rf.a9a2ae260182758dd32759d27a3f08ae.jpg	13	0.174325287	0.530954599	0.012009859	0.011143905	0.003525795
FisheyeCamera_1_00364_png.rf.a9a2ae260182758dd32759d27a3f08ae.jpg	13	0.055852231	0.528588176	0.006237118	0.011502449	0.001968139
FisheyeCamera_1_00364_png.rf.a9a2ae260182758dd32759d27a3f08ae.jpg	13	0.207079753	0.531591237	0.009413004	0.011919205	0.001807384
FisheyeCamera_1_00364_png.rf.a9a2ae260182758dd32759d27a3f08ae.jpg	13	0.134908393	0.533410311	0.009661674	0.011422231	0.00173991
FisheyeCamera_1_00364_png.rf.a9a2ae260182758dd32759d27a3f08ae.jpg	13	0.056127455	0.519000351	0.005813911	0.011199181	0.001528922
FisheyeCamera_1_00364_png.rf.a9a2ae260182758dd32759d27a3f08ae.jpg	10	0.060634945	0.440394998	0.013574614	0.04950263	0.001457684
FisheyeCamera_1_00364_png.rf.a9a2ae260182758dd32759d27a3f08ae.jpg	9	0.117804296	0.506387174	0.012912228	0.017697996	0.001205543
FisheyeCamera_1_00364_png.rf.a9a2ae260182758dd32759d27a3f08ae.jpg	12	0.522572637	0.542162895	0.017798791	0.019037431	0.00103678
FisheyeCamera_1_00382_png.rf.da9f23f9bb25ab0a204cb881a5ccf798.jpg	13	0.054727528	0.498606265	0.013892583	0.027868638	0.717225075
FisheyeCamera_1_00382_png.rf.da9f23f9bb25ab0a204cb881a5ccf798.jpg	13	0.129181504	0.531968892	0.015993476	0.012759392	0.026423888
FisheyeCamera_1_00382_png.rf.da9f23f9bb25ab0a204cb881a5ccf798.jpg	13	0.107046716	0.507591486	0.008055257	0.021194825	0.013620688
FisheyeCamera_1_00382_png.rf.da9f23f9bb25ab0a204cb881a5ccf798.jpg	13	0.051909704	0.499077559	0.016352832	0.028116301	0.011976216
FisheyeCamera_1_00382_png.rf.da9f23f9bb25ab0a204cb881a5ccf798.jpg	13	0.141190961	0.529088318	0.009839012	0.014294514	0.003988639
FisheyeCamera_1_00382_png.rf.da9f23f9bb25ab0a204cb881a5ccf798.jpg	13	0.25636676	0.535587907	0.010209414	0.009784405	0.003201382
FisheyeCamera_1_00382_png.rf.da9f23f9bb25ab0a204cb881a5ccf798.jpg	13	0.125837401	0.53144902	0.014694811	0.012023523	0.002009866
FisheyeCamera_1_00382_png.rf.da9f23f9bb25ab0a204cb881a5ccf798.jpg	13	0.142712638	0.521524727	0.006321293	0.020123227	0.001815188
FisheyeCamera_1_00382_png.rf.da9f23f9bb25ab0a204cb881a5ccf798.jpg	10	0.131718069	0.525346756	0.016022086	0.015256478	0.001599526
FisheyeCamera_1_00382_png.rf.da9f23f9bb25ab0a204cb881a5ccf798.jpg	13	0.25537625	0.539245248	0.004671665	0.009491554	0.001053711
FisheyeCamera_1_00454_png.rf.69544c267e97e6de7d8ff36d70f8a8f6.jpg	3	0.802227318	0.524237931	0.012089876	0.02435666	0.141979024
FisheyeCamera_1_00454_png.rf.69544c267e97e6de7d8ff36d70f8a8f6.jpg	5	0.800863564	0.523664117	0.0143181	0.02474154	0.056077879
FisheyeCamera_1_00454_png.rf.69544c267e97e6de7d8ff36d70f8a8f6.jpg	0	0.682645679	0.463991612	0.010452491	0.009708148	0.028461587
FisheyeCamera_1_00454_png.rf.69544c267e97e6de7d8ff36d70f8a8f6.jpg	1	0.684765637	0.461054355	0.009007821	0.009636879	0.02361525
FisheyeCamera_1_00454_png.rf.69544c267e97e6de7d8ff36d70f8a8f6.jpg	0	0.727791786	0.462033361	0.018758187	0.012335851	0.019089023
FisheyeCamera_1_00454_png.rf.69544c267e97e6de7d8ff36d70f8a8f6.jpg	0	0.725273311	0.462487727	0.014151427	0.013080598	0.009261106
FisheyeCamera_1_00454_png.rf.69544c267e97e6de7d8ff36d70f8a8f6.jpg	0	0.730524957	0.459841609	0.020632157	0.012745747	0.009174194
FisheyeCamera_1_00454_png.rf.69544c267e97e6de7d8ff36d70f8a8f6.jpg	0	0.69297272	0.460176617	0.009626389	0.008245358	0.002169455
FisheyeCamera_1_00454_png.rf.69544c267e97e6de7d8ff36d70f8a8f6.jpg	0	0.674434662	0.464847952	0.012505238	0.008924484	0.001664709
FisheyeCamera_1_00454_png.rf.69544c267e97e6de7d8ff36d70f8a8f6.jpg	7	0.64697355	0.468351275	0.007424502	0.008116943	0.001354913
FisheyeCamera_1_00454_png.rf.69544c267e97e6de7d8ff36d70f8a8f6.jpg	0	0.684244156	0.463113517	0.011884103	0.007525078	0.001107818
FisheyeCamera_1_00471_png.rf.eb0a04fb4ec3ae41bf4b96e27bd5d26d.jpg	0	0.339984059	0.45917502	0.027288951	0.084876798	0.893931806
FisheyeCamera_1_00471_png.rf.eb0a04fb4ec3ae41bf4b96e27bd5d26d.jpg	0	0.520206928	0.457617074	0.030942515	0.086675942	0.867364466
FisheyeCamera_1_00471_png.rf.eb0a04fb4ec3ae41bf4b96e27bd5d26d.jpg	0	0.595075309	0.466152608	0.013008522	0.009635339	0.007558594
FisheyeCamera_1_00471_png.rf.eb0a04fb4ec3ae41bf4b96e27bd5d26d.jpg	0	0.338893861	0.474128813	0.024577215	0.054236781	0.004277315
FisheyeCamera_1_00476_png.rf.9039468fbc1dab58476b697e479807f8.jpg	0	0.533178985	0.389854074	0.05625153	0.147147	0.930735648
FisheyeCamera_1_00476_png.rf.9039468fbc1dab58476b697e479807f8.jpg	0	0.252269357	0.400275826	0.041354749	0.129801944	0.567377508
FisheyeCamera_1_00479_png.rf.f7e77b725ba1e70b5dc8b0697e0b1f92.jpg	0	0.504361987	0.417465746	0.018510818	0.011889935	0.564328074
FisheyeCamera_1_00479_png.rf.f7e77b725ba1e70b5dc8b0697e0b1f92.jpg	5	0.931924045	0.501420617	0.014015932	0.026648706	0.354789466
FisheyeCamera_1_00479_png.rf.f7e77b725ba1e70b5dc8b0697e0b1f92.jpg	3	0.932073414	0.501467347	0.01383356	0.026811711	0.346928835
FisheyeCamera_1_00479_png.rf.f7e77b725ba1e70b5dc8b0697e0b1f92.jpg	0	0.732880533	0.402621061	0.040446281	0.022272222	0.041287933
FisheyeCamera_1_00479_png.rf.f7e77b725ba1e70b5dc8b0697e0b1f92.jpg	0	0.506128609	0.47614184	0.013963517	0.010352502	0.020776035
FisheyeCamera_1_00479_png.rf.f7e77b725ba1e70b5dc8b0697e0b1f92.jpg	0	0.506278038	0.473592967	0.011910549	0.009754548	0.009406709
FisheyeCamera_1_00479_png.rf.f7e77b725ba1e70b5dc8b0697e0b1f92.jpg	0	0.50976634	0.417757183	0.025556492	0.013397988	0.00578228
FisheyeCamera_1_00479_png.rf.f7e77b725ba1e70b5dc8b0697e0b1f92.jpg	0	0.505309939	0.414674819	0.02045228	0.01728344	0.003307802
FisheyeCamera_1_00479_png.rf.f7e77b725ba1e70b5dc8b0697e0b1f92.jpg	0	0.500284672	0.473177791	0.013179303	0.009054844	0.002852131
FisheyeCamera_1_00479_png.rf.f7e77b725ba1e70b5dc8b0697e0b1f92.jpg	0	0.497804254	0.417048037	0.027079877	0.013063137	0.001728294
FisheyeCamera_1_00480_png.rf.ff94615495e0c4eb7cd3a1cfce3cf2cd.jpg	3	0.951353848	0.496416122	0.012936372	0.026366051	0.467599571
FisheyeCamera_1_00480_png.rf.ff94615495e0c4eb7cd3a1cfce3cf2cd.jpg	0	0.503925979	0.412200809	0.017585168	0.013098167	0.427364767
FisheyeCamera_1_00480_png.rf.ff94615495e0c4eb7cd3a1cfce3cf2cd.jpg	0	0.74666959	0.392099917	0.042158861	0.025097225	0.244095057
FisheyeCamera_1_00480_png.rf.ff94615495e0c4eb7cd3a1cfce3cf2cd.jpg	0	0.500722289	0.413378298	0.021947861	0.012290478	0.110537983
FisheyeCamera_1_00480_png.rf.ff94615495e0c4eb7cd3a1cfce3cf2cd.jpg	0	0.505881011	0.472604096	0.012686143	0.008059392	0.012979087
FisheyeCamera_1_00480_png.rf.ff94615495e0c4eb7cd3a1cfce3cf2cd.jpg	0	0.500309587	0.472495139	0.013482865	0.007862751	0.009731595
FisheyeCamera_1_00480_png.rf.ff94615495e0c4eb7cd3a1cfce3cf2cd.jpg	0	0.505055606	0.475384325	0.014403233	0.011833191	0.001923149
FisheyeCamera_1_00509_png.rf.a4fdcf5053bc422a3b30b4cef69e5ea6.jpg	1	0.508414268	0.318640053	0.026521867	0.016805686	0.362577647
FisheyeCamera_1_00509_png.rf.a4fdcf5053bc422a3b30b4cef69e5ea6.jpg	0	0.507707179	0.319006562	0.028925788	0.018684572	0.200505614
FisheyeCamera_1_00509_png.rf.a4fdcf5053bc422a3b30b4cef69e5ea6.jpg	4	0.635836899	0.54555279	0.009195034	0.010421753	0.092075907
FisheyeCamera_1_00509_png.rf.a4fdcf5053bc422a3b30b4cef69e5ea6.jpg	4	0.639084995	0.546692491	0.009515029	0.009573204	0.020400481
FisheyeCamera_1_00509_png.rf.a4fdcf5053bc422a3b30b4cef69e5ea6.jpg	4	0.638961673	0.549781203	0.009872657	0.013302804	0.004168238
FisheyeCamera_1_00509_png.rf.a4fdcf5053bc422a3b30b4cef69e5ea6.jpg	4	0.636030197	0.549787223	0.009616486	0.013553216	0.001505078
FisheyeCamera_1_00509_png.rf.a4fdcf5053bc422a3b30b4cef69e5ea6.jpg	0	0.49902907	0.322012484	0.04040058	0.013124503	0.001290497
FisheyeCamera_1_00509_png.rf.a4fdcf5053bc422a3b30b4cef69e5ea6.jpg	13	0.637417257	0.543298364	0.006459603	0.015198892	0.001009142
FisheyeCamera_1_00587_png.rf.8f637c2480c931d014f8cc2877541abd.jpg	1	0.632771313	0.490081817	0.007954671	0.007521373	0.3100667
FisheyeCamera_1_00587_png.rf.8f637c2480c931d014f8cc2877541abd.jpg	1	0.633573413	0.489386469	0.011173836	0.006700883	0.227800831
FisheyeCamera_1_00587_png.rf.8f637c2480c931d014f8cc2877541abd.jpg	1	0.633630753	0.486613989	0.006964684	0.010734779	0.080426626
FisheyeCamera_1_00587_png.rf.8f637c2480c931d014f8cc2877541abd.jpg	12	0.535902023	0.547878146	0.009318756	0.009232888	0.029906109
FisheyeCamera_1_00587_png.rf.8f637c2480c931d014f8cc2877541abd.jpg	12	0.539307892	0.547961414	0.009057633	0.009346412	0.022228178
FisheyeCamera_1_00587_png.rf.8f637c2480c931d014f8cc2877541abd.jpg	1	0.624955595	0.490310878	0.012626722	0.007624627	0.016025478
FisheyeCamera_1_00587_png.rf.8f637c2480c931d014f8cc2877541abd.jpg	12	0.535636544	0.551221967	0.008810997	0.010342965	0.006801577
FisheyeCamera_1_00587_png.rf.8f637c2480c931d014f8cc2877541abd.jpg	1	0.604738891	0.492263824	0.007841954	0.005985664	0.005641793
FisheyeCamera_1_00587_png.rf.8f637c2480c931d014f8cc2877541abd.jpg	1	0.625047565	0.486400396	0.012783051	0.010398315	0.004271344
FisheyeCamera_1_00587_png.rf.8f637c2480c931d014f8cc2877541abd.jpg	12	0.53866899	0.550614655	0.010311054	0.011505494	0.004032684
FisheyeCamera_1_00594_png.rf.dc0e60f4633360af03461b14c31a1454.jpg	4	0.520578384	0.546322346	0.007903943	0.011639412	0.736552715
FisheyeCamera_1_00594_png.rf.dc0e60f4633360af03461b14c31a1454.jpg	1	0.623858929	0.483668894	0.010799555	0.00562191	0.28066048
FisheyeCamera_1_00594_png.rf.dc0e60f4633360af03461b14c31a1454.jpg	1	0.628624737	0.48322019	0.011664538	0.006105606	0.185392052
FisheyeCamera_1_00594_png.rf.dc0e60f4633360af03461b14c31a1454.jpg	1	0.634795845	0.484308541	0.010217887	0.008005693	0.041362137
FisheyeCamera_1_00594_png.rf.dc0e60f4633360af03461b14c31a1454.jpg	1	0.612238884	0.484114677	0.012333687	0.006251519	0.005256113
FisheyeCamera_1_00594_png.rf.dc0e60f4633360af03461b14c31a1454.jpg	1	0.616722047	0.48459655	0.012903654	0.007181718	0.004649325
FisheyeCamera_1_00594_png.rf.dc0e60f4633360af03461b14c31a1454.jpg	1	0.638088167	0.483178169	0.01233233	0.006125854	0.002868759
FisheyeCamera_1_00594_png.rf.dc0e60f4633360af03461b14c31a1454.jpg	12	0.520608783	0.548877954	0.008549104	0.014989633	0.001612465
FisheyeCamera_1_00600_png.rf.99bc40dcb86cb45b4425a2604dd3cd8d.jpg	4	0.496207446	0.545421362	0.009988198	0.015517529	0.88487947
FisheyeCamera_1_00600_png.rf.99bc40dcb86cb45b4425a2604dd3cd8d.jpg	1	0.617140591	0.476571113	0.009992966	0.009441926	0.198756114
FisheyeCamera_1_00600_png.rf.99bc40dcb86cb45b4425a2604dd3cd8d.jpg	1	0.619870484	0.473799199	0.008590698	0.010103996	0.116647959
FisheyeCamera_1_00600_png.rf.99bc40dcb86cb45b4425a2604dd3cd8d.jpg	1	0.612154007	0.477269858	0.011939453	0.008175006	0.013665439
FisheyeCamera_1_00600_png.rf.99bc40dcb86cb45b4425a2604dd3cd8d.jpg	4	0.498861581	0.545076072	0.015072824	0.015264329	0.004312797
FisheyeCamera_1_00600_png.rf.99bc40dcb86cb45b4425a2604dd3cd8d.jpg	1	0.612266302	0.473531753	0.0120821	0.009580209	0.003295602
FisheyeCamera_1_00604_png.rf.fd483074d74e8bee0d71bb87e77ab3ef.jpg	4	0.473205298	0.54363358	0.012490456	0.01766645	0.791928291
FisheyeCamera_1_00604_png.rf.fd483074d74e8bee0d71bb87e77ab3ef.jpg	1	0.605199695	0.469388396	0.009830658	0.007051688	0.524451494
FisheyeCamera_1_00604_png.rf.fd483074d74e8bee0d71bb87e77ab3ef.jpg	1	0.608667195	0.467831343	0.015581535	0.011431584	0.014401131
FisheyeCamera_1_00604_png.rf.fd483074d74e8bee0d71bb87e77ab3ef.jpg	1	0.6145522	0.469116956	0.014406571	0.008080666	0.008378559
FisheyeCamera_1_00604_png.rf.fd483074d74e8bee0d71bb87e77ab3ef.jpg	1	0.600967824	0.469457656	0.014504434	0.00757885	0.001015946
FisheyeCamera_1_00615_png.rf.6b8b9a4df61e83d15119053ea613f434.jpg	4	0.338890374	0.526198685	0.024438161	0.035685137	0.784785271
FisheyeCamera_1_00615_png.rf.6b8b9a4df61e83d15119053ea613f434.jpg	1	0.56014204	0.443974406	0.013295945	0.009417314	0.628064632
FisheyeCamera_1_00615_png.rf.6b8b9a4df61e83d15119053ea613f434.jpg	5	0.33898297	0.525899708	0.025205979	0.034795102	0.04145759
FisheyeCamera_1_00615_png.rf.6b8b9a4df61e83d15119053ea613f434.jpg	13	0.338892728	0.526608646	0.025503416	0.035089493	0.03643287
FisheyeCamera_1_00631_png.rf.ef7fde7123c71d075628496a468eb1df.jpg	1	0.510523915	0.345467955	0.025651712	0.016487012	0.758208454
FisheyeCamera_1_00631_png.rf.ef7fde7123c71d075628496a468eb1df.jpg	3	0.436205894	0.547424316	0.009915756	0.011707489	0.013482139
FisheyeCamera_1_00631_png.rf.ef7fde7123c71d075628496a468eb1df.jpg	11	0.439125359	0.547783136	0.009310539	0.011619348	0.001973643
FisheyeCamera_1_00922_png.rf.408835a278b9c700eb1a2f358ca58d07.jpg	1	0.18415232	0.487822622	0.0096793	0.007428353	0.010905217
FisheyeCamera_1_00922_png.rf.408835a278b9c700eb1a2f358ca58d07.jpg	1	0.183227032	0.491024315	0.009994306	0.007368491	0.01011877
FisheyeCamera_1_00922_png.rf.408835a278b9c700eb1a2f358ca58d07.jpg	0	0.16077362	0.485293984	0.009113826	0.009054954	0.001641591
FisheyeCamera_1_00922_png.rf.408835a278b9c700eb1a2f358ca58d07.jpg	1	0.184437633	0.487691969	0.008753337	0.012902333	0.001118533
FisheyeCamera_1_01013_png.rf.9464970b75fa02363baae3c682e99f39.jpg	0	0.569448173	0.510267138	0.012486752	0.008339882	0.601375043
FisheyeCamera_1_01013_png.rf.9464970b75fa02363baae3c682e99f39.jpg	0	0.537373185	0.509849846	0.009229881	0.008183002	0.475541532
FisheyeCamera_1_01013_png.rf.9464970b75fa02363baae3c682e99f39.jpg	0	0.538597107	0.5107131	0.011908349	0.009047692	0.370121807
FisheyeCamera_1_01013_png.rf.9464970b75fa02363baae3c682e99f39.jpg	0	0.566580296	0.509320378	0.01118715	0.009373078	0.203422725
FisheyeCamera_1_01013_png.rf.9464970b75fa02363baae3c682e99f39.jpg	0	0.684311748	0.434336305	0.022832284	0.015887445	0.119557537
FisheyeCamera_1_01013_png.rf.9464970b75fa02363baae3c682e99f39.jpg	0	0.725715399	0.44743076	0.018338203	0.015463647	0.100678161
FisheyeCamera_1_01013_png.rf.9464970b75fa02363baae3c682e99f39.jpg	0	0.538743615	0.513284147	0.011753082	0.011014938	0.021815192
FisheyeCamera_1_01013_png.rf.9464970b75fa02363baae3c682e99f39.jpg	0	0.568889737	0.512839913	0.010921845	0.011895474	0.021289019
FisheyeCamera_1_01013_png.rf.9464970b75fa02363baae3c682e99f39.jpg	7	0.55667603	0.54349041	0.003315559	0.008858497	0.019376572
FisheyeCamera_1_01013_png.rf.9464970b75fa02363baae3c682e99f39.jpg	0	0.572774589	0.510120392	0.017871087	0.008991939	0.002295312
FisheyeCamera_1_01013_png.rf.9464970b75fa02363baae3c682e99f39.jpg	0	0.536674738	0.513352215	0.010885533	0.010941323	0.001398
FisheyeCamera_1_01013_png.rf.9464970b75fa02363baae3c682e99f39.jpg	0	0.563119113	0.510119379	0.014091309	0.008575623	0.001382233
FisheyeCamera_1_01026_png.rf.dfb591570ded3c052e6641cb4f2d80c1.jpg	0	0.440805227	0.495887935	0.014033722	0.009352281	0.807349563
FisheyeCamera_1_01026_png.rf.dfb591570ded3c052e6641cb4f2d80c1.jpg	0	0.399513632	0.493380278	0.016710723	0.010328476	0.626307905
FisheyeCamera_1_01026_png.rf.dfb591570ded3c052e6641cb4f2d80c1.jpg	0	0.441979289	0.493934125	0.016441235	0.013970193	0.156802297
FisheyeCamera_1_01026_png.rf.dfb591570ded3c052e6641cb4f2d80c1.jpg	0	0.403905362	0.493258744	0.02115356	0.013509751	0.069901407
FisheyeCamera_1_01026_png.rf.dfb591570ded3c052e6641cb4f2d80c1.jpg	7	0.421058685	0.541071177	0.004909112	0.009735988	0.038359579
FisheyeCamera_1_01026_png.rf.dfb591570ded3c052e6641cb4f2d80c1.jpg	0	0.440415829	0.499073118	0.011970043	0.014523691	0.019959187
FisheyeCamera_1_01026_png.rf.dfb591570ded3c052e6641cb4f2d80c1.jpg	0	0.394738793	0.492783934	0.016165294	0.013605119	0.003600452
FisheyeCamera_1_01026_png.rf.dfb591570ded3c052e6641cb4f2d80c1.jpg	1	0.487817377	0.486502677	0.006527534	0.021974968	0.00160558
FisheyeCamera_1_01026_png.rf.dfb591570ded3c052e6641cb4f2d80c1.jpg	0	0.400981933	0.489119142	0.020401478	0.015843978	0.001379647
FisheyeCamera_1_01037_png.rf.870a2a09f0f8cb2a0b5f4a4a3b3ccadc.jpg	0	0.311975151	0.464455515	0.021247957	0.012871376	0.720368445
FisheyeCamera_1_01037_png.rf.870a2a09f0f8cb2a0b5f4a4a3b3ccadc.jpg	0	0.370889962	0.469781518	0.019661354	0.011972427	0.581248999
FisheyeCamera_1_01037_png.rf.870a2a09f0f8cb2a0b5f4a4a3b3ccadc.jpg	1	0.369902194	0.468694746	0.018361825	0.014289563	0.019219693
FisheyeCamera_1_01037_png.rf.870a2a09f0f8cb2a0b5f4a4a3b3ccadc.jpg	7	0.371440321	0.538523376	0.00551774	0.011722969	0.007250388
FisheyeCamera_1_01037_png.rf.870a2a09f0f8cb2a0b5f4a4a3b3ccadc.jpg	0	0.373473108	0.472288221	0.019654531	0.018625846	0.002817342
FisheyeCamera_1_01037_png.rf.870a2a09f0f8cb2a0b5f4a4a3b3ccadc.jpg	1	0.439557821	0.456206053	0.010841187	0.035200231	0.001687081
FisheyeCamera_1_01037_png.rf.870a2a09f0f8cb2a0b5f4a4a3b3ccadc.jpg	1	0.436091036	0.466101557	0.01387941	0.013977785	0.001181102
FisheyeCamera_1_01082_png.rf.da2e5bebfb023e66aacd368902a130ef.jpg	1	0.801139891	0.502096474	0.010437819	0.02716171	0.706381977
FisheyeCamera_1_01082_png.rf.da2e5bebfb023e66aacd368902a130ef.jpg	1	0.683892787	0.506455839	0.007087708	0.005131648	0.001763509
FisheyeCamera_1_01086_png.rf.dd1b44b6d6e2e2da3f3f6ab8f823bc01.jpg	1	0.779238939	0.502243936	0.010433418	0.027482621	0.739152014
FisheyeCamera_1_01086_png.rf.dd1b44b6d6e2e2da3f3f6ab8f823bc01.jpg	1	0.634756923	0.509221673	0.007560143	0.006455642	0.120953582
FisheyeCamera_1_01086_png.rf.dd1b44b6d6e2e2da3f3f6ab8f823bc01.jpg	1	0.637678623	0.509256363	0.013186675	0.006885419	0.001832454
FisheyeCamera_1_01090_png.rf.663e34306a969d1e2d3f1ca290e1ddd7.jpg	1	0.754059911	0.501000047	0.011663804	0.030299114	0.723152399
FisheyeCamera_1_01090_png.rf.663e34306a969d1e2d3f1ca290e1ddd7.jpg	1	0.578870356	0.509446621	0.008256435	0.006839056	0.006973929
FisheyeCamera_1_01090_png.rf.663e34306a969d1e2d3f1ca290e1ddd7.jpg	1	0.755488932	0.500436366	0.016219726	0.030655863	0.003140609
FisheyeCamera_1_01098_png.rf.e141b30ac0a11cc0c857435f655656fc.jpg	1	0.808303416	0.481635273	0.014380602	0.04076536	0.814718962
FisheyeCamera_1_01098_png.rf.e141b30ac0a11cc0c857435f655656fc.jpg	1	0.552618325	0.505278289	0.011741456	0.00438052	0.021393184
FisheyeCamera_1_01098_png.rf.e141b30ac0a11cc0c857435f655656fc.jpg	1	0.549316883	0.505294144	0.011519836	0.004430184	0.021382343
FisheyeCamera_1_01099_png.rf.d3e2606bc19452ecaec7548723f05a0b.jpg	1	0.818299115	0.477001637	0.014960803	0.041473646	0.80824405
FisheyeCamera_1_01099_png.rf.d3e2606bc19452ecaec7548723f05a0b.jpg	1	0.549773335	0.504451096	0.012280171	0.006090348	0.063027605
FisheyeCamera_1_01099_png.rf.d3e2606bc19452ecaec7548723f05a0b.jpg	1	0.551399708	0.504577518	0.01199836	0.005223935	0.02065381
FisheyeCamera_1_01104_png.rf.1c0a4fa66929930288c5ff6e293ca501.jpg	1	0.860644162	0.459485888	0.016554466	0.05171233	0.797462583
FisheyeCamera_1_01104_png.rf.1c0a4fa66929930288c5ff6e293ca501.jpg	1	0.518009007	0.502551258	0.010361965	0.007650192	0.278166413
FisheyeCamera_1_01104_png.rf.1c0a4fa66929930288c5ff6e293ca501.jpg	1	0.518117249	0.499222547	0.010106747	0.010953721	0.025781941
FisheyeCamera_1_01104_png.rf.1c0a4fa66929930288c5ff6e293ca501.jpg	1	0.512674987	0.50258863	0.013030236	0.007863045	0.008165129
FisheyeCamera_1_01104_png.rf.1c0a4fa66929930288c5ff6e293ca501.jpg	0	0.86454016	0.515633762	0.008702866	0.024670601	0.002024602
FisheyeCamera_1_01104_png.rf.1c0a4fa66929930288c5ff6e293ca501.jpg	13	0.089743048	0.522616386	0.008765725	0.009147095	0.001353599
FisheyeCamera_1_01147_png.rf.4b377ccbafe830dd921c6b606ab4f94a.jpg	1	0.436203688	0.409234256	0.016186532	0.011059174	0.290264785
FisheyeCamera_1_01147_png.rf.4b377ccbafe830dd921c6b606ab4f94a.jpg	1	0.438665152	0.408352762	0.019281095	0.01158905	0.20234713
FisheyeCamera_1_01147_png.rf.4b377ccbafe830dd921c6b606ab4f94a.jpg	0	0.446514875	0.405356139	0.033626962	0.014395164	0.017683575
FisheyeCamera_1_01147_png.rf.4b377ccbafe830dd921c6b606ab4f94a.jpg	1	0.434520155	0.411941141	0.015975218	0.013999573	0.01597394
FisheyeCamera_1_01147_png.rf.4b377ccbafe830dd921c6b606ab4f94a.jpg	1	0.42446062	0.41380626	0.014438042	0.011845406	0.001467734
road104_png.rf.4468adcd7c2dcfc04377146de785c0a6.jpg	11	0.491303891	0.486017674	0.71734035	0.875337481	0.968411505
road108_png.rf.9655ebb7a27af56ab1d0360d10685ec8.jpg	6	0.451895326	0.54348129	0.028874766	0.047963142	0.233355209
road108_png.rf.9655ebb7a27af56ab1d0360d10685ec8.jpg	10	0.452046484	0.544041336	0.028668331	0.048091888	0.132724971
road108_png.rf.9655ebb7a27af56ab1d0360d10685ec8.jpg	9	0.451801687	0.543664098	0.028217537	0.04810458	0.078880727
road108_png.rf.9655ebb7a27af56ab1d0360d10685ec8.jpg	7	0.451829255	0.54408133	0.028352335	0.048230171	0.056284703
road108_png.rf.9655ebb7a27af56ab1d0360d10685ec8.jpg	1	0.892390192	0.202661529	0.020818343	0.025715921	0.011272699
road108_png.rf.9655ebb7a27af56ab1d0360d10685ec8.jpg	1	0.894502103	0.202063709	0.026332857	0.029580979	0.001186205
road109_png.rf.c7fd39b9ac59c325ec73dc6b5ece99fd.jpg	8	0.650325239	0.514434874	0.07492242	0.111760728	0.939294994
road112_png.rf.b765c2b5d3a2145d317b0ceadfb08464.jpg	5	0.51345408	0.310258627	0.322376162	0.502039909	0.964932263
road11_png.rf.40b76142a629faa238c042bcb209cc27.jpg	0	0.493725806	0.386160463	0.042108133	0.117866524	0.772088945
road11_png.rf.40b76142a629faa238c042bcb209cc27.jpg	0	0.814673841	0.620186508	0.04596094	0.099160746	0.583978832
road11_png.rf.40b76142a629faa238c042bcb209cc27.jpg	1	0.707200289	0.145891428	0.037991524	0.020298032	0.102190778
road11_png.rf.40b76142a629faa238c042bcb209cc27.jpg	1	0.898375928	0.051106837	0.035263062	0.1018271	0.043266404
road11_png.rf.40b76142a629faa238c042bcb209cc27.jpg	1	0.891344666	0.075579002	0.055798385	0.151158005	0.042492304
road11_png.rf.40b76142a629faa238c042bcb209cc27.jpg	1	0.899028361	0.035993766	0.033646218	0.071987532	0.012339936
road11_png.rf.40b76142a629faa238c042bcb209cc27.jpg	1	0.886668742	0.045891274	0.055617336	0.091782548	0.011828059
road11_png.rf.40b76142a629faa238c042bcb209cc27.jpg	1	0.895858884	0.061475407	0.042585522	0.122950815	0.007332272
road11_png.rf.40b76142a629faa238c042bcb209cc27.jpg	1	0.702268481	0.146544203	0.050433747	0.022430036	0.006815854
road11_png.rf.40b76142a629faa238c042bcb209cc27.jpg	0	0.893920779	0.073921517	0.052866939	0.146452576	0.003123162
road11_png.rf.40b76142a629faa238c042bcb209cc27.jpg	1	0.879002512	0.02871971	0.043825958	0.05743942	0.002180296
road11_png.rf.40b76142a629faa238c042bcb209cc27.jpg	1	0.888163209	0.02269038	0.046989076	0.04538076	0.002001037
road11_png.rf.40b76142a629faa238c042bcb209cc27.jpg	0	0.807388425	0.600903928	0.076668523	0.143829539	0.001497785
road11_png.rf.40b76142a629faa238c042bcb209cc27.jpg	7	0.996375144	0.662955105	0.007249833	0.079391629	0.001434941
road11_png.rf.40b76142a629faa238c042bcb209cc27.jpg	1	0.736363947	0.763847351	0.034442611	0.029786257	0.001058859
road11_png.rf.40b76142a629faa238c042bcb209cc27.jpg	1	0.727169633	0.763328135	0.047484547	0.030726435	0.00104851
road157_png.rf.e48c88408b366592b950018ee5d6426d.jpg	8	0.724696696	0.207974657	0.119110331	0.090273619	0.952976525
road16_png.rf.9aba07c7ac70aab405028e7e8a750fb7.jpg	1	0.586555123	0.255241394	0.03924568	0.154832587	0.87219733
road16_png.rf.9aba07c7ac70aab405028e7e8a750fb7.jpg	1	0.586284816	0.724682629	0.02467482	0.022952154	0.02034154
road16_png.rf.9aba07c7ac70aab405028e7e8a750fb7.jpg	1	0.584325731	0.741729975	0.021468751	0.05888807	0.009429882
road16_png.rf.9aba07c7ac70aab405028e7e8a750fb7.jpg	11	0.271274894	0.921021104	0.096878476	0.142813548	0.006238784
road16_png.rf.9aba07c7ac70aab405028e7e8a750fb7.jpg	1	0.283874959	0.473888159	0.037675198	0.084957123	0.004999831
road16_png.rf.9aba07c7ac70aab405028e7e8a750fb7.jpg	1	0.369847834	0.464808494	0.020904249	0.034922417	0.002767173
road16_png.rf.9aba07c7ac70aab405028e7e8a750fb7.jpg	1	0.635494113	0.51549536	0.011796951	0.048327081	0.002496275
road16_png.rf.9aba07c7ac70aab405028e7e8a750fb7.jpg	10	0.271076262	0.921938539	0.099818029	0.145323023	0.002462007
road16_png.rf.9aba07c7ac70aab405028e7e8a750fb7.jpg	1	0.580838025	0.723243237	0.034462929	0.02279355	0.0022471
road16_png.rf.9aba07c7ac70aab405028e7e8a750fb7.jpg	1	0.642025173	0.517021358	0.019090727	0.042168215	0.001803484
road16_png.rf.9aba07c7ac70aab405028e7e8a750fb7.jpg	0	0.28238079	0.493223637	0.037901256	0.042775705	0.001527482
road16_png.rf.9aba07c7ac70aab405028e7e8a750fb7.jpg	1	0.371224344	0.461346865	0.018370226	0.026242331	0.001162148
road16_png.rf.9aba07c7ac70aab405028e7e8a750fb7.jpg	1	0.051883049	0.392867088	0.078840606	0.050969236	0.001142576
road196_png.rf.6aa5da1b76ad6487d317d27963cc00d1.jpg	8	0.562134802	0.32101199	0.225778654	0.166849002	0.930889547
road196_png.rf.6aa5da1b76ad6487d317d27963cc00d1.jpg	1	0.729719043	0.761244416	0.019893279	0.011003128	0.002189609
road19_png.rf.05e1657af2361aab3c4d5deb43b29087.jpg	0	0.408487558	0.328658104	0.067848392	0.117251784	0.417098284
road19_png.rf.05e1657af2361aab3c4d5deb43b29087.jpg	0	0.417633504	0.177634791	0.109710515	0.070091009	0.015802031
road19_png.rf.05e1657af2361aab3c4d5deb43b29087.jpg	0	0.42072016	0.166158468	0.10591419	0.041096788	0.004123316
road19_png.rf.05e1657af2361aab3c4d5deb43b29087.jpg	1	0.466983229	0.342735589	0.045724284	0.107838839	0.001665089
road19_png.rf.05e1657af2361aab3c4d5deb43b29087.jpg	11	0.034742232	0.086780369	0.069484465	0.1479702	0.001426058
road19_png.rf.05e1657af2361aab3c4d5deb43b29087.jpg	0	0.340347975	0.155698344	0.041535709	0.034820743	0.001191775
road19_png.rf.05e1657af2361aab3c4d5deb43b29087.jpg	0	0.467486441	0.342031419	0.044884611	0.110155806	0.0011783
road243_png.rf.555053220adbac3849def1e4105008fd.jpg	12	0.482977778	0.610309422	0.04005491	0.034001537	0.767905951
road243_png.rf.555053220adbac3849def1e4105008fd.jpg	12	0.525385857	0.609798908	0.041378021	0.033435054	0.564475954
road243_png.rf.555053220adbac3849def1e4105008fd.jpg	3	0.525834322	0.610115528	0.041864105	0.033088319	0.458847612
road243_png.rf.555053220adbac3849def1e4105008fd.jpg	3	0.482717127	0.61011517	0.039888311	0.03383534	0.4491359
road254_png.rf.5ed92d428851755882973a8e28944076.jpg	8	0.442459553	0.242288679	0.155564785	0.119377747	0.947780073
road254_png.rf.5ed92d428851755882973a8e28944076.jpg	1	0.039585557	0.783945858	0.015979612	0.034700908	0.001551242
road260_png.rf.47ad1e33078da07b4bf3b0e5712c926d.jpg	8	0.54374218	0.412239224	0.224370271	0.180522516	0.93561393
road277_png.rf.3f53c2534447d823337f731b63c65c75.jpg	8	0.661593854	0.324106991	0.194116592	0.143895864	0.965445161
road277_png.rf.3f53c2534447d823337f731b63c65c75.jpg	12	0.055802319	0.996118009	0.018226312	0.007229439	0.009514811
road277_png.rf.3f53c2534447d823337f731b63c65c75.jpg	12	0.057247777	0.995789766	0.028472485	0.008420577	0.002229323
road286_png.rf.702db0cc9906e626d838a77a4e79244d.jpg	8	0.477755278	0.423488081	0.226390183	0.169909194	0.932356358
road286_png.rf.702db0cc9906e626d838a77a4e79244d.jpg	0	0.989690065	0.520832181	0.020619834	0.118275829	0.001201067
road288_png.rf.db64fffa70c02e58aabcbb10e3a19798.jpg	8	0.398693472	0.471759886	0.118045226	0.08965034	0.917335272
road289_png.rf.ba6012fe8a27d9f53d8d66bb29db5ad8.jpg	14	0.349500179	0.458341032	0.273215115	0.212916747	0.946278989
road289_png.rf.ba6012fe8a27d9f53d8d66bb29db5ad8.jpg	0	0.909673572	0.899030566	0.179351076	0.201938853	0.767904758
road289_png.rf.ba6012fe8a27d9f53d8d66bb29db5ad8.jpg	0	0.846132755	0.896850646	0.059641622	0.206298843	0.001631839
road289_png.rf.ba6012fe8a27d9f53d8d66bb29db5ad8.jpg	0	0.935514212	0.902661502	0.128971696	0.193412647	0.001235723
road28_png.rf.d0de3563c76ae8b60ecdaf41757d472b.jpg	1	0.449459106	0.079072192	0.038143709	0.142727181	0.826329827
road28_png.rf.d0de3563c76ae8b60ecdaf41757d472b.jpg	1	0.448792756	0.060316093	0.033878144	0.100382835	0.045151182
road28_png.rf.d0de3563c76ae8b60ecdaf41757d472b.jpg	1	0.70215106	0.311522275	0.042527568	0.167516991	0.001157839
road305_png.rf.f807df671677244a7387d2ffbe200f58.jpg	8	0.541556001	0.42068103	0.484778851	0.540864944	0.949567854
road305_png.rf.f807df671677244a7387d2ffbe200f58.jpg	8	0.759714901	0.838245273	0.289480627	0.322281271	0.002048245
road312_png.rf.ad2229fb2f7e136d7747b9568f121af4.jpg	8	0.293042988	0.375136018	0.516015172	0.556283116	0.950312495
road312_png.rf.ad2229fb2f7e136d7747b9568f121af4.jpg	11	0.512912154	0.81932348	0.289969832	0.360825688	0.011532991
road314_png.rf.697a2d138347ee6ee2da288b2ffe8e9d.jpg	8	0.475413114	0.491922319	0.183214739	0.140675843	0.976020038
road314_png.rf.697a2d138347ee6ee2da288b2ffe8e9d.jpg	8	0.172680125	0.714168966	0.090401709	0.068758599	0.896805644
road314_png.rf.697a2d138347ee6ee2da288b2ffe8e9d.jpg	8	0.172928765	0.764973104	0.085769214	0.082966439	0.00247578
road314_png.rf.697a2d138347ee6ee2da288b2ffe8e9d.jpg	0	0.805108905	0.757437229	0.029969804	0.018349208	0.002433227
road314_png.rf.697a2d138347ee6ee2da288b2ffe8e9d.jpg	0	0.809451938	0.756670594	0.029135706	0.018291915	0.002039123
road320_png.rf.65f55afb9e0eb549cb01be72786c8b42.jpg	8	0.612278283	0.59893477	0.164225981	0.123556912	0.945676982
road320_png.rf.65f55afb9e0eb549cb01be72786c8b42.jpg	1	0.373462945	0.721632481	0.020408411	0.013267591	0.001057666
road321_png.rf.f9c13308da074b8ee78f43f6c7ea54f3.jpg	8	0.517006636	0.48063001	0.138532355	0.104021259	0.945291579
road321_png.rf.f9c13308da074b8ee78f43f6c7ea54f3.jpg	0	0.354252338	0.020090256	0.321929216	0.040180512	0.011239219
road321_png.rf.f9c13308da074b8ee78f43f6c7ea54f3.jpg	8	0.338455647	0.664505184	0.04760702	0.051068086	0.008556882
road321_png.rf.f9c13308da074b8ee78f43f6c7ea54f3.jpg	0	0.340652943	0.018840447	0.224574551	0.037275918	0.008424123
road321_png.rf.f9c13308da074b8ee78f43f6c7ea54f3.jpg	7	0.341766953	0.609317482	0.04760702	0.053455941	0.002338955
road321_png.rf.f9c13308da074b8ee78f43f6c7ea54f3.jpg	1	0.377077997	0.023682224	0.346457243	0.047364447	0.001771764
road321_png.rf.f9c13308da074b8ee78f43f6c7ea54f3.jpg	1	0.152336672	0.009106519	0.165556401	0.018213037	0.001632388
road321_png.rf.f9c13308da074b8ee78f43f6c7ea54f3.jpg	0	0.159518108	0.010545213	0.170470104	0.021090426	0.001386075
road321_png.rf.f9c13308da074b8ee78f43f6c7ea54f3.jpg	1	0.276536405	0.017950056	0.481960863	0.035900112	0.001372888
road321_png.rf.f9c13308da074b8ee78f43f6c7ea54f3.jpg	8	0.341736436	0.609211147	0.04904373	0.054558758	0.001248693
road321_png.rf.f9c13308da074b8ee78f43f6c7ea54f3.jpg	9	0.341618806	0.608832479	0.049580649	0.056065194	0.0010422
road322_png.rf.6028574359019d435c66689704d0418f.jpg	8	0.424695522	0.451139182	0.152782813	0.159475476	0.958281219
road322_png.rf.6028574359019d435c66689704d0418f.jpg	8	0.472300738	0.450329125	0.244191185	0.160144404	0.001471109
road322_png.rf.6028574359019d435c66689704d0418f.jpg	0	0.857178926	0.507021427	0.250707865	0.985957205	0.001413696
road322_png.rf.6028574359019d435c66689704d0418f.jpg	9	0.016894177	0.026332224	0.033642262	0.052041091	0.001264999
road323_png.rf.b843dd95b3d22917710ac75cca4a57b0.jpg	14	0.565701902	0.413998485	0.247721314	0.182705298	0.911601663
road323_png.rf.b843dd95b3d22917710ac75cca4a57b0.jpg	9	0.60002166	0.614636958	0.27373904	0.208085611	0.852570653
road339_png.rf.a176f5700f7182473dd4c3a268ebcbbd.jpg	14	0.500983715	0.261508077	0.367290765	0.285610586	0.967878163
road351_png.rf.917ea4e951348855c275b66bb4d890ad.jpg	8	0.506784141	0.382533371	0.259571224	0.19675912	0.94897449
road351_png.rf.917ea4e951348855c275b66bb4d890ad.jpg	0	0.895714402	0.529275715	0.067713007	0.212478459	0.018371383
road351_png.rf.917ea4e951348855c275b66bb4d890ad.jpg	8	0.597470701	0.01025594	0.138280064	0.020511881	0.003437346
road351_png.rf.917ea4e951348855c275b66bb4d890ad.jpg	0	0.594515026	0.007732956	0.14128077	0.015465912	0.001693592
road353_png.rf.deb497f4908212e3409c887fbb0544df.jpg	8	0.446945101	0.497634113	0.202738404	0.14260751	0.942322671
road353_png.rf.deb497f4908212e3409c887fbb0544df.jpg	1	0.268521935	0.004391043	0.043061387	0.008782085	0.007667903
road353_png.rf.deb497f4908212e3409c887fbb0544df.jpg	8	0.670415044	0.107258454	0.06511762	0.043374319	0.006854352
road353_png.rf.deb497f4908212e3409c887fbb0544df.jpg	0	0.384134889	0.014773243	0.11272002	0.029546486	0.002221638
road353_png.rf.deb497f4908212e3409c887fbb0544df.jpg	0	0.683645725	0.005955101	0.06793382	0.011910202	0.001857559
road353_png.rf.deb497f4908212e3409c887fbb0544df.jpg	0	0.331535757	0.006435751	0.027861156	0.012871501	0.001622603
road353_png.rf.deb497f4908212e3409c887fbb0544df.jpg	8	0.390963495	0.015426922	0.130718499	0.030610258	0.001591293
road353_png.rf.deb497f4908212e3409c887fbb0544df.jpg	0	0.661642015	0.00555728	0.069164574	0.011114561	0.001534172
road353_png.rf.deb497f4908212e3409c887fbb0544df.jpg	10	0.352342904	0.019086776	0.23299332	0.038173553	0.001303153
road353_png.rf.deb497f4908212e3409c887fbb0544df.jpg	1	0.052390706	0.005645517	0.028393535	0.011291034	0.001261987
road353_png.rf.deb497f4908212e3409c887fbb0544df.jpg	0	0.03676952	0.092415482	0.059331451	0.024563679	0.001037497
road355_png.rf.c43f3ac674a10af91051d8cb228747ad.jpg	8	0.415258199	0.374296248	0.184295878	0.135686964	0.963999927
road355_png.rf.c43f3ac674a10af91051d8cb228747ad.jpg	8	0.769279718	0.011494946	0.093699969	0.022898439	0.005615338
road362_png.rf.765355e68b8097399c60024a6f28840c.jpg	8	0.393798828	0.495589286	0.2258109	0.169784442	0.924236834
road367_png.rf.68facda4326805592fce6d2bfb2dba6c.jpg	7	0.437342525	0.428420007	0.1280386	0.100103348	0.965359569
road367_png.rf.68facda4326805592fce6d2bfb2dba6c.jpg	1	0.083370805	0.071410574	0.020448158	0.01430036	0.001334974
road388_png.rf.cc49d1d1343172eaa95da35bf070a7d3.jpg	13	0.537576854	0.383187383	0.112516589	0.083493233	0.950291932
road388_png.rf.cc49d1d1343172eaa95da35bf070a7d3.jpg	3	0.049745478	0.511372089	0.03266846	0.019840792	0.002105308
road388_png.rf.cc49d1d1343172eaa95da35bf070a7d3.jpg	1	0.42498824	0.768350482	0.022580845	0.016486168	0.001745286
road38_png.rf.8b6e15b041aab397eb10b38728fa1e15.jpg	1	0.752808809	0.737174153	0.137051001	0.444177836	0.769057393
road38_png.rf.8b6e15b041aab397eb10b38728fa1e15.jpg	1	0.136221007	0.182536557	0.107873783	0.363126725	0.504867852
road38_png.rf.8b6e15b041aab397eb10b38728fa1e15.jpg	2	0.251137823	0.033985	0.076788902	0.067872584	0.013317443
road38_png.rf.8b6e15b041aab397eb10b38728fa1e15.jpg	0	0.008178024	0.043857176	0.015769776	0.087714352	0.008009129
road38_png.rf.8b6e15b041aab397eb10b38728fa1e15.jpg	1	0.129551783	0.357762486	0.131927326	0.715524971	0.007810769
road38_png.rf.8b6e15b041aab397eb10b38728fa1e15.jpg	1	0.127369553	0.151979968	0.092539892	0.301453322	0.00575916
road38_png.rf.8b6e15b041aab397eb10b38728fa1e15.jpg	1	0.005455755	0.044622846	0.010807499	0.089245692	0.005262459
road38_png.rf.8b6e15b041aab397eb10b38728fa1e15.jpg	1	0.014637641	0.044334289	0.024914866	0.088607766	0.004918892
road38_png.rf.8b6e15b041aab397eb10b38728fa1e15.jpg	2	0.263735831	0.034551781	0.049448822	0.069103561	0.004075997
road38_png.rf.8b6e15b041aab397eb10b38728fa1e15.jpg	1	0.10967546	0.187304556	0.16151005	0.373379678	0.003920618
road38_png.rf.8b6e15b041aab397eb10b38728fa1e15.jpg	1	0.009333596	0.045472026	0.018465374	0.090944052	0.003217841
road38_png.rf.8b6e15b041aab397eb10b38728fa1e15.jpg	1	0.57020992	0.013598736	0.064502351	0.027032606	0.001757624
road38_png.rf.8b6e15b041aab397eb10b38728fa1e15.jpg	1	0.131489217	0.116126589	0.108690098	0.226803079	0.001618737
road38_png.rf.8b6e15b041aab397eb10b38728fa1e15.jpg	1	0.198770568	0.188054144	0.210021794	0.375213832	0.001303617
road38_png.rf.8b6e15b041aab397eb10b38728fa1e15.jpg	1	0.09683118	0.229990497	0.189123124	0.458247215	0.00108988
road393_png.rf.4fe43a89433923b9841d1435d98c4aae.jpg	3	0.54692328	0.678377032	0.115406483	0.087903909	0.924435437
road397_png.rf.64b46468e2e241a3cb5dbce555894da3.jpg	3	0.584846973	0.252895415	0.305253029	0.22700645	0.958636045
road400_png.rf.03186a0125d7e8f9ccbad9322201c91a.jpg	3	0.633576989	0.560547829	0.155650511	0.117245309	0.966843545
road402_png.rf.8b57601c39d08578c3fba71d26f6dd1a.jpg	13	0.422753721	0.65934813	0.111841612	0.084952801	0.944514275
road412_png.rf.f3dc3c3dcb2d0a679c190b33c3a3178b.jpg	3	0.579965591	0.509969711	0.084559992	0.067088902	0.977420092
road412_png.rf.f3dc3c3dcb2d0a679c190b33c3a3178b.jpg	1	0.730854809	0.953270853	0.028817398	0.010329687	0.005203766
road412_png.rf.f3dc3c3dcb2d0a679c190b33c3a3178b.jpg	14	0.983941555	0.959105909	0.030084025	0.026049836	0.004862235
road412_png.rf.f3dc3c3dcb2d0a679c190b33c3a3178b.jpg	0	0.216562286	0.993475556	0.073819071	0.012898592	0.003160859
road412_png.rf.f3dc3c3dcb2d0a679c190b33c3a3178b.jpg	14	0.983840406	0.942772806	0.031565446	0.099202305	0.001184629
road420_png.rf.4db7dbd13a7b9c37ddddb7df9adf0834.jpg	13	0.534269333	0.614351392	0.201498628	0.156528071	0.955229759
road421_png.rf.cd6d5f5724ac207f49f64d2ecc32f9f6.jpg	13	0.521895587	0.498024374	0.257280171	0.19946143	0.974037647
road421_png.rf.cd6d5f5724ac207f49f64d2ecc32f9f6.jpg	1	0.996485233	0.70703727	0.007029534	0.084474273	0.001903886
road422_png.rf.9b9d58bbb154a5b030ff2addac608ef8.jpg	13	0.357411027	0.53520751	0.057005115	0.043872174	0.818719625
road422_png.rf.9b9d58bbb154a5b030ff2addac608ef8.jpg	12	0.357441157	0.535025895	0.057245184	0.043928992	0.337166876
road422_png.rf.9b9d58bbb154a5b030ff2addac608ef8.jpg	13	0.044129364	0.661830842	0.037657734	0.024666274	0.100059584
road422_png.rf.9b9d58bbb154a5b030ff2addac608ef8.jpg	3	0.044213567	0.661904991	0.037976246	0.022373788	0.02142643
road422_png.rf.9b9d58bbb154a5b030ff2addac608ef8.jpg	5	0.357401639	0.535678744	0.056247968	0.046977997	0.003280514
road431_png.rf.4cf451707a1af9d139094513881b7654.jpg	13	0.180077761	0.601402938	0.184852749	0.144971445	0.954066634
road431_png.rf.4cf451707a1af9d139094513881b7654.jpg	13	0.141075686	0.603927791	0.262725264	0.144865438	0.00555665
road431_png.rf.4cf451707a1af9d139094513881b7654.jpg	13	0.180672958	0.679148972	0.188199311	0.297040462	0.00157288
road431_png.rf.4cf451707a1af9d139094513881b7654.jpg	13	0.128140613	0.559314251	0.256281227	0.243788511	0.001189873
road439_png.rf.3a8f1ca30bf60d80f05733e8d83212d9.jpg	13	0.25848645	0.791372061	0.167212859	0.130678177	0.966679871
road439_png.rf.3a8f1ca30bf60d80f05733e8d83212d9.jpg	0	0.549527526	0.181786433	0.900945008	0.363281339	0.003627556
road439_png.rf.3a8f1ca30bf60d80f05733e8d83212d9.jpg	0	0.587857187	0.251165986	0.824285686	0.502331972	0.003393039
road439_png.rf.3a8f1ca30bf60d80f05733e8d83212d9.jpg	0	0.618534207	0.403997928	0.762931705	0.807995856	0.002043784
road439_png.rf.3a8f1ca30bf60d80f05733e8d83212d9.jpg	0	0.423246592	0.096432149	0.846493185	0.192864299	0.001212567
road43_png.rf.c576096fc5f0b00379321f94ddffcbc6.jpg	0	0.675577164	0.528577507	0.028234262	0.080336757	0.874604046
road43_png.rf.c576096fc5f0b00379321f94ddffcbc6.jpg	0	0.45953694	0.361278772	0.035039023	0.115458533	0.864502728
road43_png.rf.c576096fc5f0b00379321f94ddffcbc6.jpg	0	0.837463975	0.52885133	0.031361435	0.083282292	0.788032413
road43_png.rf.c576096fc5f0b00379321f94ddffcbc6.jpg	0	0.243037716	0.38372317	0.035320669	0.114526458	0.751057744
road43_png.rf.c576096fc5f0b00379321f94ddffcbc6.jpg	1	0.542083442	0.717235148	0.047546793	0.014266602	0.236671284
road43_png.rf.c576096fc5f0b00379321f94ddffcbc6.jpg	1	0.524164855	0.71793896	0.015360356	0.018061198	0.222635925
road43_png.rf.c576096fc5f0b00379321f94ddffcbc6.jpg	1	0.534224212	0.718126118	0.034306049	0.016553733	0.187111214
road43_png.rf.c576096fc5f0b00379321f94ddffcbc6.jpg	1	0.606964231	0.720750272	0.013302216	0.016782027	0.185552552
road43_png.rf.c576096fc5f0b00379321f94ddffcbc6.jpg	1	0.561333477	0.71789211	0.016854104	0.01575074	0.160151064
road43_png.rf.c576096fc5f0b00379321f94ddffcbc6.jpg	1	0.647034287	0.718820333	0.023170985	0.014745492	0.152072325
road43_png.rf.c576096fc5f0b00379321f94ddffcbc6.jpg	1	0.563794553	0.718469441	0.012036984	0.015447177	0.131484702
road43_png.rf.c576096fc5f0b00379321f94ddffcbc6.jpg	1	0.045439892	0.407068759	0.035788536	0.112503059	0.110532366
road43_png.rf.c576096fc5f0b00379321f94ddffcbc6.jpg	1	0.56410712	0.729690015	0.011359765	0.038356416	0.067100093
road43_png.rf.c576096fc5f0b00379321f94ddffcbc6.jpg	0	0.535980105	0.737801671	0.028450783	0.033655901	0.055920839
road43_png.rf.c576096fc5f0b00379321f94ddffcbc6.jpg	1	0.64155066	0.719323874	0.034997795	0.01577957	0.050704405
road43_png.rf.c576096fc5f0b00379321f94ddffcbc6.jpg	1	0.145349845	0.771699727	0.023557004	0.01664103	0.03763498
road43_png.rf.c576096fc5f0b00379321f94ddffcbc6.jpg	0	0.044704616	0.406926841	0.038378421	0.115248501	0.035282709
road43_png.rf.c576096fc5f0b00379321f94ddffcbc6.jpg	1	0.650449455	0.712444305	0.01708669	0.013210884	0.028909918
road43_png.rf.c576096fc5f0b00379321f94ddffcbc6.jpg	1	0.647890985	0.726116061	0.023248453	0.025087064	0.024951272
road43_png.rf.c576096fc5f0b00379321f94ddffcbc6.jpg	1	0.525242507	0.724996865	0.015883263	0.032820851	0.015076621
road43_png.rf.c576096fc5f0b00379321f94ddffcbc6.jpg	1	0.481805235	0.764640689	0.025736811	0.011883883	0.013014922
road43_png.rf.c576096fc5f0b00379321f94ddffcbc6.jpg	1	0.402096063	0.837739825	0.017755216	0.04655765	0.011256326
road43_png.rf.c576096fc5f0b00379321f94ddffcbc6.jpg	1	0.480362982	0.760118008	0.018423557	0.016658049	0.010678529
road43_png.rf.c576096fc5f0b00379321f94ddffcbc6.jpg	1	0.471262008	0.75934279	0.020403093	0.016644405	0.01061732
road43_png.rf.c576096fc5f0b00379321f94ddffcbc6.jpg	1	0.492172927	0.765692294	0.021968439	0.01074028	0.00904703
road43_png.rf.c576096fc5f0b00379321f94ddffcbc6.jpg	1	0.56485033	0.735268831	0.012262821	0.041280527	0.00858428
road43_png.rf.c576096fc5f0b00379321f94ddffcbc6.jpg	1	0.563961089	0.713507175	0.013754185	0.015060572	0.008005826
road43_png.rf.c576096fc5f0b00379321f94ddffcbc6.jpg	1	0.562065959	0.7340042	0.013923828	0.043944139	0.007602008
road43_png.rf.c576096fc5f0b00379321f94ddffcbc6.jpg	1	0.6029827	0.719899952	0.019773668	0.015614144	0.007324581
road43_png.rf.c576096fc5f0b00379321f94ddffcbc6.jpg	1	0.606870472	0.735552251	0.015199479	0.032729518	0.006599793
road43_png.rf.c576096fc5f0b00379321f94ddffcbc6.jpg	1	0.663951337	0.717871785	0.023379914	0.011171341	0.004956087
road43_png.rf.c576096fc5f0b00379321f94ddffcbc6.jpg	1	0.593334079	0.731278956	0.017439952	0.012642861	0.00478388
road43_png.rf.c576096fc5f0b00379321f94ddffcbc6.jpg	1	0.533967793	0.734974682	0.030351641	0.039315373	0.004559694
road43_png.rf.c576096fc5f0b00379321f94ddffcbc6.jpg	1	0.342431515	0.751106262	0.023122605	0.015282632	0.004524156
road43_png.rf.c576096fc5f0b00379321f94ddffcbc6.jpg	1	0.528992653	0.715623856	0.024868011	0.019660877	0.004041181
road43_png.rf.c576096fc5f0b00379321f94ddffcbc6.jpg	0	0.640887797	0.752389729	0.020390511	0.013089694	0.003963896
road43_png.rf.c576096fc5f0b00379321f94ddffcbc6.jpg	1	0.147203371	0.779085755	0.029287908	0.03121743	0.003900325
road43_png.rf.c576096fc5f0b00379321f94ddffcbc6.jpg	1	0.144659325	0.784828067	0.023360336	0.042191286	0.003767821
road43_png.rf.c576096fc5f0b00379321f94ddffcbc6.jpg	1	0.549597919	0.714316845	0.041265782	0.017071357	0.003615984
road43_png.rf.c576096fc5f0b00379321f94ddffcbc6.jpg	0	0.5904935	0.738755167	0.016405473	0.017379982	0.003574819
road43_png.rf.c576096fc5f0b00379321f94ddffcbc6.jpg	1	0.642167628	0.725498796	0.032508925	0.019361863	0.003166358
road43_png.rf.c576096fc5f0b00379321f94ddffcbc6.jpg	1	0.527257562	0.73686552	0.019232458	0.03165568	0.00311585
road43_png.rf.c576096fc5f0b00379321f94ddffcbc6.jpg	1	0.611586571	0.719237924	0.024309525	0.016903071	0.003062446
road43_png.rf.c576096fc5f0b00379321f94ddffcbc6.jpg	1	0.606889844	0.716866612	0.013996858	0.022184227	0.002881062
road43_png.rf.c576096fc5f0b00379321f94ddffcbc6.jpg	1	0.637141764	0.713386834	0.032583017	0.016261688	0.002872275
road43_png.rf.c576096fc5f0b00379321f94ddffcbc6.jpg	0	0.6439206	0.748356164	0.026921494	0.020730166	0.002567189
road43_png.rf.c576096fc5f0b00379321f94ddffcbc6.jpg	1	0.34055689	0.749387741	0.021605015	0.014885903	0.002357089
road43_png.rf.c576096fc5f0b00379321f94ddffcbc6.jpg	0	0.484239668	0.363921911	0.032260675	0.106927544	0.002115673
road43_png.rf.c576096fc5f0b00379321f94ddffcbc6.jpg	1	0.488586068	0.76084888	0.018805321	0.01433468	0.002111278
road43_png.rf.c576096fc5f0b00379321f94ddffcbc6.jpg	1	0.473349959	0.765092492	0.029536175	0.012391018	0.001870463
road43_png.rf.c576096fc5f0b00379321f94ddffcbc6.jpg	1	0.541882336	0.714361191	0.04290247	0.017586708	0.001818051
road43_png.rf.c576096fc5f0b00379321f94ddffcbc6.jpg	1	0.4656021	0.749149442	0.023778146	0.029630516	0.001436366
road43_png.rf.c576096fc5f0b00379321f94ddffcbc6.jpg	0	0.538604021	0.737319827	0.025467508	0.041256171	0.001232727
road43_png.rf.c576096fc5f0b00379321f94ddffcbc6.jpg	0	0.648254871	0.753388941	0.030777052	0.013459646	0.001089745
road43_png.rf.c576096fc5f0b00379321f94ddffcbc6.jpg	1	0.556613564	0.73697871	0.016853552	0.039150167	0.001054649
road43_png.rf.c576096fc5f0b00379321f94ddffcbc6.jpg	1	0.139995977	0.774822354	0.035480108	0.019849924	0.001021808
road446_png.rf.f38afaa2d572c8426b05a88bdb4a5d3d.jpg	13	0.527466655	0.359588981	0.212306619	0.170814022	0.958271146
road450_png.rf.4066ba8e8ac659692b69cbcf144c575f.jpg	10	0.479394406	0.444827318	0.148599222	0.115252681	0.967237592
road453_png.rf.2ac6332c02e34b01f38bd0daf2dee199.jpg	10	0.450104356	0.47605136	0.274861306	0.22053279	0.95751816
road459_png.rf.90e8843192d53e6f83e48ef5a09736a3.jpg	1	0.41781193	0.877322972	0.135454774	0.245354146	0.935421884
road459_png.rf.90e8843192d53e6f83e48ef5a09736a3.jpg	12	0.481856376	0.441985846	0.212315276	0.168795079	0.930577576
road45_png.rf.de2883de8bdeb35347f7dfbd23b1916c.jpg	1	0.643288732	0.286070734	0.135056421	0.17005004	0.686196923
road45_png.rf.de2883de8bdeb35347f7dfbd23b1916c.jpg	1	0.663822949	0.284229606	0.097010911	0.169758514	0.188425243
road45_png.rf.de2883de8bdeb35347f7dfbd23b1916c.jpg	0	0.657896221	0.284243435	0.10843318	0.168993369	0.021717459
road45_png.rf.de2883de8bdeb35347f7dfbd23b1916c.jpg	0	0.65610081	0.150636747	0.034043167	0.113202147	0.01492207
road45_png.rf.de2883de8bdeb35347f7dfbd23b1916c.jpg	1	0.592162669	0.24680759	0.060050674	0.073127694	0.007958271
road45_png.rf.de2883de8bdeb35347f7dfbd23b1916c.jpg	1	0.380525649	0.01701935	0.213347897	0.033851165	0.005202967
road45_png.rf.de2883de8bdeb35347f7dfbd23b1916c.jpg	0	0.653497159	0.259687871	0.111723833	0.119874388	0.002507012
road45_png.rf.de2883de8bdeb35347f7dfbd23b1916c.jpg	1	0.623250425	0.247556016	0.107392535	0.079094782	0.001152617
road466_png.rf.d57ae6325b53f1b11ebb16fbfefd48e0.jpg	12	0.364396662	0.251046151	0.277498484	0.204476416	0.958839297
road466_png.rf.d57ae6325b53f1b11ebb16fbfefd48e0.jpg	0	0.324808806	0.802018702	0.171094567	0.363918245	0.908003151
road466_png.rf.d57ae6325b53f1b11ebb16fbfefd48e0.jpg	0	0.963514149	0.995902002	0.033655606	0.007923934	0.002182015
road470_png.rf.7670afafae0b681bed4d7bd1ce2f1775.jpg	12	0.324318141	0.543320954	0.1848896	0.144779727	0.964381397
road470_png.rf.7670afafae0b681bed4d7bd1ce2f1775.jpg	0	0.470273465	0.176485673	0.035695482	0.022819042	0.012902072
road470_png.rf.7670afafae0b681bed4d7bd1ce2f1775.jpg	14	0.703653753	0.337972909	0.592692614	0.198622271	0.005867041
road470_png.rf.7670afafae0b681bed4d7bd1ce2f1775.jpg	14	0.824055135	0.341127783	0.351889849	0.193721488	0.004620529
road485_png.rf.27b8f614cd9acbfc022c4c40b8707cbf.jpg	12	0.383635342	0.47356227	0.433004409	0.324314088	0.960227728
road487_png.rf.dc7045b0bb497d4a44959dc9f8466232.jpg	12	0.57464838	0.425127417	0.108423643	0.083262265	0.919133782
road487_png.rf.dc7045b0bb497d4a44959dc9f8466232.jpg	1	0.040607866	0.014284796	0.021706412	0.028263737	0.002223706
road487_png.rf.dc7045b0bb497d4a44959dc9f8466232.jpg	1	0.033108663	0.015410922	0.022485338	0.030693177	0.001551221
road488_png.rf.d96ab5854f2c6a2137b4005752cadeec.jpg	12	0.673238218	0.360112429	0.124986283	0.096557692	0.955130041
road488_png.rf.d96ab5854f2c6a2137b4005752cadeec.jpg	1	0.011879114	0.017451957	0.016072905	0.034313191	0.02152665
road490_png.rf.464f4426af72921b633d86c047b4eb7a.jpg	12	0.532850266	0.370483339	0.157688618	0.12519598	0.964332283
road490_png.rf.464f4426af72921b633d86c047b4eb7a.jpg	1	0.245464519	0.014657799	0.016612567	0.029002853	0.005843727
road490_png.rf.464f4426af72921b633d86c047b4eb7a.jpg	1	0.528077602	0.011556178	0.01539953	0.023112357	0.003485446
road490_png.rf.464f4426af72921b633d86c047b4eb7a.jpg	1	0.257874787	0.01421118	0.023215111	0.028422359	0.002234044
road490_png.rf.464f4426af72921b633d86c047b4eb7a.jpg	1	0.519594193	0.011637161	0.022047043	0.022984479	0.001208614
road491_png.rf.878b3a369b2f57b3edeb679ff3e03c23.jpg	12	0.572744906	0.402730286	0.195225611	0.152605459	0.942989171
road491_png.rf.878b3a369b2f57b3edeb679ff3e03c23.jpg	0	0.284072191	0.795283198	0.018891905	0.036642808	0.036106955
road491_png.rf.878b3a369b2f57b3edeb679ff3e03c23.jpg	0	0.29108268	0.794846475	0.015100187	0.034858558	0.032210521
road491_png.rf.878b3a369b2f57b3edeb679ff3e03c23.jpg	0	0.287830204	0.794677675	0.022989182	0.037819937	0.016180996
road491_png.rf.878b3a369b2f57b3edeb679ff3e03c23.jpg	0	0.280517638	0.79307586	0.026161782	0.032184456	0.003458218
road491_png.rf.878b3a369b2f57b3edeb679ff3e03c23.jpg	12	0.570155144	0.513349116	0.189322889	0.362254709	0.001276255
road506_png.rf.7a13ac3369dd9c4a13997267c82b32a6.jpg	12	0.310935467	0.674597561	0.231723979	0.180013731	0.944071829
road519_png.rf.aa9e93bebe13bca1fd49aa4b08f47354.jpg	12	0.580688357	0.470104128	0.08920835	0.068318956	0.934552968
road51_png.rf.049d6ceefd959818a9f59c81f8d1387a.jpg	0	0.551465333	0.521580517	0.137470439	0.359176219	0.112143785
road51_png.rf.049d6ceefd959818a9f59c81f8d1387a.jpg	0	0.550291955	0.619899988	0.139381811	0.552554965	0.085098632
road51_png.rf.049d6ceefd959818a9f59c81f8d1387a.jpg	0	0.549396873	0.397801489	0.138982192	0.108943395	0.012053716
road51_png.rf.049d6ceefd959818a9f59c81f8d1387a.jpg	1	0.023947801	0.486453474	0.045776062	0.708806932	0.00702022
road51_png.rf.049d6ceefd959818a9f59c81f8d1387a.jpg	0	0.605094135	0.634732187	0.260189027	0.589601636	0.002457086
road51_png.rf.049d6ceefd959818a9f59c81f8d1387a.jpg	1	0.052917495	0.413282186	0.100300491	0.583089828	0.002338386
road51_png.rf.049d6ceefd959818a9f59c81f8d1387a.jpg	8	0.004789581	0.593960524	0.009395445	0.260034502	0.00101826
road520_png.rf.937374420bcb13bddc7b27ad6128d860.jpg	12	0.636254311	0.40917483	0.15452984	0.118246742	0.969386339
road554_png.rf.534262cf45c8f7f6ad9e709bfa74bd81.jpg	8	0.381550848	0.710698247	0.176190093	0.135800734	0.977143645
road554_png.rf.534262cf45c8f7f6ad9e709bfa74bd81.jpg	12	0.977583289	0.996286511	0.044833627	0.007427069	0.004124889
road554_png.rf.534262cf45c8f7f6ad9e709bfa74bd81.jpg	12	0.973991215	0.995676637	0.052017655	0.007936698	0.002492698
road554_png.rf.534262cf45c8f7f6ad9e709bfa74bd81.jpg	1	0.973587215	0.996313989	0.052825708	0.00737205	0.001232813
road573_png.rf.692497fab5c04bfffa1d5f4b2b285213.jpg	8	0.378742218	0.657004237	0.30038628	0.23174268	0.945396066
road574_png.rf.e9300ee48cadd50aff3821e5d303d293.jpg	8	0.490651667	0.662609935	0.390074939	0.302914947	0.963658512
road576_png.rf.f46db39f9f64118df1377c6196897c25.jpg	8	0.256216705	0.332829326	0.125309303	0.091207504	0.947271824
road582_png.rf.930fbae49546d10b46e1f533c4e0a291.jpg	1	0.644818485	0.625931263	0.05317248	0.115204595	0.87234652
road582_png.rf.930fbae49546d10b46e1f533c4e0a291.jpg	1	0.354949236	0.366344362	0.053507037	0.109670423	0.789511263
road582_png.rf.930fbae49546d10b46e1f533c4e0a291.jpg	0	0.879878163	0.588596344	0.082839012	0.176707089	0.001860792
road585_png.rf.9f55a59547b49a85d4b9012e0f24859c.jpg	12	0.502079964	0.319412798	0.137380198	0.104279891	0.956354737
road587_png.rf.a53ec0d32057731c117123acb2f3b4e1.jpg	12	0.453640401	0.516130269	0.069986641	0.053421978	0.881928086
road587_png.rf.a53ec0d32057731c117123acb2f3b4e1.jpg	1	0.122524194	0.674637735	0.016715555	0.017486352	0.029852318
road587_png.rf.a53ec0d32057731c117123acb2f3b4e1.jpg	1	0.03437864	0.643503308	0.014504832	0.015124982	0.028402368
road587_png.rf.a53ec0d32057731c117123acb2f3b4e1.jpg	1	0.027522532	0.64440006	0.020762235	0.014112326	0.005157702
road587_png.rf.a53ec0d32057731c117123acb2f3b4e1.jpg	1	0.0341058	0.647581279	0.013411222	0.026675446	0.004906961
road587_png.rf.a53ec0d32057731c117123acb2f3b4e1.jpg	0	0.44890666	0.630376518	0.016442519	0.042492099	0.002515631
road587_png.rf.a53ec0d32057731c117123acb2f3b4e1.jpg	1	0.118256137	0.673919559	0.025019839	0.015206191	0.001961293
road596_png.rf.11f43967e3d8f54a7c94b5810f527f23.jpg	12	0.505766511	0.387318969	0.108086005	0.086923599	0.927764058
road59_png.rf.f43173a745a9712aebbbc8f919e0fff6.jpg	14	0.694204748	0.501007438	0.47885856	0.62013936	0.945600867
road59_png.rf.f43173a745a9712aebbbc8f919e0fff6.jpg	0	0.181431293	0.005105137	0.061468862	0.010210274	0.019327246
road59_png.rf.f43173a745a9712aebbbc8f919e0fff6.jpg	0	0.169361487	0.004768407	0.059111066	0.009536815	0.012141123
road59_png.rf.f43173a745a9712aebbbc8f919e0fff6.jpg	0	0.164249822	0.0142959	0.031326156	0.024904048	0.003677445
road59_png.rf.f43173a745a9712aebbbc8f919e0fff6.jpg	0	0.182395101	0.007786441	0.064664319	0.015448518	0.003446349
road59_png.rf.f43173a745a9712aebbbc8f919e0fff6.jpg	0	0.180924281	0.011162054	0.051237568	0.022324108	0.003040895
road59_png.rf.f43173a745a9712aebbbc8f919e0fff6.jpg	0	0.174013242	0.012598814	0.042139139	0.024428213	0.002716551
road59_png.rf.f43173a745a9712aebbbc8f919e0fff6.jpg	0	0.153073549	0.004662044	0.06064849	0.009324088	0.001861751
road59_png.rf.f43173a745a9712aebbbc8f919e0fff6.jpg	0	0.223745778	0.007862909	0.152599424	0.015603324	0.001456227
road59_png.rf.f43173a745a9712aebbbc8f919e0fff6.jpg	1	0.231709614	0.009000454	0.149683341	0.018000908	0.001204977
road59_png.rf.f43173a745a9712aebbbc8f919e0fff6.jpg	0	0.227474332	0.006782835	0.121923015	0.013565671	0.001145603
road604_png.rf.78092f95d0c775d7e2b266dee85e6c5d.jpg	12	0.333196908	0.295151234	0.154119119	0.117127426	0.976286411
road613_png.rf.560c13a685d02ca31a65b6b2b172772a.jpg	13	0.563544273	0.516835511	0.09157794	0.067907155	0.596257985
road613_png.rf.560c13a685d02ca31a65b6b2b172772a.jpg	9	0.562725544	0.516571283	0.08774519	0.06853427	0.043673053
road619_png.rf.afe775af026ad763791eed33be445f64.jpg	8	0.528963387	0.434027553	0.173219204	0.135846809	0.935225725
road619_png.rf.afe775af026ad763791eed33be445f64.jpg	8	0.024364471	0.697060704	0.048317563	0.06727615	0.007985682
road619_png.rf.afe775af026ad763791eed33be445f64.jpg	8	0.024458144	0.716409922	0.048447207	0.084878042	0.00269866
road629_png.rf.79a049eae4f765c580544c533220d5f5.jpg	9	0.663919449	0.374799222	0.335550308	0.265032381	0.968301594
road629_png.rf.79a049eae4f765c580544c533220d5f5.jpg	0	0.182478711	0.99023205	0.039648056	0.019535873	0.001771654
road62_png.rf.b3288434b3cf3e2b6d2f057c1f5a0502.jpg	14	0.641717553	0.397899926	0.324726552	0.226782456	0.950384617
road62_png.rf.b3288434b3cf3e2b6d2f057c1f5a0502.jpg	1	0.265521437	0.287053406	0.529186547	0.57392776	0.007361057
road62_png.rf.b3288434b3cf3e2b6d2f057c1f5a0502.jpg	1	0.414126426	0.28297922	0.828252852	0.565183997	0.004931249
road633_png.rf.282d128c502ba602126742a5064cd054.jpg	14	0.394196093	0.317537308	0.131461442	0.101408854	0.952470541
road639_png.rf.74306332af06fee257b44f5dd9ae02fb.jpg	11	0.538497865	0.626490772	0.139261723	0.109611921	0.864914954
road639_png.rf.74306332af06fee257b44f5dd9ae02fb.jpg	9	0.074951865	0.775138438	0.066726282	0.051501278	0.676697135
road639_png.rf.74306332af06fee257b44f5dd9ae02fb.jpg	11	0.337545604	0.50388062	0.65732789	0.936611533	0.003568575
road639_png.rf.74306332af06fee257b44f5dd9ae02fb.jpg	8	0.07543166	0.776049376	0.068949103	0.050174717	0.001583175
road639_png.rf.74306332af06fee257b44f5dd9ae02fb.jpg	9	0.075222924	0.743318021	0.069396071	0.117895864	0.001428364
road639_png.rf.74306332af06fee257b44f5dd9ae02fb.jpg	11	0.219363019	0.453020543	0.436375827	0.816565931	0.001326679
road639_png.rf.74306332af06fee257b44f5dd9ae02fb.jpg	11	0.191519454	0.378236383	0.37687397	0.509579659	0.001150941
road639_png.rf.74306332af06fee257b44f5dd9ae02fb.jpg	11	0.073168859	0.775879681	0.06309247	0.051444862	0.001011961
road640_png.rf.d095777d03f03f86a0b6b1f5b32dfdd5.jpg	11	0.781091273	0.322514921	0.158106729	0.120736495	0.938401461
road640_png.rf.d095777d03f03f86a0b6b1f5b32dfdd5.jpg	9	0.242157325	0.48675254	0.070076615	0.051156964	0.736401677
road640_png.rf.d095777d03f03f86a0b6b1f5b32dfdd5.jpg	11	0.550115466	0.503943205	0.828340411	0.87591815	0.001125488
road64_png.rf.bf315b45291d211d2e01926d50ddfddf.jpg	14	0.542706966	0.479015231	0.791624069	0.877092957	0.952871919
road650_png.rf.b4086d2eec2b5bfe4465ae484a3b762f.jpg	9	0.483748734	0.318140775	0.116294459	0.091508225	0.991695702
road650_png.rf.b4086d2eec2b5bfe4465ae484a3b762f.jpg	0	0.116667978	0.009638195	0.083767511	0.019259095	0.002578018
road650_png.rf.b4086d2eec2b5bfe4465ae484a3b762f.jpg	13	0.902518332	0.462870777	0.025735857	0.028784569	0.002080436
road650_png.rf.b4086d2eec2b5bfe4465ae484a3b762f.jpg	0	0.103353076	0.006999065	0.067364112	0.013998129	0.001015646
road652_png.rf.e82e3cfaed8d2378962fd6c1380f5d02.jpg	8	0.48066619	0.456918508	0.063773118	0.047854241	0.834210992
road652_png.rf.e82e3cfaed8d2378962fd6c1380f5d02.jpg	12	0.287670761	0.473498255	0.047386646	0.036834937	0.312271476
road653_png.rf.a69e562a3dab509d536c1f6d7689c4de.jpg	8	0.572178543	0.573918939	0.068988323	0.056437496	0.877939105
road653_png.rf.a69e562a3dab509d536c1f6d7689c4de.jpg	10	0.335402727	0.593831778	0.054226402	0.041236807	0.543570817
road653_png.rf.a69e562a3dab509d536c1f6d7689c4de.jpg	12	0.335703343	0.593639851	0.051168039	0.041400433	0.12669535
road653_png.rf.a69e562a3dab509d536c1f6d7689c4de.jpg	9	0.334885091	0.593785405	0.051531244	0.041798521	0.123011373
road653_png.rf.a69e562a3dab509d536c1f6d7689c4de.jpg	9	0.115990661	0.005269743	0.031436831	0.010534737	0.007707486
road653_png.rf.a69e562a3dab509d536c1f6d7689c4de.jpg	7	0.333532572	0.546598375	0.053534511	0.041115761	0.006956008
road653_png.rf.a69e562a3dab509d536c1f6d7689c4de.jpg	0	0.847744584	0.005068271	0.096791416	0.010136543	0.005762896
road653_png.rf.a69e562a3dab509d536c1f6d7689c4de.jpg	1	0.967827737	0.004619965	0.063840352	0.00923993	0.004593445
road653_png.rf.a69e562a3dab509d536c1f6d7689c4de.jpg	0	0.96565938	0.004588749	0.066449165	0.009177499	0.002542481
road653_png.rf.a69e562a3dab509d536c1f6d7689c4de.jpg	11	0.333590657	0.546809316	0.053578451	0.04222085	0.002259955
road653_png.rf.a69e562a3dab509d536c1f6d7689c4de.jpg	8	0.123634651	0.005177388	0.03592496	0.010250302	0.001259524
road653_png.rf.a69e562a3dab509d536c1f6d7689c4de.jpg	0	0.846878231	0.011821287	0.08372058	0.023642574	0.001246169
road653_png.rf.a69e562a3dab509d536c1f6d7689c4de.jpg	9	0.091328353	0.004712357	0.023062542	0.009424713	0.00113186
road653_png.rf.a69e562a3dab509d536c1f6d7689c4de.jpg	12	0.45929265	0.974847078	0.335983276	0.04985318	0.001070341
road654_png.rf.dccac1ff09c216df1ecd3c90e1d3923b.jpg	8	0.426020116	0.499261886	0.080187984	0.063568965	0.888936579
road654_png.rf.dccac1ff09c216df1ecd3c90e1d3923b.jpg	10	0.1371575	0.521501541	0.057869941	0.044749811	0.888289988
road654_png.rf.dccac1ff09c216df1ecd3c90e1d3923b.jpg	12	0.135958642	0.521363378	0.057767872	0.045578372	0.128046826
road654_png.rf.dccac1ff09c216df1ecd3c90e1d3923b.jpg	12	0.138952687	0.470108062	0.056276325	0.046888903	0.00179457
road654_png.rf.dccac1ff09c216df1ecd3c90e1d3923b.jpg	7	0.137732416	0.469646752	0.058873702	0.047211245	0.001370293
road655_png.rf.ff15054285f0f0f70cd01a48ab24b450.jpg	8	0.645995259	0.527801156	0.093941659	0.070942111	0.953474522
road655_png.rf.ff15054285f0f0f70cd01a48ab24b450.jpg	10	0.296812505	0.562413812	0.065877572	0.050380819	0.926429212
road655_png.rf.ff15054285f0f0f70cd01a48ab24b450.jpg	9	0.295624644	0.561998963	0.064369917	0.050954159	0.171489626
road655_png.rf.ff15054285f0f0f70cd01a48ab24b450.jpg	12	0.295721024	0.561370313	0.064453311	0.050661676	0.062094763
road655_png.rf.ff15054285f0f0f70cd01a48ab24b450.jpg	0	0.531361878	0.004276876	0.053243823	0.008553752	0.00556245
road655_png.rf.ff15054285f0f0f70cd01a48ab24b450.jpg	0	0.540705621	0.004345387	0.038554121	0.008690774	0.003504955
road655_png.rf.ff15054285f0f0f70cd01a48ab24b450.jpg	0	0.606126249	0.00506981	0.069391109	0.010139621	0.002442694
road655_png.rf.ff15054285f0f0f70cd01a48ab24b450.jpg	0	0.631070256	0.005720481	0.0293629	0.011440963	0.002124808
road655_png.rf.ff15054285f0f0f70cd01a48ab24b450.jpg	1	0.552938282	0.006432415	0.029547509	0.012864829	0.001946061
road655_png.rf.ff15054285f0f0f70cd01a48ab24b450.jpg	1	0.606522679	0.008820116	0.222746491	0.017038412	0.00162381
road655_png.rf.ff15054285f0f0f70cd01a48ab24b450.jpg	1	0.6081236	0.005031671	0.052177835	0.010063342	0.001622942
road655_png.rf.ff15054285f0f0f70cd01a48ab24b450.jpg	1	0.565309465	0.007330908	0.025906198	0.014661816	0.001360774
road655_png.rf.ff15054285f0f0f70cd01a48ab24b450.jpg	1	0.826395929	0.249778315	0.02269092	0.036558188	0.001319758
road65_png.rf.35a17912d8a5df128c238eff97db75eb.jpg	14	0.51928848	0.455864102	0.461126119	0.303269655	0.939290285
road65_png.rf.35a17912d8a5df128c238eff97db75eb.jpg	1	0.207290694	0.156503841	0.116022252	0.061624814	0.002923023
road65_png.rf.35a17912d8a5df128c238eff97db75eb.jpg	14	0.208291069	0.156300426	0.117401809	0.061169252	0.002688613
road661_png.rf.9b3a953ded6512ace828850f97be4472.jpg	8	0.517151952	0.641926229	0.247153953	0.195356369	0.943304002
road661_png.rf.9b3a953ded6512ace828850f97be4472.jpg	0	0.92292273	0.01503162	0.121366873	0.029950147	0.002291327
road661_png.rf.9b3a953ded6512ace828850f97be4472.jpg	12	0.979805171	0.481595337	0.04038965	0.221493259	0.00121038
road666_png.rf.7d914d9d62e7d0fcc23d5bce18bb5d3c.jpg	10	0.554503739	0.692347705	0.358370692	0.288252443	0.947444141
road673_png.rf.4180f0a6afa7416d52c729d8b9305d75.jpg	14	0.332853258	0.448814273	0.062641293	0.053241841	0.649342418
road673_png.rf.4180f0a6afa7416d52c729d8b9305d75.jpg	10	0.178095207	0.520874619	0.022211406	0.02140522	0.011779902
road673_png.rf.4180f0a6afa7416d52c729d8b9305d75.jpg	10	0.377309382	0.521546423	0.013851386	0.017465005	0.009428296
road673_png.rf.4180f0a6afa7416d52c729d8b9305d75.jpg	10	0.433139414	0.537166595	0.016595915	0.014115517	0.007217694
road673_png.rf.4180f0a6afa7416d52c729d8b9305d75.jpg	10	0.314266503	0.544434845	0.016111631	0.025516035	0.003284748
road673_png.rf.4180f0a6afa7416d52c729d8b9305d75.jpg	10	0.417350382	0.537223041	0.015028001	0.016025361	0.002729038
road673_png.rf.4180f0a6afa7416d52c729d8b9305d75.jpg	10	0.431779593	0.523887336	0.017790979	0.01775782	0.002526227
road673_png.rf.4180f0a6afa7416d52c729d8b9305d75.jpg	10	0.376982927	0.532176971	0.016580656	0.021188736	0.002514281
road673_png.rf.4180f0a6afa7416d52c729d8b9305d75.jpg	13	0.482504278	0.542221189	0.014782907	0.019851906	0.001317797
road691_png.rf.3ca3931933e5623e51596577124c3447.jpg	5	0.50285697	0.353164107	0.160224989	0.118486412	0.989005029
road691_png.rf.3ca3931933e5623e51596577124c3447.jpg	3	0.50033915	0.544528961	0.158876061	0.11365997	0.962554574
road692_png.rf.428a4cfb2f374f0acb60ffc5c57e0750.jpg	5	0.446175724	0.332262099	0.22439748	0.170729354	0.955252051
road692_png.rf.428a4cfb2f374f0acb60ffc5c57e0750.jpg	3	0.440281421	0.602530479	0.229167134	0.172368601	0.947339535
road692_png.rf.428a4cfb2f374f0acb60ffc5c57e0750.jpg	5	0.46347335	0.47029981	0.120374277	0.068031497	0.00127508
road701_png.rf.cdb390be5b29eb46e8125d30c802cde0.jpg	3	0.894960165	0.674128473	0.210079864	0.177507773	0.949412704
road701_png.rf.cdb390be5b29eb46e8125d30c802cde0.jpg	5	0.893009961	0.381688714	0.213980168	0.186366364	0.942978561
road701_png.rf.cdb390be5b29eb46e8125d30c802cde0.jpg	5	0.965056539	0.561581612	0.034710519	0.033050943	0.00314819
road701_png.rf.cdb390be5b29eb46e8125d30c802cde0.jpg	5	0.903038144	0.53623569	0.192243725	0.084030338	0.001419428
road701_png.rf.cdb390be5b29eb46e8125d30c802cde0.jpg	5	0.026641198	0.632032096	0.044146415	0.052090902	0.001326846
road708_png.rf.d9bf7da6e0e73af3295909a18a2cabee.jpg	3	0.525929093	0.732216656	0.229938447	0.176720917	0.948724508
road708_png.rf.d9bf7da6e0e73af3295909a18a2cabee.jpg	5	0.524175406	0.442576021	0.236448511	0.185246691	0.898447573
road709_png.rf.4247ab0b03caf6c144ac9d5203850b81.jpg	5	0.48917979	0.50285989	0.076529615	0.058154877	0.994654298
road709_png.rf.4247ab0b03caf6c144ac9d5203850b81.jpg	3	0.485035807	0.593684971	0.07490804	0.056301191	0.907702208
road709_png.rf.4247ab0b03caf6c144ac9d5203850b81.jpg	5	0.801600397	0.592686534	0.105638877	0.077208154	0.109892353
road709_png.rf.4247ab0b03caf6c144ac9d5203850b81.jpg	11	0.801590741	0.592666626	0.105235688	0.078460217	0.016700186
road716_png.rf.b9085b6c292ddd763a6e1481465dd3cd.jpg	5	0.620970964	0.553457141	0.06305027	0.051741969	0.923049867
road716_png.rf.b9085b6c292ddd763a6e1481465dd3cd.jpg	3	0.531896949	0.549122214	0.061446007	0.045681186	0.691571772
road716_png.rf.b9085b6c292ddd763a6e1481465dd3cd.jpg	5	0.532410204	0.549268842	0.06086988	0.045834176	0.102768824
road716_png.rf.b9085b6c292ddd763a6e1481465dd3cd.jpg	5	0.729573786	0.406425059	0.139771029	0.112644129	0.003732461
road720_png.rf.bdc71460f5121259128f84a720780e9e.jpg	8	0.380510479	0.520112813	0.089345828	0.07266672	0.921439767
road720_png.rf.bdc71460f5121259128f84a720780e9e.jpg	13	0.552200258	0.616401374	0.039409161	0.028351197	0.002288518
road743_png.rf.09b77e4a47a21b7c3482c28b37c86ecb.jpg	5	0.27105099	0.377991021	0.090301424	0.071628168	0.934138
road743_png.rf.09b77e4a47a21b7c3482c28b37c86ecb.jpg	3	0.258578867	0.484401494	0.092128038	0.069250658	0.926922798
road747_png.rf.66031af78137deac5c6878292d9ce7db.jpg	3	0.881769121	0.627406597	0.23339507	0.182417184	0.963694513
road747_png.rf.66031af78137deac5c6878292d9ce7db.jpg	5	0.89302814	0.343123108	0.213754877	0.18579112	0.944956243
road760_png.rf.cb25cb1c5c71e6bbf07a9dc3b11915d2.jpg	3	0.487157643	0.357458204	0.202697545	0.15800944	0.950105548
road760_png.rf.cb25cb1c5c71e6bbf07a9dc3b11915d2.jpg	3	0.090336382	0.558055997	0.018036531	0.01878335	0.00799952
road760_png.rf.cb25cb1c5c71e6bbf07a9dc3b11915d2.jpg	3	0.281659991	0.268760264	0.56304431	0.53730458	0.00136098
road770_png.rf.192c2e4a2994c3c1bdfa14f69586392c.jpg	12	0.516701221	0.447833508	0.100773267	0.07721971	0.816687226
road770_png.rf.192c2e4a2994c3c1bdfa14f69586392c.jpg	1	0.700103939	0.457121044	0.018560776	0.027278718	0.253778994
road770_png.rf.192c2e4a2994c3c1bdfa14f69586392c.jpg	1	0.982604146	0.327344149	0.034791727	0.120321207	0.052531119
road770_png.rf.192c2e4a2994c3c1bdfa14f69586392c.jpg	1	0.980446756	0.299209565	0.039106589	0.062913015	0.009828005
road770_png.rf.192c2e4a2994c3c1bdfa14f69586392c.jpg	1	0.98288548	0.369428068	0.034229133	0.207911536	0.007818589
road770_png.rf.192c2e4a2994c3c1bdfa14f69586392c.jpg	1	0.978271067	0.31690827	0.043457985	0.10173519	0.006435352
road770_png.rf.192c2e4a2994c3c1bdfa14f69586392c.jpg	1	0.974593103	0.376809984	0.050590884	0.235327065	0.006432173
road770_png.rf.192c2e4a2994c3c1bdfa14f69586392c.jpg	1	0.968797624	0.285176039	0.062404782	0.034955777	0.00533645
road770_png.rf.192c2e4a2994c3c1bdfa14f69586392c.jpg	1	0.699803591	0.474498332	0.023634179	0.066179752	0.001628231
road770_png.rf.192c2e4a2994c3c1bdfa14f69586392c.jpg	1	0.982334733	0.286445349	0.034525726	0.039123353	0.001528641
road770_png.rf.192c2e4a2994c3c1bdfa14f69586392c.jpg	1	0.950835407	0.345164388	0.038003922	0.160686836	0.00125293
road770_png.rf.192c2e4a2994c3c1bdfa14f69586392c.jpg	1	0.971015692	0.32638827	0.057968728	0.118965156	0.001192961
road773_png.rf.b467561d9bc1abfaa69c770187f44c38.jpg	12	0.646988869	0.495328814	0.060347192	0.050025944	0.903550982
road773_png.rf.b467561d9bc1abfaa69c770187f44c38.jpg	0	0.0575804	0.627240598	0.034579396	0.017107671	0.015723821
road774_png.rf.01952886ddecdd8280c5df688e7f3f0e.jpg	12	0.659491718	0.434585631	0.062604174	0.056433018	0.810026824
road774_png.rf.01952886ddecdd8280c5df688e7f3f0e.jpg	9	0.659245431	0.434648722	0.063552491	0.058267597	0.00630294
road794_png.rf.3569e6160a38765029861dd0a34ebfdd.jpg	13	0.445283979	0.609506905	0.199116603	0.156378165	0.93451184
road794_png.rf.3569e6160a38765029861dd0a34ebfdd.jpg	12	0.085054345	0.944385588	0.043567147	0.040245425	0.277704775
road794_png.rf.3569e6160a38765029861dd0a34ebfdd.jpg	3	0.085202686	0.944166064	0.045610871	0.039506547	0.138175175
road794_png.rf.3569e6160a38765029861dd0a34ebfdd.jpg	1	0.698972285	0.869697034	0.053858761	0.023537049	0.071387112
road794_png.rf.3569e6160a38765029861dd0a34ebfdd.jpg	9	0.084527291	0.94433248	0.044248648	0.040301912	0.046410505
road794_png.rf.3569e6160a38765029861dd0a34ebfdd.jpg	10	0.084073454	0.944385588	0.044254515	0.040903091	0.019627001
road803_png.rf.ec1de6db189d7a63e98b91529236a7d1.jpg	3	0.529470623	0.586633027	0.096856304	0.077789016	0.920315921
road804_png.rf.c07a9b7b679e771fad740f296ee3a8f7.jpg	3	0.654099345	0.491969556	0.125392288	0.095885538	0.958065212
road811_png.rf.e8ae9aefbf35658164ee88a52ed39bd8.jpg	13	0.454214811	0.514073312	0.172904611	0.134487525	0.97520864
road811_png.rf.e8ae9aefbf35658164ee88a52ed39bd8.jpg	12	0.97295469	0.713769436	0.015806565	0.013615975	0.009139881
road811_png.rf.e8ae9aefbf35658164ee88a52ed39bd8.jpg	12	0.975090623	0.712956667	0.017818673	0.014182238	0.002924202
road822_png.rf.b3ba7f5457042a083bad8aac3fe5f819.jpg	14	0.457689196	0.272567928	0.200080365	0.158360347	0.978564501
road822_png.rf.b3ba7f5457042a083bad8aac3fe5f819.jpg	1	0.481111735	0.554858446	0.130360603	0.270756811	0.925119877
road822_png.rf.b3ba7f5457042a083bad8aac3fe5f819.jpg	1	0.373346776	0.607196331	0.094073117	0.182440549	0.030164383
road822_png.rf.b3ba7f5457042a083bad8aac3fe5f819.jpg	8	0.729627371	0.98571378	0.25104484	0.02721596	0.001157267
road836_png.rf.05522d5697471753f15583e9c74d9908.jpg	12	0.586945355	0.386638135	0.196495056	0.151973918	0.982847691
road836_png.rf.05522d5697471753f15583e9c74d9908.jpg	0	0.875902772	0.993192255	0.015997887	0.012726931	0.003689961
road841_png.rf.7ddce1ff42545b101a28f63e6a1e5af7.jpg	12	0.43004331	0.40774259	0.133568764	0.100799382	0.952822566
road841_png.rf.7ddce1ff42545b101a28f63e6a1e5af7.jpg	0	0.00765993	0.946625352	0.014980643	0.027640931	0.00219101
road842_png.rf.eaef28c5ea8a82fe3cfba78634bebf18.jpg	12	0.332568109	0.444365114	0.165630981	0.125646234	0.974132657
road84_png.rf.3c4a24183c70e3af08fc01ae65761c88.jpg	14	0.498037785	0.294863284	0.256601512	0.171986043	0.948156416
road84_png.rf.3c4a24183c70e3af08fc01ae65761c88.jpg	0	0.437579602	0.866126299	0.034393128	0.023413071	0.048285164
road84_png.rf.3c4a24183c70e3af08fc01ae65761c88.jpg	1	0.430182904	0.86613363	0.043984011	0.022632234	0.0131936
road84_png.rf.3c4a24183c70e3af08fc01ae65761c88.jpg	1	0.416824132	0.866769969	0.041149326	0.019139512	0.004968524
road850_png.rf.74fa86d3aaa9d85f0c87bf9bb5ce433e.jpg	12	0.296342015	0.331784844	0.061426017	0.047405686	0.85681659
road850_png.rf.74fa86d3aaa9d85f0c87bf9bb5ce433e.jpg	12	0.297650427	0.297699869	0.06242479	0.117497727	0.003744915
road851_png.rf.30b2392d540fed2bdafd783c8defefb9.jpg	12	0.415120006	0.32079199	0.072378531	0.056850877	0.931855738
road856_png.rf.c56e130a9afef0aa81d3359ce467f4b1.jpg	12	0.508153617	0.231369868	0.145775989	0.112733163	0.974119663
road859_png.rf.f0e4bbd39d237c79817d4ade35676364.jpg	12	0.469159007	0.405970663	0.080654994	0.061267231	0.872311771
road859_png.rf.f0e4bbd39d237c79817d4ade35676364.jpg	12	0.727164268	0.099266626	0.54426527	0.196979016	0.001050301
road85_png.rf.86fab2367257fba23a95cad102a7dd82.jpg	14	0.522127748	0.540216804	0.481991976	0.36167869	0.94907403
road865_png.rf.d20a4a3f4030905929c2739f03eba9b8.jpg	10	0.581271946	0.256116778	0.110301569	0.08584252	0.969880641
road865_png.rf.d20a4a3f4030905929c2739f03eba9b8.jpg	3	0.15930517	0.564814031	0.019600108	0.015964141	0.017790886
road86_png.rf.618acea5b57f584ad3cf0c2ddd8be8b3.jpg	14	0.49886477	0.510179698	0.27012518	0.405933022	0.946359277
road872_png.rf.d95002240567bc0114365d0ba181071f.jpg	8	0.338214219	0.549262822	0.106226176	0.0818922	0.951338828
road872_png.rf.d95002240567bc0114365d0ba181071f.jpg	14	0.762024999	0.670663357	0.041238125	0.029981615	0.145384714
road872_png.rf.d95002240567bc0114365d0ba181071f.jpg	0	0.513519287	0.59179157	0.051103849	0.02428209	0.003254058
road872_png.rf.d95002240567bc0114365d0ba181071f.jpg	0	0.629610658	0.566188991	0.017039593	0.019442009	0.001714976
road876_png.rf.723330bcac2a5e357c0a325590dbff3c.jpg	8	0.47894904	0.366190046	0.222786874	0.169684127	0.927161038
road876_png.rf.723330bcac2a5e357c0a325590dbff3c.jpg	14	0.30310297	0.76327306	0.043845728	0.046079636	0.770885289
road876_png.rf.723330bcac2a5e357c0a325590dbff3c.jpg	10	0.287308186	0.765301168	0.022239393	0.047103882	0.002356789
road876_png.rf.723330bcac2a5e357c0a325590dbff3c.jpg	1	0.400882959	0.800975859	0.021584805	0.083461836	0.001905512
road876_png.rf.723330bcac2a5e357c0a325590dbff3c.jpg	9	0.293556035	0.766360402	0.034695353	0.049105205	0.0012171
road94_png.rf.77920ec51ee4fe99a6fb6f8d99f67954.jpg	14	0.514824033	0.511870921	0.523621857	0.577872634	0.952464044
